nivel_territorial_codigo;nivel_territorial_nome;territorio_codigo;territorio_nome;ano_codigo;ano_nome;variavel_codigo;variavel_nome;unidade;valor
N1;Brasil;1;Brasil;2021;2021;37;Produto Interno Bruto a preços correntes;Mil Reais;9012142000
N3;Unidade da Federação;23;Ceará;2021;2021;37;Produto Interno Bruto a preços correntes;Mil Reais;194884802
N6;Município;2300101;Abaiara - CE;2021;2021;37;Produto Interno Bruto a preços correntes;Mil Reais;117971
N6;Município;2300150;Acarape - CE;2021;2021;37;Produto Interno Bruto a preços correntes;Mil Reais;179994
N6;Município;2300200;Acaraú - CE;2021;2021;37;Produto Interno Bruto a preços correntes;Mil Reais;1020201
N6;Município;2300309;Acopiara - CE;2021;2021;37;Produto Interno Bruto a preços correntes;Mil Reais;564520
N6;Município;2300408;Aiuaba - CE;2021;2021;37;Produto Interno Bruto a preços correntes;Mil Reais;151596
N6;Município;2300507;Alcântaras - CE;2021;2021;37;Produto Interno Bruto a preços correntes;Mil Reais;98202
N6;Município;2300606;Altaneira - CE;2021;2021;37;Produto Interno Bruto a preços correntes;Mil Reais;74654
N6;Município;2300705;Alto Santo - CE;2021;2021;37;Produto Interno Bruto a preços correntes;Mil Reais;232268
N6;Município;2300754;Amontada - CE;2021;2021;37;Produto Interno Bruto a preços correntes;Mil Reais;665472
N6;Município;2300804;Antonina do Norte - CE;2021;2021;37;Produto Interno Bruto a preços correntes;Mil Reais;78953
N6;Município;2300903;Apuiarés - CE;2021;2021;37;Produto Interno Bruto a preços correntes;Mil Reais;120978
N6;Município;2301000;Aquiraz - CE;2021;2021;37;Produto Interno Bruto a preços correntes;Mil Reais;3854401
N6;Município;2301109;Aracati - CE;2021;2021;37;Produto Interno Bruto a preços correntes;Mil Reais;1706227
N6;Município;2301208;Aracoiaba - CE;2021;2021;37;Produto Interno Bruto a preços correntes;Mil Reais;266422
N6;Município;2301257;Ararendá - CE;2021;2021;37;Produto Interno Bruto a preços correntes;Mil Reais;106784
N6;Município;2301307;Araripe - CE;2021;2021;37;Produto Interno Bruto a preços correntes;Mil Reais;207982
N6;Município;2301406;Aratuba - CE;2021;2021;37;Produto Interno Bruto a preços correntes;Mil Reais;151645
N6;Município;2301505;Arneiroz - CE;2021;2021;37;Produto Interno Bruto a preços correntes;Mil Reais;70224
N6;Município;2301604;Assaré - CE;2021;2021;37;Produto Interno Bruto a preços correntes;Mil Reais;237259
N6;Município;2301703;Aurora - CE;2021;2021;37;Produto Interno Bruto a preços correntes;Mil Reais;216792
N6;Município;2301802;Baixio - CE;2021;2021;37;Produto Interno Bruto a preços correntes;Mil Reais;67541
N6;Município;2301851;Banabuiú - CE;2021;2021;37;Produto Interno Bruto a preços correntes;Mil Reais;260031
N6;Município;2301901;Barbalha - CE;2021;2021;37;Produto Interno Bruto a preços correntes;Mil Reais;1345205
N6;Município;2301950;Barreira - CE;2021;2021;37;Produto Interno Bruto a preços correntes;Mil Reais;240016
N6;Município;2302008;Barro - CE;2021;2021;37;Produto Interno Bruto a preços correntes;Mil Reais;242027
N6;Município;2302057;Barroquinha - CE;2021;2021;37;Produto Interno Bruto a preços correntes;Mil Reais;133335
N6;Município;2302107;Baturité - CE;2021;2021;37;Produto Interno Bruto a preços correntes;Mil Reais;448272
N6;Município;2302206;Beberibe - CE;2021;2021;37;Produto Interno Bruto a preços correntes;Mil Reais;1059006
N6;Município;2302305;Bela Cruz - CE;2021;2021;37;Produto Interno Bruto a preços correntes;Mil Reais;322244
N6;Município;2302404;Boa Viagem - CE;2021;2021;37;Produto Interno Bruto a preços correntes;Mil Reais;539218
N6;Município;2302503;Brejo Santo - CE;2021;2021;37;Produto Interno Bruto a preços correntes;Mil Reais;817034
N6;Município;2302602;Camocim - CE;2021;2021;37;Produto Interno Bruto a preços correntes;Mil Reais;839500
N6;Município;2302701;Campos Sales - CE;2021;2021;37;Produto Interno Bruto a preços correntes;Mil Reais;292357
N6;Município;2302800;Canindé - CE;2021;2021;37;Produto Interno Bruto a preços correntes;Mil Reais;911356
N6;Município;2302909;Capistrano - CE;2021;2021;37;Produto Interno Bruto a preços correntes;Mil Reais;176809
N6;Município;2303006;Caridade - CE;2021;2021;37;Produto Interno Bruto a preços correntes;Mil Reais;186169
N6;Município;2303105;Cariré - CE;2021;2021;37;Produto Interno Bruto a preços correntes;Mil Reais;193105
N6;Município;2303204;Caririaçu - CE;2021;2021;37;Produto Interno Bruto a preços correntes;Mil Reais;253127
N6;Município;2303303;Cariús - CE;2021;2021;37;Produto Interno Bruto a preços correntes;Mil Reais;180984
N6;Município;2303402;Carnaubal - CE;2021;2021;37;Produto Interno Bruto a preços correntes;Mil Reais;166772
N6;Município;2303501;Cascavel - CE;2021;2021;37;Produto Interno Bruto a preços correntes;Mil Reais;1074377
N6;Município;2303600;Catarina - CE;2021;2021;37;Produto Interno Bruto a preços correntes;Mil Reais;154108
N6;Município;2303659;Catunda - CE;2021;2021;37;Produto Interno Bruto a preços correntes;Mil Reais;112081
N6;Município;2303709;Caucaia - CE;2021;2021;37;Produto Interno Bruto a preços correntes;Mil Reais;10422701
N6;Município;2303808;Cedro - CE;2021;2021;37;Produto Interno Bruto a preços correntes;Mil Reais;247325
N6;Município;2303907;Chaval - CE;2021;2021;37;Produto Interno Bruto a preços correntes;Mil Reais;110318
N6;Município;2303931;Choró - CE;2021;2021;37;Produto Interno Bruto a preços correntes;Mil Reais;178989
N6;Município;2303956;Chorozinho - CE;2021;2021;37;Produto Interno Bruto a preços correntes;Mil Reais;260273
N6;Município;2304004;Coreaú - CE;2021;2021;37;Produto Interno Bruto a preços correntes;Mil Reais;225090
N6;Município;2304103;Crateús - CE;2021;2021;37;Produto Interno Bruto a preços correntes;Mil Reais;952649
N6;Município;2304202;Crato - CE;2021;2021;37;Produto Interno Bruto a preços correntes;Mil Reais;1871587
N6;Município;2304236;Croatá - CE;2021;2021;37;Produto Interno Bruto a preços correntes;Mil Reais;224437
N6;Município;2304251;Cruz - CE;2021;2021;37;Produto Interno Bruto a preços correntes;Mil Reais;372681
N6;Município;2304269;Deputado Irapuan Pinheiro - CE;2021;2021;37;Produto Interno Bruto a preços correntes;Mil Reais;100883
N6;Município;2304277;Ereré - CE;2021;2021;37;Produto Interno Bruto a preços correntes;Mil Reais;80690
N6;Município;2304285;Eusébio - CE;2021;2021;37;Produto Interno Bruto a preços correntes;Mil Reais;3577497
N6;Município;2304301;Farias Brito - CE;2021;2021;37;Produto Interno Bruto a preços correntes;Mil Reais;202248
N6;Município;2304350;Forquilha - CE;2021;2021;37;Produto Interno Bruto a preços correntes;Mil Reais;304957
N6;Município;2304400;Fortaleza - CE;2021;2021;37;Produto Interno Bruto a preços correntes;Mil Reais;73437739
N6;Município;2304459;Fortim - CE;2021;2021;37;Produto Interno Bruto a preços correntes;Mil Reais;312460
N6;Município;2304509;Frecheirinha - CE;2021;2021;37;Produto Interno Bruto a preços correntes;Mil Reais;275921
N6;Município;2304608;General Sampaio - CE;2021;2021;37;Produto Interno Bruto a preços correntes;Mil Reais;86963
N6;Município;2304657;Graça - CE;2021;2021;37;Produto Interno Bruto a preços correntes;Mil Reais;129711
N6;Município;2304707;Granja - CE;2021;2021;37;Produto Interno Bruto a preços correntes;Mil Reais;469407
N6;Município;2304806;Granjeiro - CE;2021;2021;37;Produto Interno Bruto a preços correntes;Mil Reais;51337
N6;Município;2304905;Groaíras - CE;2021;2021;37;Produto Interno Bruto a preços correntes;Mil Reais;110755
N6;Município;2304954;Guaiúba - CE;2021;2021;37;Produto Interno Bruto a preços correntes;Mil Reais;231993
N6;Município;2305001;Guaraciaba do Norte - CE;2021;2021;37;Produto Interno Bruto a preços correntes;Mil Reais;669209
N6;Município;2305100;Guaramiranga - CE;2021;2021;37;Produto Interno Bruto a preços correntes;Mil Reais;80396
N6;Município;2305209;Hidrolândia - CE;2021;2021;37;Produto Interno Bruto a preços correntes;Mil Reais;185025
N6;Município;2305233;Horizonte - CE;2021;2021;37;Produto Interno Bruto a preços correntes;Mil Reais;2116782
N6;Município;2305266;Ibaretama - CE;2021;2021;37;Produto Interno Bruto a preços correntes;Mil Reais;132265
N6;Município;2305308;Ibiapina - CE;2021;2021;37;Produto Interno Bruto a preços correntes;Mil Reais;348540
N6;Município;2305332;Ibicuitinga - CE;2021;2021;37;Produto Interno Bruto a preços correntes;Mil Reais;124951
N6;Município;2305357;Icapuí - CE;2021;2021;37;Produto Interno Bruto a preços correntes;Mil Reais;411021
N6;Município;2305407;Icó - CE;2021;2021;37;Produto Interno Bruto a preços correntes;Mil Reais;737489
N6;Município;2305506;Iguatu - CE;2021;2021;37;Produto Interno Bruto a preços correntes;Mil Reais;1904815
N6;Município;2305605;Independência - CE;2021;2021;37;Produto Interno Bruto a preços correntes;Mil Reais;306809
N6;Município;2305654;Ipaporanga - CE;2021;2021;37;Produto Interno Bruto a preços correntes;Mil Reais;114127
N6;Município;2305704;Ipaumirim - CE;2021;2021;37;Produto Interno Bruto a preços correntes;Mil Reais;143451
N6;Município;2305803;Ipu - CE;2021;2021;37;Produto Interno Bruto a preços correntes;Mil Reais;519845
N6;Município;2305902;Ipueiras - CE;2021;2021;37;Produto Interno Bruto a preços correntes;Mil Reais;328115
N6;Município;2306009;Iracema - CE;2021;2021;37;Produto Interno Bruto a preços correntes;Mil Reais;195282
N6;Município;2306108;Irauçuba - CE;2021;2021;37;Produto Interno Bruto a preços correntes;Mil Reais;220294
N6;Município;2306207;Itaiçaba - CE;2021;2021;37;Produto Interno Bruto a preços correntes;Mil Reais;82855
N6;Município;2306256;Itaitinga - CE;2021;2021;37;Produto Interno Bruto a preços correntes;Mil Reais;1258826
N6;Município;2306306;Itapajé - CE;2021;2021;37;Produto Interno Bruto a preços correntes;Mil Reais;594581
N6;Município;2306405;Itapipoca - CE;2021;2021;37;Produto Interno Bruto a preços correntes;Mil Reais;1784007
N6;Município;2306504;Itapiúna - CE;2021;2021;37;Produto Interno Bruto a preços correntes;Mil Reais;170314
N6;Município;2306553;Itarema - CE;2021;2021;37;Produto Interno Bruto a preços correntes;Mil Reais;766786
N6;Município;2306603;Itatira - CE;2021;2021;37;Produto Interno Bruto a preços correntes;Mil Reais;174029
N6;Município;2306702;Jaguaretama - CE;2021;2021;37;Produto Interno Bruto a preços correntes;Mil Reais;226644
N6;Município;2306801;Jaguaribara - CE;2021;2021;37;Produto Interno Bruto a preços correntes;Mil Reais;154002
N6;Município;2306900;Jaguaribe - CE;2021;2021;37;Produto Interno Bruto a preços correntes;Mil Reais;561175
N6;Município;2307007;Jaguaruana - CE;2021;2021;37;Produto Interno Bruto a preços correntes;Mil Reais;566961
N6;Município;2307106;Jardim - CE;2021;2021;37;Produto Interno Bruto a preços correntes;Mil Reais;294154
N6;Município;2307205;Jati - CE;2021;2021;37;Produto Interno Bruto a preços correntes;Mil Reais;129729
N6;Município;2307254;Jijoca de Jericoacoara - CE;2021;2021;37;Produto Interno Bruto a preços correntes;Mil Reais;551638
N6;Município;2307304;Juazeiro do Norte - CE;2021;2021;37;Produto Interno Bruto a preços correntes;Mil Reais;5114786
N6;Município;2307403;Jucás - CE;2021;2021;37;Produto Interno Bruto a preços correntes;Mil Reais;319373
N6;Município;2307502;Lavras da Mangabeira - CE;2021;2021;37;Produto Interno Bruto a preços correntes;Mil Reais;343304
N6;Município;2307601;Limoeiro do Norte - CE;2021;2021;37;Produto Interno Bruto a preços correntes;Mil Reais;1423366
N6;Município;2307635;Madalena - CE;2021;2021;37;Produto Interno Bruto a preços correntes;Mil Reais;174831
N6;Município;2307650;Maracanaú - CE;2021;2021;37;Produto Interno Bruto a preços correntes;Mil Reais;12336717
N6;Município;2307700;Maranguape - CE;2021;2021;37;Produto Interno Bruto a preços correntes;Mil Reais;1649528
N6;Município;2307809;Marco - CE;2021;2021;37;Produto Interno Bruto a preços correntes;Mil Reais;390969
N6;Município;2307908;Martinópole - CE;2021;2021;37;Produto Interno Bruto a preços correntes;Mil Reais;96327
N6;Município;2308005;Massapê - CE;2021;2021;37;Produto Interno Bruto a preços correntes;Mil Reais;378718
N6;Município;2308104;Mauriti - CE;2021;2021;37;Produto Interno Bruto a preços correntes;Mil Reais;517496
N6;Município;2308203;Meruoca - CE;2021;2021;37;Produto Interno Bruto a preços correntes;Mil Reais;129293
N6;Município;2308302;Milagres - CE;2021;2021;37;Produto Interno Bruto a preços correntes;Mil Reais;287223
N6;Município;2308351;Milhã - CE;2021;2021;37;Produto Interno Bruto a preços correntes;Mil Reais;195290
N6;Município;2308377;Miraíma - CE;2021;2021;37;Produto Interno Bruto a preços correntes;Mil Reais;112599
N6;Município;2308401;Missão Velha - CE;2021;2021;37;Produto Interno Bruto a preços correntes;Mil Reais;515937
N6;Município;2308500;Mombaça - CE;2021;2021;37;Produto Interno Bruto a preços correntes;Mil Reais;446847
N6;Município;2308609;Monsenhor Tabosa - CE;2021;2021;37;Produto Interno Bruto a preços correntes;Mil Reais;160699
N6;Município;2308708;Morada Nova - CE;2021;2021;37;Produto Interno Bruto a preços correntes;Mil Reais;1276864
N6;Município;2308807;Moraújo - CE;2021;2021;37;Produto Interno Bruto a preços correntes;Mil Reais;75575
N6;Município;2308906;Morrinhos - CE;2021;2021;37;Produto Interno Bruto a preços correntes;Mil Reais;193204
N6;Município;2309003;Mucambo - CE;2021;2021;37;Produto Interno Bruto a preços correntes;Mil Reais;131292
N6;Município;2309102;Mulungu - CE;2021;2021;37;Produto Interno Bruto a preços correntes;Mil Reais;123801
N6;Município;2309201;Nova Olinda - CE;2021;2021;37;Produto Interno Bruto a preços correntes;Mil Reais;163381
N6;Município;2309300;Nova Russas - CE;2021;2021;37;Produto Interno Bruto a preços correntes;Mil Reais;336930
N6;Município;2309409;Novo Oriente - CE;2021;2021;37;Produto Interno Bruto a preços correntes;Mil Reais;283185
N6;Município;2309458;Ocara - CE;2021;2021;37;Produto Interno Bruto a preços correntes;Mil Reais;284836
N6;Município;2309508;Orós - CE;2021;2021;37;Produto Interno Bruto a preços correntes;Mil Reais;218899
N6;Município;2309607;Pacajus - CE;2021;2021;37;Produto Interno Bruto a preços correntes;Mil Reais;1360535
N6;Município;2309706;Pacatuba - CE;2021;2021;37;Produto Interno Bruto a preços correntes;Mil Reais;1235176
N6;Município;2309805;Pacoti - CE;2021;2021;37;Produto Interno Bruto a preços correntes;Mil Reais;148366
N6;Município;2309904;Pacujá - CE;2021;2021;37;Produto Interno Bruto a preços correntes;Mil Reais;59940
N6;Município;2310001;Palhano - CE;2021;2021;37;Produto Interno Bruto a preços correntes;Mil Reais;98773
N6;Município;2310100;Palmácia - CE;2021;2021;37;Produto Interno Bruto a preços correntes;Mil Reais;115124
N6;Município;2310209;Paracuru - CE;2021;2021;37;Produto Interno Bruto a preços correntes;Mil Reais;555931
N6;Município;2310258;Paraipaba - CE;2021;2021;37;Produto Interno Bruto a preços correntes;Mil Reais;535129
N6;Município;2310308;Parambu - CE;2021;2021;37;Produto Interno Bruto a preços correntes;Mil Reais;288689
N6;Município;2310407;Paramoti - CE;2021;2021;37;Produto Interno Bruto a preços correntes;Mil Reais;110908
N6;Município;2310506;Pedra Branca - CE;2021;2021;37;Produto Interno Bruto a preços correntes;Mil Reais;389914
N6;Município;2310605;Penaforte - CE;2021;2021;37;Produto Interno Bruto a preços correntes;Mil Reais;122162
N6;Município;2310704;Pentecoste - CE;2021;2021;37;Produto Interno Bruto a preços correntes;Mil Reais;484760
N6;Município;2310803;Pereiro - CE;2021;2021;37;Produto Interno Bruto a preços correntes;Mil Reais;560571
N6;Município;2310852;Pindoretama - CE;2021;2021;37;Produto Interno Bruto a preços correntes;Mil Reais;274852
N6;Município;2310902;Piquet Carneiro - CE;2021;2021;37;Produto Interno Bruto a preços correntes;Mil Reais;162092
N6;Município;2310951;Pires Ferreira - CE;2021;2021;37;Produto Interno Bruto a preços correntes;Mil Reais;84230
N6;Município;2311009;Poranga - CE;2021;2021;37;Produto Interno Bruto a preços correntes;Mil Reais;109402
N6;Município;2311108;Porteiras - CE;2021;2021;37;Produto Interno Bruto a preços correntes;Mil Reais;186375
N6;Município;2311207;Potengi - CE;2021;2021;37;Produto Interno Bruto a preços correntes;Mil Reais;110570
N6;Município;2311231;Potiretama - CE;2021;2021;37;Produto Interno Bruto a preços correntes;Mil Reais;96816
N6;Município;2311264;Quiterianópolis - CE;2021;2021;37;Produto Interno Bruto a preços correntes;Mil Reais;184720
N6;Município;2311306;Quixadá - CE;2021;2021;37;Produto Interno Bruto a preços correntes;Mil Reais;1109869
N6;Município;2311355;Quixelô - CE;2021;2021;37;Produto Interno Bruto a preços correntes;Mil Reais;198820
N6;Município;2311405;Quixeramobim - CE;2021;2021;37;Produto Interno Bruto a preços correntes;Mil Reais;1402461
N6;Município;2311504;Quixeré - CE;2021;2021;37;Produto Interno Bruto a preços correntes;Mil Reais;637015
N6;Município;2311603;Redenção - CE;2021;2021;37;Produto Interno Bruto a preços correntes;Mil Reais;409867
N6;Município;2311702;Reriutaba - CE;2021;2021;37;Produto Interno Bruto a preços correntes;Mil Reais;190710
N6;Município;2311801;Russas - CE;2021;2021;37;Produto Interno Bruto a preços correntes;Mil Reais;1158523
N6;Município;2311900;Saboeiro - CE;2021;2021;37;Produto Interno Bruto a preços correntes;Mil Reais;169856
N6;Município;2311959;Salitre - CE;2021;2021;37;Produto Interno Bruto a preços correntes;Mil Reais;159284
N6;Município;2312007;Santana do Acaraú - CE;2021;2021;37;Produto Interno Bruto a preços correntes;Mil Reais;280072
N6;Município;2312106;Santana do Cariri - CE;2021;2021;37;Produto Interno Bruto a preços correntes;Mil Reais;159277
N6;Município;2312205;Santa Quitéria - CE;2021;2021;37;Produto Interno Bruto a preços correntes;Mil Reais;633710
N6;Município;2312304;São Benedito - CE;2021;2021;37;Produto Interno Bruto a preços correntes;Mil Reais;627180
N6;Município;2312403;São Gonçalo do Amarante - CE;2021;2021;37;Produto Interno Bruto a preços correntes;Mil Reais;8624987
N6;Município;2312502;São João do Jaguaribe - CE;2021;2021;37;Produto Interno Bruto a preços correntes;Mil Reais;107898
N6;Município;2312601;São Luís do Curu - CE;2021;2021;37;Produto Interno Bruto a preços correntes;Mil Reais;133109
N6;Município;2312700;Senador Pompeu - CE;2021;2021;37;Produto Interno Bruto a preços correntes;Mil Reais;352272
N6;Município;2312809;Senador Sá - CE;2021;2021;37;Produto Interno Bruto a preços correntes;Mil Reais;62766
N6;Município;2312908;Sobral - CE;2021;2021;37;Produto Interno Bruto a preços correntes;Mil Reais;5395130
N6;Município;2313005;Solonópole - CE;2021;2021;37;Produto Interno Bruto a preços correntes;Mil Reais;303284
N6;Município;2313104;Tabuleiro do Norte - CE;2021;2021;37;Produto Interno Bruto a preços correntes;Mil Reais;450593
N6;Município;2313203;Tamboril - CE;2021;2021;37;Produto Interno Bruto a preços correntes;Mil Reais;282247
N6;Município;2313252;Tarrafas - CE;2021;2021;37;Produto Interno Bruto a preços correntes;Mil Reais;85682
N6;Município;2313302;Tauá - CE;2021;2021;37;Produto Interno Bruto a preços correntes;Mil Reais;711836
N6;Município;2313351;Tejuçuoca - CE;2021;2021;37;Produto Interno Bruto a preços correntes;Mil Reais;136988
N6;Município;2313401;Tianguá - CE;2021;2021;37;Produto Interno Bruto a preços correntes;Mil Reais;1732690
N6;Município;2313500;Trairi - CE;2021;2021;37;Produto Interno Bruto a preços correntes;Mil Reais;1115144
N6;Município;2313559;Tururu - CE;2021;2021;37;Produto Interno Bruto a preços correntes;Mil Reais;138079
N6;Município;2313609;Ubajara - CE;2021;2021;37;Produto Interno Bruto a preços correntes;Mil Reais;642046
N6;Município;2313708;Umari - CE;2021;2021;37;Produto Interno Bruto a preços correntes;Mil Reais;69441
N6;Município;2313757;Umirim - CE;2021;2021;37;Produto Interno Bruto a preços correntes;Mil Reais;172797
N6;Município;2313807;Uruburetama - CE;2021;2021;37;Produto Interno Bruto a preços correntes;Mil Reais;299474
N6;Município;2313906;Uruoca - CE;2021;2021;37;Produto Interno Bruto a preços correntes;Mil Reais;298207
N6;Município;2313955;Varjota - CE;2021;2021;37;Produto Interno Bruto a preços correntes;Mil Reais;375819
N6;Município;2314003;Várzea Alegre - CE;2021;2021;37;Produto Interno Bruto a preços correntes;Mil Reais;468101
N6;Município;2314102;Viçosa do Ceará - CE;2021;2021;37;Produto Interno Bruto a preços correntes;Mil Reais;603321
N1;Brasil;1;Brasil;2021;2021;498;Valor adicionado bruto a preços correntes total;Mil Reais;7713999000
N3;Unidade da Federação;23;Ceará;2021;2021;498;Valor adicionado bruto a preços correntes total;Mil Reais;167056891
N6;Município;2300101;Abaiara - CE;2021;2021;498;Valor adicionado bruto a preços correntes total;Mil Reais;112712
N6;Município;2300150;Acarape - CE;2021;2021;498;Valor adicionado bruto a preços correntes total;Mil Reais;168763
N6;Município;2300200;Acaraú - CE;2021;2021;498;Valor adicionado bruto a preços correntes total;Mil Reais;953527
N6;Município;2300309;Acopiara - CE;2021;2021;498;Valor adicionado bruto a preços correntes total;Mil Reais;526631
N6;Município;2300408;Aiuaba - CE;2021;2021;498;Valor adicionado bruto a preços correntes total;Mil Reais;146248
N6;Município;2300507;Alcântaras - CE;2021;2021;498;Valor adicionado bruto a preços correntes total;Mil Reais;94203
N6;Município;2300606;Altaneira - CE;2021;2021;498;Valor adicionado bruto a preços correntes total;Mil Reais;72082
N6;Município;2300705;Alto Santo - CE;2021;2021;498;Valor adicionado bruto a preços correntes total;Mil Reais;221396
N6;Município;2300754;Amontada - CE;2021;2021;498;Valor adicionado bruto a preços correntes total;Mil Reais;626991
N6;Município;2300804;Antonina do Norte - CE;2021;2021;498;Valor adicionado bruto a preços correntes total;Mil Reais;74388
N6;Município;2300903;Apuiarés - CE;2021;2021;498;Valor adicionado bruto a preços correntes total;Mil Reais;114370
N6;Município;2301000;Aquiraz - CE;2021;2021;498;Valor adicionado bruto a preços correntes total;Mil Reais;2851024
N6;Município;2301109;Aracati - CE;2021;2021;498;Valor adicionado bruto a preços correntes total;Mil Reais;1556593
N6;Município;2301208;Aracoiaba - CE;2021;2021;498;Valor adicionado bruto a preços correntes total;Mil Reais;250845
N6;Município;2301257;Ararendá - CE;2021;2021;498;Valor adicionado bruto a preços correntes total;Mil Reais;101963
N6;Município;2301307;Araripe - CE;2021;2021;498;Valor adicionado bruto a preços correntes total;Mil Reais;200319
N6;Município;2301406;Aratuba - CE;2021;2021;498;Valor adicionado bruto a preços correntes total;Mil Reais;146149
N6;Município;2301505;Arneiroz - CE;2021;2021;498;Valor adicionado bruto a preços correntes total;Mil Reais;67145
N6;Município;2301604;Assaré - CE;2021;2021;498;Valor adicionado bruto a preços correntes total;Mil Reais;224824
N6;Município;2301703;Aurora - CE;2021;2021;498;Valor adicionado bruto a preços correntes total;Mil Reais;204272
N6;Município;2301802;Baixio - CE;2021;2021;498;Valor adicionado bruto a preços correntes total;Mil Reais;65606
N6;Município;2301851;Banabuiú - CE;2021;2021;498;Valor adicionado bruto a preços correntes total;Mil Reais;245742
N6;Município;2301901;Barbalha - CE;2021;2021;498;Valor adicionado bruto a preços correntes total;Mil Reais;1217465
N6;Município;2301950;Barreira - CE;2021;2021;498;Valor adicionado bruto a preços correntes total;Mil Reais;226647
N6;Município;2302008;Barro - CE;2021;2021;498;Valor adicionado bruto a preços correntes total;Mil Reais;228368
N6;Município;2302057;Barroquinha - CE;2021;2021;498;Valor adicionado bruto a preços correntes total;Mil Reais;127274
N6;Município;2302107;Baturité - CE;2021;2021;498;Valor adicionado bruto a preços correntes total;Mil Reais;419933
N6;Município;2302206;Beberibe - CE;2021;2021;498;Valor adicionado bruto a preços correntes total;Mil Reais;1014775
N6;Município;2302305;Bela Cruz - CE;2021;2021;498;Valor adicionado bruto a preços correntes total;Mil Reais;307352
N6;Município;2302404;Boa Viagem - CE;2021;2021;498;Valor adicionado bruto a preços correntes total;Mil Reais;502461
N6;Município;2302503;Brejo Santo - CE;2021;2021;498;Valor adicionado bruto a preços correntes total;Mil Reais;747732
N6;Município;2302602;Camocim - CE;2021;2021;498;Valor adicionado bruto a preços correntes total;Mil Reais;788717
N6;Município;2302701;Campos Sales - CE;2021;2021;498;Valor adicionado bruto a preços correntes total;Mil Reais;274766
N6;Município;2302800;Canindé - CE;2021;2021;498;Valor adicionado bruto a preços correntes total;Mil Reais;846383
N6;Município;2302909;Capistrano - CE;2021;2021;498;Valor adicionado bruto a preços correntes total;Mil Reais;167117
N6;Município;2303006;Caridade - CE;2021;2021;498;Valor adicionado bruto a preços correntes total;Mil Reais;172609
N6;Município;2303105;Cariré - CE;2021;2021;498;Valor adicionado bruto a preços correntes total;Mil Reais;184816
N6;Município;2303204;Caririaçu - CE;2021;2021;498;Valor adicionado bruto a preços correntes total;Mil Reais;242479
N6;Município;2303303;Cariús - CE;2021;2021;498;Valor adicionado bruto a preços correntes total;Mil Reais;173220
N6;Município;2303402;Carnaubal - CE;2021;2021;498;Valor adicionado bruto a preços correntes total;Mil Reais;158216
N6;Município;2303501;Cascavel - CE;2021;2021;498;Valor adicionado bruto a preços correntes total;Mil Reais;983022
N6;Município;2303600;Catarina - CE;2021;2021;498;Valor adicionado bruto a preços correntes total;Mil Reais;148458
N6;Município;2303659;Catunda - CE;2021;2021;498;Valor adicionado bruto a preços correntes total;Mil Reais;107923
N6;Município;2303709;Caucaia - CE;2021;2021;498;Valor adicionado bruto a preços correntes total;Mil Reais;8423170
N6;Município;2303808;Cedro - CE;2021;2021;498;Valor adicionado bruto a preços correntes total;Mil Reais;232640
N6;Município;2303907;Chaval - CE;2021;2021;498;Valor adicionado bruto a preços correntes total;Mil Reais;104834
N6;Município;2303931;Choró - CE;2021;2021;498;Valor adicionado bruto a preços correntes total;Mil Reais;167029
N6;Município;2303956;Chorozinho - CE;2021;2021;498;Valor adicionado bruto a preços correntes total;Mil Reais;208605
N6;Município;2304004;Coreaú - CE;2021;2021;498;Valor adicionado bruto a preços correntes total;Mil Reais;212106
N6;Município;2304103;Crateús - CE;2021;2021;498;Valor adicionado bruto a preços correntes total;Mil Reais;888306
N6;Município;2304202;Crato - CE;2021;2021;498;Valor adicionado bruto a preços correntes total;Mil Reais;1679618
N6;Município;2304236;Croatá - CE;2021;2021;498;Valor adicionado bruto a preços correntes total;Mil Reais;216414
N6;Município;2304251;Cruz - CE;2021;2021;498;Valor adicionado bruto a preços correntes total;Mil Reais;339755
N6;Município;2304269;Deputado Irapuan Pinheiro - CE;2021;2021;498;Valor adicionado bruto a preços correntes total;Mil Reais;96852
N6;Município;2304277;Ereré - CE;2021;2021;498;Valor adicionado bruto a preços correntes total;Mil Reais;77991
N6;Município;2304285;Eusébio - CE;2021;2021;498;Valor adicionado bruto a preços correntes total;Mil Reais;2827293
N6;Município;2304301;Farias Brito - CE;2021;2021;498;Valor adicionado bruto a preços correntes total;Mil Reais;193236
N6;Município;2304350;Forquilha - CE;2021;2021;498;Valor adicionado bruto a preços correntes total;Mil Reais;279488
N6;Município;2304400;Fortaleza - CE;2021;2021;498;Valor adicionado bruto a preços correntes total;Mil Reais;60626428
N6;Município;2304459;Fortim - CE;2021;2021;498;Valor adicionado bruto a preços correntes total;Mil Reais;292525
N6;Município;2304509;Frecheirinha - CE;2021;2021;498;Valor adicionado bruto a preços correntes total;Mil Reais;246365
N6;Município;2304608;General Sampaio - CE;2021;2021;498;Valor adicionado bruto a preços correntes total;Mil Reais;79990
N6;Município;2304657;Graça - CE;2021;2021;498;Valor adicionado bruto a preços correntes total;Mil Reais;124796
N6;Município;2304707;Granja - CE;2021;2021;498;Valor adicionado bruto a preços correntes total;Mil Reais;445611
N6;Município;2304806;Granjeiro - CE;2021;2021;498;Valor adicionado bruto a preços correntes total;Mil Reais;49685
N6;Município;2304905;Groaíras - CE;2021;2021;498;Valor adicionado bruto a preços correntes total;Mil Reais;103322
N6;Município;2304954;Guaiúba - CE;2021;2021;498;Valor adicionado bruto a preços correntes total;Mil Reais;220362
N6;Município;2305001;Guaraciaba do Norte - CE;2021;2021;498;Valor adicionado bruto a preços correntes total;Mil Reais;632140
N6;Município;2305100;Guaramiranga - CE;2021;2021;498;Valor adicionado bruto a preços correntes total;Mil Reais;76568
N6;Município;2305209;Hidrolândia - CE;2021;2021;498;Valor adicionado bruto a preços correntes total;Mil Reais;176984
N6;Município;2305233;Horizonte - CE;2021;2021;498;Valor adicionado bruto a preços correntes total;Mil Reais;1764781
N6;Município;2305266;Ibaretama - CE;2021;2021;498;Valor adicionado bruto a preços correntes total;Mil Reais;126040
N6;Município;2305308;Ibiapina - CE;2021;2021;498;Valor adicionado bruto a preços correntes total;Mil Reais;329903
N6;Município;2305332;Ibicuitinga - CE;2021;2021;498;Valor adicionado bruto a preços correntes total;Mil Reais;119407
N6;Município;2305357;Icapuí - CE;2021;2021;498;Valor adicionado bruto a preços correntes total;Mil Reais;380054
N6;Município;2305407;Icó - CE;2021;2021;498;Valor adicionado bruto a preços correntes total;Mil Reais;688844
N6;Município;2305506;Iguatu - CE;2021;2021;498;Valor adicionado bruto a preços correntes total;Mil Reais;1695044
N6;Município;2305605;Independência - CE;2021;2021;498;Valor adicionado bruto a preços correntes total;Mil Reais;295055
N6;Município;2305654;Ipaporanga - CE;2021;2021;498;Valor adicionado bruto a preços correntes total;Mil Reais;109466
N6;Município;2305704;Ipaumirim - CE;2021;2021;498;Valor adicionado bruto a preços correntes total;Mil Reais;133456
N6;Município;2305803;Ipu - CE;2021;2021;498;Valor adicionado bruto a preços correntes total;Mil Reais;487659
N6;Município;2305902;Ipueiras - CE;2021;2021;498;Valor adicionado bruto a preços correntes total;Mil Reais;311463
N6;Município;2306009;Iracema - CE;2021;2021;498;Valor adicionado bruto a preços correntes total;Mil Reais;185665
N6;Município;2306108;Irauçuba - CE;2021;2021;498;Valor adicionado bruto a preços correntes total;Mil Reais;206605
N6;Município;2306207;Itaiçaba - CE;2021;2021;498;Valor adicionado bruto a preços correntes total;Mil Reais;77639
N6;Município;2306256;Itaitinga - CE;2021;2021;498;Valor adicionado bruto a preços correntes total;Mil Reais;1003203
N6;Município;2306306;Itapajé - CE;2021;2021;498;Valor adicionado bruto a preços correntes total;Mil Reais;553560
N6;Município;2306405;Itapipoca - CE;2021;2021;498;Valor adicionado bruto a preços correntes total;Mil Reais;1611988
N6;Município;2306504;Itapiúna - CE;2021;2021;498;Valor adicionado bruto a preços correntes total;Mil Reais;162481
N6;Município;2306553;Itarema - CE;2021;2021;498;Valor adicionado bruto a preços correntes total;Mil Reais;723926
N6;Município;2306603;Itatira - CE;2021;2021;498;Valor adicionado bruto a preços correntes total;Mil Reais;166170
N6;Município;2306702;Jaguaretama - CE;2021;2021;498;Valor adicionado bruto a preços correntes total;Mil Reais;215323
N6;Município;2306801;Jaguaribara - CE;2021;2021;498;Valor adicionado bruto a preços correntes total;Mil Reais;145244
N6;Município;2306900;Jaguaribe - CE;2021;2021;498;Valor adicionado bruto a preços correntes total;Mil Reais;512384
N6;Município;2307007;Jaguaruana - CE;2021;2021;498;Valor adicionado bruto a preços correntes total;Mil Reais;500437
N6;Município;2307106;Jardim - CE;2021;2021;498;Valor adicionado bruto a preços correntes total;Mil Reais;281657
N6;Município;2307205;Jati - CE;2021;2021;498;Valor adicionado bruto a preços correntes total;Mil Reais;115274
N6;Município;2307254;Jijoca de Jericoacoara - CE;2021;2021;498;Valor adicionado bruto a preços correntes total;Mil Reais;504031
N6;Município;2307304;Juazeiro do Norte - CE;2021;2021;498;Valor adicionado bruto a preços correntes total;Mil Reais;4492875
N6;Município;2307403;Jucás - CE;2021;2021;498;Valor adicionado bruto a preços correntes total;Mil Reais;297962
N6;Município;2307502;Lavras da Mangabeira - CE;2021;2021;498;Valor adicionado bruto a preços correntes total;Mil Reais;328423
N6;Município;2307601;Limoeiro do Norte - CE;2021;2021;498;Valor adicionado bruto a preços correntes total;Mil Reais;1254617
N6;Município;2307635;Madalena - CE;2021;2021;498;Valor adicionado bruto a preços correntes total;Mil Reais;165666
N6;Município;2307650;Maracanaú - CE;2021;2021;498;Valor adicionado bruto a preços correntes total;Mil Reais;9676491
N6;Município;2307700;Maranguape - CE;2021;2021;498;Valor adicionado bruto a preços correntes total;Mil Reais;1411529
N6;Município;2307809;Marco - CE;2021;2021;498;Valor adicionado bruto a preços correntes total;Mil Reais;345809
N6;Município;2307908;Martinópole - CE;2021;2021;498;Valor adicionado bruto a preços correntes total;Mil Reais;92290
N6;Município;2308005;Massapê - CE;2021;2021;498;Valor adicionado bruto a preços correntes total;Mil Reais;358131
N6;Município;2308104;Mauriti - CE;2021;2021;498;Valor adicionado bruto a preços correntes total;Mil Reais;490672
N6;Município;2308203;Meruoca - CE;2021;2021;498;Valor adicionado bruto a preços correntes total;Mil Reais;124084
N6;Município;2308302;Milagres - CE;2021;2021;498;Valor adicionado bruto a preços correntes total;Mil Reais;268776
N6;Município;2308351;Milhã - CE;2021;2021;498;Valor adicionado bruto a preços correntes total;Mil Reais;187861
N6;Município;2308377;Miraíma - CE;2021;2021;498;Valor adicionado bruto a preços correntes total;Mil Reais;108812
N6;Município;2308401;Missão Velha - CE;2021;2021;498;Valor adicionado bruto a preços correntes total;Mil Reais;495645
N6;Município;2308500;Mombaça - CE;2021;2021;498;Valor adicionado bruto a preços correntes total;Mil Reais;420311
N6;Município;2308609;Monsenhor Tabosa - CE;2021;2021;498;Valor adicionado bruto a preços correntes total;Mil Reais;151854
N6;Município;2308708;Morada Nova - CE;2021;2021;498;Valor adicionado bruto a preços correntes total;Mil Reais;1156121
N6;Município;2308807;Moraújo - CE;2021;2021;498;Valor adicionado bruto a preços correntes total;Mil Reais;72988
N6;Município;2308906;Morrinhos - CE;2021;2021;498;Valor adicionado bruto a preços correntes total;Mil Reais;180541
N6;Município;2309003;Mucambo - CE;2021;2021;498;Valor adicionado bruto a preços correntes total;Mil Reais;124087
N6;Município;2309102;Mulungu - CE;2021;2021;498;Valor adicionado bruto a preços correntes total;Mil Reais;119560
N6;Município;2309201;Nova Olinda - CE;2021;2021;498;Valor adicionado bruto a preços correntes total;Mil Reais;154268
N6;Município;2309300;Nova Russas - CE;2021;2021;498;Valor adicionado bruto a preços correntes total;Mil Reais;308038
N6;Município;2309409;Novo Oriente - CE;2021;2021;498;Valor adicionado bruto a preços correntes total;Mil Reais;269072
N6;Município;2309458;Ocara - CE;2021;2021;498;Valor adicionado bruto a preços correntes total;Mil Reais;266741
N6;Município;2309508;Orós - CE;2021;2021;498;Valor adicionado bruto a preços correntes total;Mil Reais;207794
N6;Município;2309607;Pacajus - CE;2021;2021;498;Valor adicionado bruto a preços correntes total;Mil Reais;1215700
N6;Município;2309706;Pacatuba - CE;2021;2021;498;Valor adicionado bruto a preços correntes total;Mil Reais;1076595
N6;Município;2309805;Pacoti - CE;2021;2021;498;Valor adicionado bruto a preços correntes total;Mil Reais;142130
N6;Município;2309904;Pacujá - CE;2021;2021;498;Valor adicionado bruto a preços correntes total;Mil Reais;57188
N6;Município;2310001;Palhano - CE;2021;2021;498;Valor adicionado bruto a preços correntes total;Mil Reais;93323
N6;Município;2310100;Palmácia - CE;2021;2021;498;Valor adicionado bruto a preços correntes total;Mil Reais;111443
N6;Município;2310209;Paracuru - CE;2021;2021;498;Valor adicionado bruto a preços correntes total;Mil Reais;517680
N6;Município;2310258;Paraipaba - CE;2021;2021;498;Valor adicionado bruto a preços correntes total;Mil Reais;494438
N6;Município;2310308;Parambu - CE;2021;2021;498;Valor adicionado bruto a preços correntes total;Mil Reais;272534
N6;Município;2310407;Paramoti - CE;2021;2021;498;Valor adicionado bruto a preços correntes total;Mil Reais;106618
N6;Município;2310506;Pedra Branca - CE;2021;2021;498;Valor adicionado bruto a preços correntes total;Mil Reais;369751
N6;Município;2310605;Penaforte - CE;2021;2021;498;Valor adicionado bruto a preços correntes total;Mil Reais;111522
N6;Município;2310704;Pentecoste - CE;2021;2021;498;Valor adicionado bruto a preços correntes total;Mil Reais;451969
N6;Município;2310803;Pereiro - CE;2021;2021;498;Valor adicionado bruto a preços correntes total;Mil Reais;482151
N6;Município;2310852;Pindoretama - CE;2021;2021;498;Valor adicionado bruto a preços correntes total;Mil Reais;253603
N6;Município;2310902;Piquet Carneiro - CE;2021;2021;498;Valor adicionado bruto a preços correntes total;Mil Reais;153954
N6;Município;2310951;Pires Ferreira - CE;2021;2021;498;Valor adicionado bruto a preços correntes total;Mil Reais;81060
N6;Município;2311009;Poranga - CE;2021;2021;498;Valor adicionado bruto a preços correntes total;Mil Reais;104209
N6;Município;2311108;Porteiras - CE;2021;2021;498;Valor adicionado bruto a preços correntes total;Mil Reais;177883
N6;Município;2311207;Potengi - CE;2021;2021;498;Valor adicionado bruto a preços correntes total;Mil Reais;106176
N6;Município;2311231;Potiretama - CE;2021;2021;498;Valor adicionado bruto a preços correntes total;Mil Reais;93089
N6;Município;2311264;Quiterianópolis - CE;2021;2021;498;Valor adicionado bruto a preços correntes total;Mil Reais;174972
N6;Município;2311306;Quixadá - CE;2021;2021;498;Valor adicionado bruto a preços correntes total;Mil Reais;1022198
N6;Município;2311355;Quixelô - CE;2021;2021;498;Valor adicionado bruto a preços correntes total;Mil Reais;189415
N6;Município;2311405;Quixeramobim - CE;2021;2021;498;Valor adicionado bruto a preços correntes total;Mil Reais;1280342
N6;Município;2311504;Quixeré - CE;2021;2021;498;Valor adicionado bruto a preços correntes total;Mil Reais;582117
N6;Município;2311603;Redenção - CE;2021;2021;498;Valor adicionado bruto a preços correntes total;Mil Reais;385964
N6;Município;2311702;Reriutaba - CE;2021;2021;498;Valor adicionado bruto a preços correntes total;Mil Reais;179055
N6;Município;2311801;Russas - CE;2021;2021;498;Valor adicionado bruto a preços correntes total;Mil Reais;1037312
N6;Município;2311900;Saboeiro - CE;2021;2021;498;Valor adicionado bruto a preços correntes total;Mil Reais;164427
N6;Município;2311959;Salitre - CE;2021;2021;498;Valor adicionado bruto a preços correntes total;Mil Reais;153822
N6;Município;2312007;Santana do Acaraú - CE;2021;2021;498;Valor adicionado bruto a preços correntes total;Mil Reais;268439
N6;Município;2312106;Santana do Cariri - CE;2021;2021;498;Valor adicionado bruto a preços correntes total;Mil Reais;153778
N6;Município;2312205;Santa Quitéria - CE;2021;2021;498;Valor adicionado bruto a preços correntes total;Mil Reais;590757
N6;Município;2312304;São Benedito - CE;2021;2021;498;Valor adicionado bruto a preços correntes total;Mil Reais;587754
N6;Município;2312403;São Gonçalo do Amarante - CE;2021;2021;498;Valor adicionado bruto a preços correntes total;Mil Reais;7052934
N6;Município;2312502;São João do Jaguaribe - CE;2021;2021;498;Valor adicionado bruto a preços correntes total;Mil Reais;104071
N6;Município;2312601;São Luís do Curu - CE;2021;2021;498;Valor adicionado bruto a preços correntes total;Mil Reais;123544
N6;Município;2312700;Senador Pompeu - CE;2021;2021;498;Valor adicionado bruto a preços correntes total;Mil Reais;325326
N6;Município;2312809;Senador Sá - CE;2021;2021;498;Valor adicionado bruto a preços correntes total;Mil Reais;60524
N6;Município;2312908;Sobral - CE;2021;2021;498;Valor adicionado bruto a preços correntes total;Mil Reais;4841696
N6;Município;2313005;Solonópole - CE;2021;2021;498;Valor adicionado bruto a preços correntes total;Mil Reais;285045
N6;Município;2313104;Tabuleiro do Norte - CE;2021;2021;498;Valor adicionado bruto a preços correntes total;Mil Reais;412162
N6;Município;2313203;Tamboril - CE;2021;2021;498;Valor adicionado bruto a preços correntes total;Mil Reais;271489
N6;Município;2313252;Tarrafas - CE;2021;2021;498;Valor adicionado bruto a preços correntes total;Mil Reais;82896
N6;Município;2313302;Tauá - CE;2021;2021;498;Valor adicionado bruto a preços correntes total;Mil Reais;657114
N6;Município;2313351;Tejuçuoca - CE;2021;2021;498;Valor adicionado bruto a preços correntes total;Mil Reais;131361
N6;Município;2313401;Tianguá - CE;2021;2021;498;Valor adicionado bruto a preços correntes total;Mil Reais;1526446
N6;Município;2313500;Trairi - CE;2021;2021;498;Valor adicionado bruto a preços correntes total;Mil Reais;1039052
N6;Município;2313559;Tururu - CE;2021;2021;498;Valor adicionado bruto a preços correntes total;Mil Reais;133136
N6;Município;2313609;Ubajara - CE;2021;2021;498;Valor adicionado bruto a preços correntes total;Mil Reais;599428
N6;Município;2313708;Umari - CE;2021;2021;498;Valor adicionado bruto a preços correntes total;Mil Reais;67276
N6;Município;2313757;Umirim - CE;2021;2021;498;Valor adicionado bruto a preços correntes total;Mil Reais;160898
N6;Município;2313807;Uruburetama - CE;2021;2021;498;Valor adicionado bruto a preços correntes total;Mil Reais;284098
N6;Município;2313906;Uruoca - CE;2021;2021;498;Valor adicionado bruto a preços correntes total;Mil Reais;284711
N6;Município;2313955;Varjota - CE;2021;2021;498;Valor adicionado bruto a preços correntes total;Mil Reais;357890
N6;Município;2314003;Várzea Alegre - CE;2021;2021;498;Valor adicionado bruto a preços correntes total;Mil Reais;433583
N6;Município;2314102;Viçosa do Ceará - CE;2021;2021;498;Valor adicionado bruto a preços correntes total;Mil Reais;553430
N1;Brasil;1;Brasil;2021;2021;513;Valor adicionado bruto a preços correntes da agropecuária;Mil Reais;591085000
N3;Unidade da Federação;23;Ceará;2021;2021;513;Valor adicionado bruto a preços correntes da agropecuária;Mil Reais;10410352
N6;Município;2300101;Abaiara - CE;2021;2021;513;Valor adicionado bruto a preços correntes da agropecuária;Mil Reais;23663
N6;Município;2300150;Acarape - CE;2021;2021;513;Valor adicionado bruto a preços correntes da agropecuária;Mil Reais;9312
N6;Município;2300200;Acaraú - CE;2021;2021;513;Valor adicionado bruto a preços correntes da agropecuária;Mil Reais;133170
N6;Município;2300309;Acopiara - CE;2021;2021;513;Valor adicionado bruto a preços correntes da agropecuária;Mil Reais;145254
N6;Município;2300408;Aiuaba - CE;2021;2021;513;Valor adicionado bruto a preços correntes da agropecuária;Mil Reais;34133
N6;Município;2300507;Alcântaras - CE;2021;2021;513;Valor adicionado bruto a preços correntes da agropecuária;Mil Reais;8402
N6;Município;2300606;Altaneira - CE;2021;2021;513;Valor adicionado bruto a preços correntes da agropecuária;Mil Reais;9574
N6;Município;2300705;Alto Santo - CE;2021;2021;513;Valor adicionado bruto a preços correntes da agropecuária;Mil Reais;72845
N6;Município;2300754;Amontada - CE;2021;2021;513;Valor adicionado bruto a preços correntes da agropecuária;Mil Reais;54293
N6;Município;2300804;Antonina do Norte - CE;2021;2021;513;Valor adicionado bruto a preços correntes da agropecuária;Mil Reais;5681
N6;Município;2300903;Apuiarés - CE;2021;2021;513;Valor adicionado bruto a preços correntes da agropecuária;Mil Reais;11491
N6;Município;2301000;Aquiraz - CE;2021;2021;513;Valor adicionado bruto a preços correntes da agropecuária;Mil Reais;94738
N6;Município;2301109;Aracati - CE;2021;2021;513;Valor adicionado bruto a preços correntes da agropecuária;Mil Reais;130621
N6;Município;2301208;Aracoiaba - CE;2021;2021;513;Valor adicionado bruto a preços correntes da agropecuária;Mil Reais;42995
N6;Município;2301257;Ararendá - CE;2021;2021;513;Valor adicionado bruto a preços correntes da agropecuária;Mil Reais;13293
N6;Município;2301307;Araripe - CE;2021;2021;513;Valor adicionado bruto a preços correntes da agropecuária;Mil Reais;36361
N6;Município;2301406;Aratuba - CE;2021;2021;513;Valor adicionado bruto a preços correntes da agropecuária;Mil Reais;51354
N6;Município;2301505;Arneiroz - CE;2021;2021;513;Valor adicionado bruto a preços correntes da agropecuária;Mil Reais;14423
N6;Município;2301604;Assaré - CE;2021;2021;513;Valor adicionado bruto a preços correntes da agropecuária;Mil Reais;44520
N6;Município;2301703;Aurora - CE;2021;2021;513;Valor adicionado bruto a preços correntes da agropecuária;Mil Reais;31833
N6;Município;2301802;Baixio - CE;2021;2021;513;Valor adicionado bruto a preços correntes da agropecuária;Mil Reais;14267
N6;Município;2301851;Banabuiú - CE;2021;2021;513;Valor adicionado bruto a preços correntes da agropecuária;Mil Reais;52282
N6;Município;2301901;Barbalha - CE;2021;2021;513;Valor adicionado bruto a preços correntes da agropecuária;Mil Reais;143307
N6;Município;2301950;Barreira - CE;2021;2021;513;Valor adicionado bruto a preços correntes da agropecuária;Mil Reais;35044
N6;Município;2302008;Barro - CE;2021;2021;513;Valor adicionado bruto a preços correntes da agropecuária;Mil Reais;44071
N6;Município;2302057;Barroquinha - CE;2021;2021;513;Valor adicionado bruto a preços correntes da agropecuária;Mil Reais;13203
N6;Município;2302107;Baturité - CE;2021;2021;513;Valor adicionado bruto a preços correntes da agropecuária;Mil Reais;36852
N6;Município;2302206;Beberibe - CE;2021;2021;513;Valor adicionado bruto a preços correntes da agropecuária;Mil Reais;370244
N6;Município;2302305;Bela Cruz - CE;2021;2021;513;Valor adicionado bruto a preços correntes da agropecuária;Mil Reais;65661
N6;Município;2302404;Boa Viagem - CE;2021;2021;513;Valor adicionado bruto a preços correntes da agropecuária;Mil Reais;61799
N6;Município;2302503;Brejo Santo - CE;2021;2021;513;Valor adicionado bruto a preços correntes da agropecuária;Mil Reais;83140
N6;Município;2302602;Camocim - CE;2021;2021;513;Valor adicionado bruto a preços correntes da agropecuária;Mil Reais;96180
N6;Município;2302701;Campos Sales - CE;2021;2021;513;Valor adicionado bruto a preços correntes da agropecuária;Mil Reais;38765
N6;Município;2302800;Canindé - CE;2021;2021;513;Valor adicionado bruto a preços correntes da agropecuária;Mil Reais;60721
N6;Município;2302909;Capistrano - CE;2021;2021;513;Valor adicionado bruto a preços correntes da agropecuária;Mil Reais;26508
N6;Município;2303006;Caridade - CE;2021;2021;513;Valor adicionado bruto a preços correntes da agropecuária;Mil Reais;20721
N6;Município;2303105;Cariré - CE;2021;2021;513;Valor adicionado bruto a preços correntes da agropecuária;Mil Reais;54357
N6;Município;2303204;Caririaçu - CE;2021;2021;513;Valor adicionado bruto a preços correntes da agropecuária;Mil Reais;46161
N6;Município;2303303;Cariús - CE;2021;2021;513;Valor adicionado bruto a preços correntes da agropecuária;Mil Reais;51365
N6;Município;2303402;Carnaubal - CE;2021;2021;513;Valor adicionado bruto a preços correntes da agropecuária;Mil Reais;17685
N6;Município;2303501;Cascavel - CE;2021;2021;513;Valor adicionado bruto a preços correntes da agropecuária;Mil Reais;127386
N6;Município;2303600;Catarina - CE;2021;2021;513;Valor adicionado bruto a preços correntes da agropecuária;Mil Reais;24702
N6;Município;2303659;Catunda - CE;2021;2021;513;Valor adicionado bruto a preços correntes da agropecuária;Mil Reais;16349
N6;Município;2303709;Caucaia - CE;2021;2021;513;Valor adicionado bruto a preços correntes da agropecuária;Mil Reais;64801
N6;Município;2303808;Cedro - CE;2021;2021;513;Valor adicionado bruto a preços correntes da agropecuária;Mil Reais;40875
N6;Município;2303907;Chaval - CE;2021;2021;513;Valor adicionado bruto a preços correntes da agropecuária;Mil Reais;5685
N6;Município;2303931;Choró - CE;2021;2021;513;Valor adicionado bruto a preços correntes da agropecuária;Mil Reais;13500
N6;Município;2303956;Chorozinho - CE;2021;2021;513;Valor adicionado bruto a preços correntes da agropecuária;Mil Reais;18176
N6;Município;2304004;Coreaú - CE;2021;2021;513;Valor adicionado bruto a preços correntes da agropecuária;Mil Reais;25966
N6;Município;2304103;Crateús - CE;2021;2021;513;Valor adicionado bruto a preços correntes da agropecuária;Mil Reais;92298
N6;Município;2304202;Crato - CE;2021;2021;513;Valor adicionado bruto a preços correntes da agropecuária;Mil Reais;66634
N6;Município;2304236;Croatá - CE;2021;2021;513;Valor adicionado bruto a preços correntes da agropecuária;Mil Reais;75084
N6;Município;2304251;Cruz - CE;2021;2021;513;Valor adicionado bruto a preços correntes da agropecuária;Mil Reais;26657
N6;Município;2304269;Deputado Irapuan Pinheiro - CE;2021;2021;513;Valor adicionado bruto a preços correntes da agropecuária;Mil Reais;23492
N6;Município;2304277;Ereré - CE;2021;2021;513;Valor adicionado bruto a preços correntes da agropecuária;Mil Reais;20726
N6;Município;2304285;Eusébio - CE;2021;2021;513;Valor adicionado bruto a preços correntes da agropecuária;Mil Reais;24767
N6;Município;2304301;Farias Brito - CE;2021;2021;513;Valor adicionado bruto a preços correntes da agropecuária;Mil Reais;46355
N6;Município;2304350;Forquilha - CE;2021;2021;513;Valor adicionado bruto a preços correntes da agropecuária;Mil Reais;26869
N6;Município;2304400;Fortaleza - CE;2021;2021;513;Valor adicionado bruto a preços correntes da agropecuária;Mil Reais;107143
N6;Município;2304459;Fortim - CE;2021;2021;513;Valor adicionado bruto a preços correntes da agropecuária;Mil Reais;26665
N6;Município;2304509;Frecheirinha - CE;2021;2021;513;Valor adicionado bruto a preços correntes da agropecuária;Mil Reais;11323
N6;Município;2304608;General Sampaio - CE;2021;2021;513;Valor adicionado bruto a preços correntes da agropecuária;Mil Reais;8641
N6;Município;2304657;Graça - CE;2021;2021;513;Valor adicionado bruto a preços correntes da agropecuária;Mil Reais;13642
N6;Município;2304707;Granja - CE;2021;2021;513;Valor adicionado bruto a preços correntes da agropecuária;Mil Reais;64860
N6;Município;2304806;Granjeiro - CE;2021;2021;513;Valor adicionado bruto a preços correntes da agropecuária;Mil Reais;10225
N6;Município;2304905;Groaíras - CE;2021;2021;513;Valor adicionado bruto a preços correntes da agropecuária;Mil Reais;10043
N6;Município;2304954;Guaiúba - CE;2021;2021;513;Valor adicionado bruto a preços correntes da agropecuária;Mil Reais;23415
N6;Município;2305001;Guaraciaba do Norte - CE;2021;2021;513;Valor adicionado bruto a preços correntes da agropecuária;Mil Reais;252867
N6;Município;2305100;Guaramiranga - CE;2021;2021;513;Valor adicionado bruto a preços correntes da agropecuária;Mil Reais;9979
N6;Município;2305209;Hidrolândia - CE;2021;2021;513;Valor adicionado bruto a preços correntes da agropecuária;Mil Reais;32788
N6;Município;2305233;Horizonte - CE;2021;2021;513;Valor adicionado bruto a preços correntes da agropecuária;Mil Reais;103735
N6;Município;2305266;Ibaretama - CE;2021;2021;513;Valor adicionado bruto a preços correntes da agropecuária;Mil Reais;21880
N6;Município;2305308;Ibiapina - CE;2021;2021;513;Valor adicionado bruto a preços correntes da agropecuária;Mil Reais;94854
N6;Município;2305332;Ibicuitinga - CE;2021;2021;513;Valor adicionado bruto a preços correntes da agropecuária;Mil Reais;19062
N6;Município;2305357;Icapuí - CE;2021;2021;513;Valor adicionado bruto a preços correntes da agropecuária;Mil Reais;52514
N6;Município;2305407;Icó - CE;2021;2021;513;Valor adicionado bruto a preços correntes da agropecuária;Mil Reais;110148
N6;Município;2305506;Iguatu - CE;2021;2021;513;Valor adicionado bruto a preços correntes da agropecuária;Mil Reais;225091
N6;Município;2305605;Independência - CE;2021;2021;513;Valor adicionado bruto a preços correntes da agropecuária;Mil Reais;113623
N6;Município;2305654;Ipaporanga - CE;2021;2021;513;Valor adicionado bruto a preços correntes da agropecuária;Mil Reais;26432
N6;Município;2305704;Ipaumirim - CE;2021;2021;513;Valor adicionado bruto a preços correntes da agropecuária;Mil Reais;24282
N6;Município;2305803;Ipu - CE;2021;2021;513;Valor adicionado bruto a preços correntes da agropecuária;Mil Reais;113185
N6;Município;2305902;Ipueiras - CE;2021;2021;513;Valor adicionado bruto a preços correntes da agropecuária;Mil Reais;34647
N6;Município;2306009;Iracema - CE;2021;2021;513;Valor adicionado bruto a preços correntes da agropecuária;Mil Reais;45057
N6;Município;2306108;Irauçuba - CE;2021;2021;513;Valor adicionado bruto a preços correntes da agropecuária;Mil Reais;21074
N6;Município;2306207;Itaiçaba - CE;2021;2021;513;Valor adicionado bruto a preços correntes da agropecuária;Mil Reais;9883
N6;Município;2306256;Itaitinga - CE;2021;2021;513;Valor adicionado bruto a preços correntes da agropecuária;Mil Reais;7208
N6;Município;2306306;Itapajé - CE;2021;2021;513;Valor adicionado bruto a preços correntes da agropecuária;Mil Reais;62630
N6;Município;2306405;Itapipoca - CE;2021;2021;513;Valor adicionado bruto a preços correntes da agropecuária;Mil Reais;99881
N6;Município;2306504;Itapiúna - CE;2021;2021;513;Valor adicionado bruto a preços correntes da agropecuária;Mil Reais;19789
N6;Município;2306553;Itarema - CE;2021;2021;513;Valor adicionado bruto a preços correntes da agropecuária;Mil Reais;77678
N6;Município;2306603;Itatira - CE;2021;2021;513;Valor adicionado bruto a preços correntes da agropecuária;Mil Reais;19478
N6;Município;2306702;Jaguaretama - CE;2021;2021;513;Valor adicionado bruto a preços correntes da agropecuária;Mil Reais;70782
N6;Município;2306801;Jaguaribara - CE;2021;2021;513;Valor adicionado bruto a preços correntes da agropecuária;Mil Reais;31063
N6;Município;2306900;Jaguaribe - CE;2021;2021;513;Valor adicionado bruto a preços correntes da agropecuária;Mil Reais;89542
N6;Município;2307007;Jaguaruana - CE;2021;2021;513;Valor adicionado bruto a preços correntes da agropecuária;Mil Reais;86794
N6;Município;2307106;Jardim - CE;2021;2021;513;Valor adicionado bruto a preços correntes da agropecuária;Mil Reais;67180
N6;Município;2307205;Jati - CE;2021;2021;513;Valor adicionado bruto a preços correntes da agropecuária;Mil Reais;16466
N6;Município;2307254;Jijoca de Jericoacoara - CE;2021;2021;513;Valor adicionado bruto a preços correntes da agropecuária;Mil Reais;9075
N6;Município;2307304;Juazeiro do Norte - CE;2021;2021;513;Valor adicionado bruto a preços correntes da agropecuária;Mil Reais;31925
N6;Município;2307403;Jucás - CE;2021;2021;513;Valor adicionado bruto a preços correntes da agropecuária;Mil Reais;54654
N6;Município;2307502;Lavras da Mangabeira - CE;2021;2021;513;Valor adicionado bruto a preços correntes da agropecuária;Mil Reais;89546
N6;Município;2307601;Limoeiro do Norte - CE;2021;2021;513;Valor adicionado bruto a preços correntes da agropecuária;Mil Reais;329454
N6;Município;2307635;Madalena - CE;2021;2021;513;Valor adicionado bruto a preços correntes da agropecuária;Mil Reais;21177
N6;Município;2307650;Maracanaú - CE;2021;2021;513;Valor adicionado bruto a preços correntes da agropecuária;Mil Reais;19854
N6;Município;2307700;Maranguape - CE;2021;2021;513;Valor adicionado bruto a preços correntes da agropecuária;Mil Reais;64265
N6;Município;2307809;Marco - CE;2021;2021;513;Valor adicionado bruto a preços correntes da agropecuária;Mil Reais;25369
N6;Município;2307908;Martinópole - CE;2021;2021;513;Valor adicionado bruto a preços correntes da agropecuária;Mil Reais;7437
N6;Município;2308005;Massapê - CE;2021;2021;513;Valor adicionado bruto a preços correntes da agropecuária;Mil Reais;27082
N6;Município;2308104;Mauriti - CE;2021;2021;513;Valor adicionado bruto a preços correntes da agropecuária;Mil Reais;128284
N6;Município;2308203;Meruoca - CE;2021;2021;513;Valor adicionado bruto a preços correntes da agropecuária;Mil Reais;8694
N6;Município;2308302;Milagres - CE;2021;2021;513;Valor adicionado bruto a preços correntes da agropecuária;Mil Reais;34876
N6;Município;2308351;Milhã - CE;2021;2021;513;Valor adicionado bruto a preços correntes da agropecuária;Mil Reais;80564
N6;Município;2308377;Miraíma - CE;2021;2021;513;Valor adicionado bruto a preços correntes da agropecuária;Mil Reais;14084
N6;Município;2308401;Missão Velha - CE;2021;2021;513;Valor adicionado bruto a preços correntes da agropecuária;Mil Reais;198476
N6;Município;2308500;Mombaça - CE;2021;2021;513;Valor adicionado bruto a preços correntes da agropecuária;Mil Reais;74484
N6;Município;2308609;Monsenhor Tabosa - CE;2021;2021;513;Valor adicionado bruto a preços correntes da agropecuária;Mil Reais;20111
N6;Município;2308708;Morada Nova - CE;2021;2021;513;Valor adicionado bruto a preços correntes da agropecuária;Mil Reais;205851
N6;Município;2308807;Moraújo - CE;2021;2021;513;Valor adicionado bruto a preços correntes da agropecuária;Mil Reais;13677
N6;Município;2308906;Morrinhos - CE;2021;2021;513;Valor adicionado bruto a preços correntes da agropecuária;Mil Reais;14053
N6;Município;2309003;Mucambo - CE;2021;2021;513;Valor adicionado bruto a preços correntes da agropecuária;Mil Reais;10837
N6;Município;2309102;Mulungu - CE;2021;2021;513;Valor adicionado bruto a preços correntes da agropecuária;Mil Reais;31128
N6;Município;2309201;Nova Olinda - CE;2021;2021;513;Valor adicionado bruto a preços correntes da agropecuária;Mil Reais;16968
N6;Município;2309300;Nova Russas - CE;2021;2021;513;Valor adicionado bruto a preços correntes da agropecuária;Mil Reais;15980
N6;Município;2309409;Novo Oriente - CE;2021;2021;513;Valor adicionado bruto a preços correntes da agropecuária;Mil Reais;44097
N6;Município;2309458;Ocara - CE;2021;2021;513;Valor adicionado bruto a preços correntes da agropecuária;Mil Reais;48855
N6;Município;2309508;Orós - CE;2021;2021;513;Valor adicionado bruto a preços correntes da agropecuária;Mil Reais;33614
N6;Município;2309607;Pacajus - CE;2021;2021;513;Valor adicionado bruto a preços correntes da agropecuária;Mil Reais;47299
N6;Município;2309706;Pacatuba - CE;2021;2021;513;Valor adicionado bruto a preços correntes da agropecuária;Mil Reais;27969
N6;Município;2309805;Pacoti - CE;2021;2021;513;Valor adicionado bruto a preços correntes da agropecuária;Mil Reais;45198
N6;Município;2309904;Pacujá - CE;2021;2021;513;Valor adicionado bruto a preços correntes da agropecuária;Mil Reais;4262
N6;Município;2310001;Palhano - CE;2021;2021;513;Valor adicionado bruto a preços correntes da agropecuária;Mil Reais;17809
N6;Município;2310100;Palmácia - CE;2021;2021;513;Valor adicionado bruto a preços correntes da agropecuária;Mil Reais;28075
N6;Município;2310209;Paracuru - CE;2021;2021;513;Valor adicionado bruto a preços correntes da agropecuária;Mil Reais;49258
N6;Município;2310258;Paraipaba - CE;2021;2021;513;Valor adicionado bruto a preços correntes da agropecuária;Mil Reais;126270
N6;Município;2310308;Parambu - CE;2021;2021;513;Valor adicionado bruto a preços correntes da agropecuária;Mil Reais;47932
N6;Município;2310407;Paramoti - CE;2021;2021;513;Valor adicionado bruto a preços correntes da agropecuária;Mil Reais;18704
N6;Município;2310506;Pedra Branca - CE;2021;2021;513;Valor adicionado bruto a preços correntes da agropecuária;Mil Reais;40783
N6;Município;2310605;Penaforte - CE;2021;2021;513;Valor adicionado bruto a preços correntes da agropecuária;Mil Reais;13898
N6;Município;2310704;Pentecoste - CE;2021;2021;513;Valor adicionado bruto a preços correntes da agropecuária;Mil Reais;59071
N6;Município;2310803;Pereiro - CE;2021;2021;513;Valor adicionado bruto a preços correntes da agropecuária;Mil Reais;34847
N6;Município;2310852;Pindoretama - CE;2021;2021;513;Valor adicionado bruto a preços correntes da agropecuária;Mil Reais;26560
N6;Município;2310902;Piquet Carneiro - CE;2021;2021;513;Valor adicionado bruto a preços correntes da agropecuária;Mil Reais;28524
N6;Município;2310951;Pires Ferreira - CE;2021;2021;513;Valor adicionado bruto a preços correntes da agropecuária;Mil Reais;17675
N6;Município;2311009;Poranga - CE;2021;2021;513;Valor adicionado bruto a preços correntes da agropecuária;Mil Reais;10439
N6;Município;2311108;Porteiras - CE;2021;2021;513;Valor adicionado bruto a preços correntes da agropecuária;Mil Reais;50607
N6;Município;2311207;Potengi - CE;2021;2021;513;Valor adicionado bruto a preços correntes da agropecuária;Mil Reais;20472
N6;Município;2311231;Potiretama - CE;2021;2021;513;Valor adicionado bruto a preços correntes da agropecuária;Mil Reais;29676
N6;Município;2311264;Quiterianópolis - CE;2021;2021;513;Valor adicionado bruto a preços correntes da agropecuária;Mil Reais;27760
N6;Município;2311306;Quixadá - CE;2021;2021;513;Valor adicionado bruto a preços correntes da agropecuária;Mil Reais;104794
N6;Município;2311355;Quixelô - CE;2021;2021;513;Valor adicionado bruto a preços correntes da agropecuária;Mil Reais;67571
N6;Município;2311405;Quixeramobim - CE;2021;2021;513;Valor adicionado bruto a preços correntes da agropecuária;Mil Reais;149436
N6;Município;2311504;Quixeré - CE;2021;2021;513;Valor adicionado bruto a preços correntes da agropecuária;Mil Reais;108210
N6;Município;2311603;Redenção - CE;2021;2021;513;Valor adicionado bruto a preços correntes da agropecuária;Mil Reais;95815
N6;Município;2311702;Reriutaba - CE;2021;2021;513;Valor adicionado bruto a preços correntes da agropecuária;Mil Reais;22122
N6;Município;2311801;Russas - CE;2021;2021;513;Valor adicionado bruto a preços correntes da agropecuária;Mil Reais;120601
N6;Município;2311900;Saboeiro - CE;2021;2021;513;Valor adicionado bruto a preços correntes da agropecuária;Mil Reais;53256
N6;Município;2311959;Salitre - CE;2021;2021;513;Valor adicionado bruto a preços correntes da agropecuária;Mil Reais;25194
N6;Município;2312007;Santana do Acaraú - CE;2021;2021;513;Valor adicionado bruto a preços correntes da agropecuária;Mil Reais;49538
N6;Município;2312106;Santana do Cariri - CE;2021;2021;513;Valor adicionado bruto a preços correntes da agropecuária;Mil Reais;28383
N6;Município;2312205;Santa Quitéria - CE;2021;2021;513;Valor adicionado bruto a preços correntes da agropecuária;Mil Reais;97193
N6;Município;2312304;São Benedito - CE;2021;2021;513;Valor adicionado bruto a preços correntes da agropecuária;Mil Reais;154035
N6;Município;2312403;São Gonçalo do Amarante - CE;2021;2021;513;Valor adicionado bruto a preços correntes da agropecuária;Mil Reais;47518
N6;Município;2312502;São João do Jaguaribe - CE;2021;2021;513;Valor adicionado bruto a preços correntes da agropecuária;Mil Reais;46655
N6;Município;2312601;São Luís do Curu - CE;2021;2021;513;Valor adicionado bruto a preços correntes da agropecuária;Mil Reais;15048
N6;Município;2312700;Senador Pompeu - CE;2021;2021;513;Valor adicionado bruto a preços correntes da agropecuária;Mil Reais;45086
N6;Município;2312809;Senador Sá - CE;2021;2021;513;Valor adicionado bruto a preços correntes da agropecuária;Mil Reais;7651
N6;Município;2312908;Sobral - CE;2021;2021;513;Valor adicionado bruto a preços correntes da agropecuária;Mil Reais;51617
N6;Município;2313005;Solonópole - CE;2021;2021;513;Valor adicionado bruto a preços correntes da agropecuária;Mil Reais;63627
N6;Município;2313104;Tabuleiro do Norte - CE;2021;2021;513;Valor adicionado bruto a preços correntes da agropecuária;Mil Reais;54072
N6;Município;2313203;Tamboril - CE;2021;2021;513;Valor adicionado bruto a preços correntes da agropecuária;Mil Reais;70097
N6;Município;2313252;Tarrafas - CE;2021;2021;513;Valor adicionado bruto a preços correntes da agropecuária;Mil Reais;19124
N6;Município;2313302;Tauá - CE;2021;2021;513;Valor adicionado bruto a preços correntes da agropecuária;Mil Reais;99459
N6;Município;2313351;Tejuçuoca - CE;2021;2021;513;Valor adicionado bruto a preços correntes da agropecuária;Mil Reais;12026
N6;Município;2313401;Tianguá - CE;2021;2021;513;Valor adicionado bruto a preços correntes da agropecuária;Mil Reais;344455
N6;Município;2313500;Trairi - CE;2021;2021;513;Valor adicionado bruto a preços correntes da agropecuária;Mil Reais;72027
N6;Município;2313559;Tururu - CE;2021;2021;513;Valor adicionado bruto a preços correntes da agropecuária;Mil Reais;17268
N6;Município;2313609;Ubajara - CE;2021;2021;513;Valor adicionado bruto a preços correntes da agropecuária;Mil Reais;169107
N6;Município;2313708;Umari - CE;2021;2021;513;Valor adicionado bruto a preços correntes da agropecuária;Mil Reais;15164
N6;Município;2313757;Umirim - CE;2021;2021;513;Valor adicionado bruto a preços correntes da agropecuária;Mil Reais;33360
N6;Município;2313807;Uruburetama - CE;2021;2021;513;Valor adicionado bruto a preços correntes da agropecuária;Mil Reais;56494
N6;Município;2313906;Uruoca - CE;2021;2021;513;Valor adicionado bruto a preços correntes da agropecuária;Mil Reais;25219
N6;Município;2313955;Varjota - CE;2021;2021;513;Valor adicionado bruto a preços correntes da agropecuária;Mil Reais;153292
N6;Município;2314003;Várzea Alegre - CE;2021;2021;513;Valor adicionado bruto a preços correntes da agropecuária;Mil Reais;64327
N6;Município;2314102;Viçosa do Ceará - CE;2021;2021;513;Valor adicionado bruto a preços correntes da agropecuária;Mil Reais;127798
N1;Brasil;1;Brasil;2021;2021;516;Participação do valor adicionado bruto a preços correntes da agropecuária no valor adicionado bruto a preços correntes total;%;7.66
N3;Unidade da Federação;23;Ceará;2021;2021;516;Participação do valor adicionado bruto a preços correntes da agropecuária no valor adicionado bruto a preços correntes total;%;6.23
N6;Município;2300101;Abaiara - CE;2021;2021;516;Participação do valor adicionado bruto a preços correntes da agropecuária no valor adicionado bruto a preços correntes total;%;20.99
N6;Município;2300150;Acarape - CE;2021;2021;516;Participação do valor adicionado bruto a preços correntes da agropecuária no valor adicionado bruto a preços correntes total;%;5.52
N6;Município;2300200;Acaraú - CE;2021;2021;516;Participação do valor adicionado bruto a preços correntes da agropecuária no valor adicionado bruto a preços correntes total;%;13.97
N6;Município;2300309;Acopiara - CE;2021;2021;516;Participação do valor adicionado bruto a preços correntes da agropecuária no valor adicionado bruto a preços correntes total;%;27.58
N6;Município;2300408;Aiuaba - CE;2021;2021;516;Participação do valor adicionado bruto a preços correntes da agropecuária no valor adicionado bruto a preços correntes total;%;23.34
N6;Município;2300507;Alcântaras - CE;2021;2021;516;Participação do valor adicionado bruto a preços correntes da agropecuária no valor adicionado bruto a preços correntes total;%;8.92
N6;Município;2300606;Altaneira - CE;2021;2021;516;Participação do valor adicionado bruto a preços correntes da agropecuária no valor adicionado bruto a preços correntes total;%;13.28
N6;Município;2300705;Alto Santo - CE;2021;2021;516;Participação do valor adicionado bruto a preços correntes da agropecuária no valor adicionado bruto a preços correntes total;%;32.90
N6;Município;2300754;Amontada - CE;2021;2021;516;Participação do valor adicionado bruto a preços correntes da agropecuária no valor adicionado bruto a preços correntes total;%;8.66
N6;Município;2300804;Antonina do Norte - CE;2021;2021;516;Participação do valor adicionado bruto a preços correntes da agropecuária no valor adicionado bruto a preços correntes total;%;7.64
N6;Município;2300903;Apuiarés - CE;2021;2021;516;Participação do valor adicionado bruto a preços correntes da agropecuária no valor adicionado bruto a preços correntes total;%;10.05
N6;Município;2301000;Aquiraz - CE;2021;2021;516;Participação do valor adicionado bruto a preços correntes da agropecuária no valor adicionado bruto a preços correntes total;%;3.32
N6;Município;2301109;Aracati - CE;2021;2021;516;Participação do valor adicionado bruto a preços correntes da agropecuária no valor adicionado bruto a preços correntes total;%;8.39
N6;Município;2301208;Aracoiaba - CE;2021;2021;516;Participação do valor adicionado bruto a preços correntes da agropecuária no valor adicionado bruto a preços correntes total;%;17.14
N6;Município;2301257;Ararendá - CE;2021;2021;516;Participação do valor adicionado bruto a preços correntes da agropecuária no valor adicionado bruto a preços correntes total;%;13.04
N6;Município;2301307;Araripe - CE;2021;2021;516;Participação do valor adicionado bruto a preços correntes da agropecuária no valor adicionado bruto a preços correntes total;%;18.15
N6;Município;2301406;Aratuba - CE;2021;2021;516;Participação do valor adicionado bruto a preços correntes da agropecuária no valor adicionado bruto a preços correntes total;%;35.14
N6;Município;2301505;Arneiroz - CE;2021;2021;516;Participação do valor adicionado bruto a preços correntes da agropecuária no valor adicionado bruto a preços correntes total;%;21.48
N6;Município;2301604;Assaré - CE;2021;2021;516;Participação do valor adicionado bruto a preços correntes da agropecuária no valor adicionado bruto a preços correntes total;%;19.80
N6;Município;2301703;Aurora - CE;2021;2021;516;Participação do valor adicionado bruto a preços correntes da agropecuária no valor adicionado bruto a preços correntes total;%;15.58
N6;Município;2301802;Baixio - CE;2021;2021;516;Participação do valor adicionado bruto a preços correntes da agropecuária no valor adicionado bruto a preços correntes total;%;21.75
N6;Município;2301851;Banabuiú - CE;2021;2021;516;Participação do valor adicionado bruto a preços correntes da agropecuária no valor adicionado bruto a preços correntes total;%;21.28
N6;Município;2301901;Barbalha - CE;2021;2021;516;Participação do valor adicionado bruto a preços correntes da agropecuária no valor adicionado bruto a preços correntes total;%;11.77
N6;Município;2301950;Barreira - CE;2021;2021;516;Participação do valor adicionado bruto a preços correntes da agropecuária no valor adicionado bruto a preços correntes total;%;15.46
N6;Município;2302008;Barro - CE;2021;2021;516;Participação do valor adicionado bruto a preços correntes da agropecuária no valor adicionado bruto a preços correntes total;%;19.30
N6;Município;2302057;Barroquinha - CE;2021;2021;516;Participação do valor adicionado bruto a preços correntes da agropecuária no valor adicionado bruto a preços correntes total;%;10.37
N6;Município;2302107;Baturité - CE;2021;2021;516;Participação do valor adicionado bruto a preços correntes da agropecuária no valor adicionado bruto a preços correntes total;%;8.78
N6;Município;2302206;Beberibe - CE;2021;2021;516;Participação do valor adicionado bruto a preços correntes da agropecuária no valor adicionado bruto a preços correntes total;%;36.49
N6;Município;2302305;Bela Cruz - CE;2021;2021;516;Participação do valor adicionado bruto a preços correntes da agropecuária no valor adicionado bruto a preços correntes total;%;21.36
N6;Município;2302404;Boa Viagem - CE;2021;2021;516;Participação do valor adicionado bruto a preços correntes da agropecuária no valor adicionado bruto a preços correntes total;%;12.30
N6;Município;2302503;Brejo Santo - CE;2021;2021;516;Participação do valor adicionado bruto a preços correntes da agropecuária no valor adicionado bruto a preços correntes total;%;11.12
N6;Município;2302602;Camocim - CE;2021;2021;516;Participação do valor adicionado bruto a preços correntes da agropecuária no valor adicionado bruto a preços correntes total;%;12.19
N6;Município;2302701;Campos Sales - CE;2021;2021;516;Participação do valor adicionado bruto a preços correntes da agropecuária no valor adicionado bruto a preços correntes total;%;14.11
N6;Município;2302800;Canindé - CE;2021;2021;516;Participação do valor adicionado bruto a preços correntes da agropecuária no valor adicionado bruto a preços correntes total;%;7.17
N6;Município;2302909;Capistrano - CE;2021;2021;516;Participação do valor adicionado bruto a preços correntes da agropecuária no valor adicionado bruto a preços correntes total;%;15.86
N6;Município;2303006;Caridade - CE;2021;2021;516;Participação do valor adicionado bruto a preços correntes da agropecuária no valor adicionado bruto a preços correntes total;%;12.00
N6;Município;2303105;Cariré - CE;2021;2021;516;Participação do valor adicionado bruto a preços correntes da agropecuária no valor adicionado bruto a preços correntes total;%;29.41
N6;Município;2303204;Caririaçu - CE;2021;2021;516;Participação do valor adicionado bruto a preços correntes da agropecuária no valor adicionado bruto a preços correntes total;%;19.04
N6;Município;2303303;Cariús - CE;2021;2021;516;Participação do valor adicionado bruto a preços correntes da agropecuária no valor adicionado bruto a preços correntes total;%;29.65
N6;Município;2303402;Carnaubal - CE;2021;2021;516;Participação do valor adicionado bruto a preços correntes da agropecuária no valor adicionado bruto a preços correntes total;%;11.18
N6;Município;2303501;Cascavel - CE;2021;2021;516;Participação do valor adicionado bruto a preços correntes da agropecuária no valor adicionado bruto a preços correntes total;%;12.96
N6;Município;2303600;Catarina - CE;2021;2021;516;Participação do valor adicionado bruto a preços correntes da agropecuária no valor adicionado bruto a preços correntes total;%;16.64
N6;Município;2303659;Catunda - CE;2021;2021;516;Participação do valor adicionado bruto a preços correntes da agropecuária no valor adicionado bruto a preços correntes total;%;15.15
N6;Município;2303709;Caucaia - CE;2021;2021;516;Participação do valor adicionado bruto a preços correntes da agropecuária no valor adicionado bruto a preços correntes total;%;0.77
N6;Município;2303808;Cedro - CE;2021;2021;516;Participação do valor adicionado bruto a preços correntes da agropecuária no valor adicionado bruto a preços correntes total;%;17.57
N6;Município;2303907;Chaval - CE;2021;2021;516;Participação do valor adicionado bruto a preços correntes da agropecuária no valor adicionado bruto a preços correntes total;%;5.42
N6;Município;2303931;Choró - CE;2021;2021;516;Participação do valor adicionado bruto a preços correntes da agropecuária no valor adicionado bruto a preços correntes total;%;8.08
N6;Município;2303956;Chorozinho - CE;2021;2021;516;Participação do valor adicionado bruto a preços correntes da agropecuária no valor adicionado bruto a preços correntes total;%;8.71
N6;Município;2304004;Coreaú - CE;2021;2021;516;Participação do valor adicionado bruto a preços correntes da agropecuária no valor adicionado bruto a preços correntes total;%;12.24
N6;Município;2304103;Crateús - CE;2021;2021;516;Participação do valor adicionado bruto a preços correntes da agropecuária no valor adicionado bruto a preços correntes total;%;10.39
N6;Município;2304202;Crato - CE;2021;2021;516;Participação do valor adicionado bruto a preços correntes da agropecuária no valor adicionado bruto a preços correntes total;%;3.97
N6;Município;2304236;Croatá - CE;2021;2021;516;Participação do valor adicionado bruto a preços correntes da agropecuária no valor adicionado bruto a preços correntes total;%;34.69
N6;Município;2304251;Cruz - CE;2021;2021;516;Participação do valor adicionado bruto a preços correntes da agropecuária no valor adicionado bruto a preços correntes total;%;7.85
N6;Município;2304269;Deputado Irapuan Pinheiro - CE;2021;2021;516;Participação do valor adicionado bruto a preços correntes da agropecuária no valor adicionado bruto a preços correntes total;%;24.26
N6;Município;2304277;Ereré - CE;2021;2021;516;Participação do valor adicionado bruto a preços correntes da agropecuária no valor adicionado bruto a preços correntes total;%;26.57
N6;Município;2304285;Eusébio - CE;2021;2021;516;Participação do valor adicionado bruto a preços correntes da agropecuária no valor adicionado bruto a preços correntes total;%;0.88
N6;Município;2304301;Farias Brito - CE;2021;2021;516;Participação do valor adicionado bruto a preços correntes da agropecuária no valor adicionado bruto a preços correntes total;%;23.99
N6;Município;2304350;Forquilha - CE;2021;2021;516;Participação do valor adicionado bruto a preços correntes da agropecuária no valor adicionado bruto a preços correntes total;%;9.61
N6;Município;2304400;Fortaleza - CE;2021;2021;516;Participação do valor adicionado bruto a preços correntes da agropecuária no valor adicionado bruto a preços correntes total;%;0.18
N6;Município;2304459;Fortim - CE;2021;2021;516;Participação do valor adicionado bruto a preços correntes da agropecuária no valor adicionado bruto a preços correntes total;%;9.12
N6;Município;2304509;Frecheirinha - CE;2021;2021;516;Participação do valor adicionado bruto a preços correntes da agropecuária no valor adicionado bruto a preços correntes total;%;4.60
N6;Município;2304608;General Sampaio - CE;2021;2021;516;Participação do valor adicionado bruto a preços correntes da agropecuária no valor adicionado bruto a preços correntes total;%;10.80
N6;Município;2304657;Graça - CE;2021;2021;516;Participação do valor adicionado bruto a preços correntes da agropecuária no valor adicionado bruto a preços correntes total;%;10.93
N6;Município;2304707;Granja - CE;2021;2021;516;Participação do valor adicionado bruto a preços correntes da agropecuária no valor adicionado bruto a preços correntes total;%;14.56
N6;Município;2304806;Granjeiro - CE;2021;2021;516;Participação do valor adicionado bruto a preços correntes da agropecuária no valor adicionado bruto a preços correntes total;%;20.58
N6;Município;2304905;Groaíras - CE;2021;2021;516;Participação do valor adicionado bruto a preços correntes da agropecuária no valor adicionado bruto a preços correntes total;%;9.72
N6;Município;2304954;Guaiúba - CE;2021;2021;516;Participação do valor adicionado bruto a preços correntes da agropecuária no valor adicionado bruto a preços correntes total;%;10.63
N6;Município;2305001;Guaraciaba do Norte - CE;2021;2021;516;Participação do valor adicionado bruto a preços correntes da agropecuária no valor adicionado bruto a preços correntes total;%;40.00
N6;Município;2305100;Guaramiranga - CE;2021;2021;516;Participação do valor adicionado bruto a preços correntes da agropecuária no valor adicionado bruto a preços correntes total;%;13.03
N6;Município;2305209;Hidrolândia - CE;2021;2021;516;Participação do valor adicionado bruto a preços correntes da agropecuária no valor adicionado bruto a preços correntes total;%;18.53
N6;Município;2305233;Horizonte - CE;2021;2021;516;Participação do valor adicionado bruto a preços correntes da agropecuária no valor adicionado bruto a preços correntes total;%;5.88
N6;Município;2305266;Ibaretama - CE;2021;2021;516;Participação do valor adicionado bruto a preços correntes da agropecuária no valor adicionado bruto a preços correntes total;%;17.36
N6;Município;2305308;Ibiapina - CE;2021;2021;516;Participação do valor adicionado bruto a preços correntes da agropecuária no valor adicionado bruto a preços correntes total;%;28.75
N6;Município;2305332;Ibicuitinga - CE;2021;2021;516;Participação do valor adicionado bruto a preços correntes da agropecuária no valor adicionado bruto a preços correntes total;%;15.96
N6;Município;2305357;Icapuí - CE;2021;2021;516;Participação do valor adicionado bruto a preços correntes da agropecuária no valor adicionado bruto a preços correntes total;%;13.82
N6;Município;2305407;Icó - CE;2021;2021;516;Participação do valor adicionado bruto a preços correntes da agropecuária no valor adicionado bruto a preços correntes total;%;15.99
N6;Município;2305506;Iguatu - CE;2021;2021;516;Participação do valor adicionado bruto a preços correntes da agropecuária no valor adicionado bruto a preços correntes total;%;13.28
N6;Município;2305605;Independência - CE;2021;2021;516;Participação do valor adicionado bruto a preços correntes da agropecuária no valor adicionado bruto a preços correntes total;%;38.51
N6;Município;2305654;Ipaporanga - CE;2021;2021;516;Participação do valor adicionado bruto a preços correntes da agropecuária no valor adicionado bruto a preços correntes total;%;24.15
N6;Município;2305704;Ipaumirim - CE;2021;2021;516;Participação do valor adicionado bruto a preços correntes da agropecuária no valor adicionado bruto a preços correntes total;%;18.20
N6;Município;2305803;Ipu - CE;2021;2021;516;Participação do valor adicionado bruto a preços correntes da agropecuária no valor adicionado bruto a preços correntes total;%;23.21
N6;Município;2305902;Ipueiras - CE;2021;2021;516;Participação do valor adicionado bruto a preços correntes da agropecuária no valor adicionado bruto a preços correntes total;%;11.12
N6;Município;2306009;Iracema - CE;2021;2021;516;Participação do valor adicionado bruto a preços correntes da agropecuária no valor adicionado bruto a preços correntes total;%;24.27
N6;Município;2306108;Irauçuba - CE;2021;2021;516;Participação do valor adicionado bruto a preços correntes da agropecuária no valor adicionado bruto a preços correntes total;%;10.20
N6;Município;2306207;Itaiçaba - CE;2021;2021;516;Participação do valor adicionado bruto a preços correntes da agropecuária no valor adicionado bruto a preços correntes total;%;12.73
N6;Município;2306256;Itaitinga - CE;2021;2021;516;Participação do valor adicionado bruto a preços correntes da agropecuária no valor adicionado bruto a preços correntes total;%;0.72
N6;Município;2306306;Itapajé - CE;2021;2021;516;Participação do valor adicionado bruto a preços correntes da agropecuária no valor adicionado bruto a preços correntes total;%;11.31
N6;Município;2306405;Itapipoca - CE;2021;2021;516;Participação do valor adicionado bruto a preços correntes da agropecuária no valor adicionado bruto a preços correntes total;%;6.20
N6;Município;2306504;Itapiúna - CE;2021;2021;516;Participação do valor adicionado bruto a preços correntes da agropecuária no valor adicionado bruto a preços correntes total;%;12.18
N6;Município;2306553;Itarema - CE;2021;2021;516;Participação do valor adicionado bruto a preços correntes da agropecuária no valor adicionado bruto a preços correntes total;%;10.73
N6;Município;2306603;Itatira - CE;2021;2021;516;Participação do valor adicionado bruto a preços correntes da agropecuária no valor adicionado bruto a preços correntes total;%;11.72
N6;Município;2306702;Jaguaretama - CE;2021;2021;516;Participação do valor adicionado bruto a preços correntes da agropecuária no valor adicionado bruto a preços correntes total;%;32.87
N6;Município;2306801;Jaguaribara - CE;2021;2021;516;Participação do valor adicionado bruto a preços correntes da agropecuária no valor adicionado bruto a preços correntes total;%;21.39
N6;Município;2306900;Jaguaribe - CE;2021;2021;516;Participação do valor adicionado bruto a preços correntes da agropecuária no valor adicionado bruto a preços correntes total;%;17.48
N6;Município;2307007;Jaguaruana - CE;2021;2021;516;Participação do valor adicionado bruto a preços correntes da agropecuária no valor adicionado bruto a preços correntes total;%;17.34
N6;Município;2307106;Jardim - CE;2021;2021;516;Participação do valor adicionado bruto a preços correntes da agropecuária no valor adicionado bruto a preços correntes total;%;23.85
N6;Município;2307205;Jati - CE;2021;2021;516;Participação do valor adicionado bruto a preços correntes da agropecuária no valor adicionado bruto a preços correntes total;%;14.28
N6;Município;2307254;Jijoca de Jericoacoara - CE;2021;2021;516;Participação do valor adicionado bruto a preços correntes da agropecuária no valor adicionado bruto a preços correntes total;%;1.80
N6;Município;2307304;Juazeiro do Norte - CE;2021;2021;516;Participação do valor adicionado bruto a preços correntes da agropecuária no valor adicionado bruto a preços correntes total;%;0.71
N6;Município;2307403;Jucás - CE;2021;2021;516;Participação do valor adicionado bruto a preços correntes da agropecuária no valor adicionado bruto a preços correntes total;%;18.34
N6;Município;2307502;Lavras da Mangabeira - CE;2021;2021;516;Participação do valor adicionado bruto a preços correntes da agropecuária no valor adicionado bruto a preços correntes total;%;27.27
N6;Município;2307601;Limoeiro do Norte - CE;2021;2021;516;Participação do valor adicionado bruto a preços correntes da agropecuária no valor adicionado bruto a preços correntes total;%;26.26
N6;Município;2307635;Madalena - CE;2021;2021;516;Participação do valor adicionado bruto a preços correntes da agropecuária no valor adicionado bruto a preços correntes total;%;12.78
N6;Município;2307650;Maracanaú - CE;2021;2021;516;Participação do valor adicionado bruto a preços correntes da agropecuária no valor adicionado bruto a preços correntes total;%;0.21
N6;Município;2307700;Maranguape - CE;2021;2021;516;Participação do valor adicionado bruto a preços correntes da agropecuária no valor adicionado bruto a preços correntes total;%;4.55
N6;Município;2307809;Marco - CE;2021;2021;516;Participação do valor adicionado bruto a preços correntes da agropecuária no valor adicionado bruto a preços correntes total;%;7.34
N6;Município;2307908;Martinópole - CE;2021;2021;516;Participação do valor adicionado bruto a preços correntes da agropecuária no valor adicionado bruto a preços correntes total;%;8.06
N6;Município;2308005;Massapê - CE;2021;2021;516;Participação do valor adicionado bruto a preços correntes da agropecuária no valor adicionado bruto a preços correntes total;%;7.56
N6;Município;2308104;Mauriti - CE;2021;2021;516;Participação do valor adicionado bruto a preços correntes da agropecuária no valor adicionado bruto a preços correntes total;%;26.14
N6;Município;2308203;Meruoca - CE;2021;2021;516;Participação do valor adicionado bruto a preços correntes da agropecuária no valor adicionado bruto a preços correntes total;%;7.01
N6;Município;2308302;Milagres - CE;2021;2021;516;Participação do valor adicionado bruto a preços correntes da agropecuária no valor adicionado bruto a preços correntes total;%;12.98
N6;Município;2308351;Milhã - CE;2021;2021;516;Participação do valor adicionado bruto a preços correntes da agropecuária no valor adicionado bruto a preços correntes total;%;42.88
N6;Município;2308377;Miraíma - CE;2021;2021;516;Participação do valor adicionado bruto a preços correntes da agropecuária no valor adicionado bruto a preços correntes total;%;12.94
N6;Município;2308401;Missão Velha - CE;2021;2021;516;Participação do valor adicionado bruto a preços correntes da agropecuária no valor adicionado bruto a preços correntes total;%;40.04
N6;Município;2308500;Mombaça - CE;2021;2021;516;Participação do valor adicionado bruto a preços correntes da agropecuária no valor adicionado bruto a preços correntes total;%;17.72
N6;Município;2308609;Monsenhor Tabosa - CE;2021;2021;516;Participação do valor adicionado bruto a preços correntes da agropecuária no valor adicionado bruto a preços correntes total;%;13.24
N6;Município;2308708;Morada Nova - CE;2021;2021;516;Participação do valor adicionado bruto a preços correntes da agropecuária no valor adicionado bruto a preços correntes total;%;17.81
N6;Município;2308807;Moraújo - CE;2021;2021;516;Participação do valor adicionado bruto a preços correntes da agropecuária no valor adicionado bruto a preços correntes total;%;18.74
N6;Município;2308906;Morrinhos - CE;2021;2021;516;Participação do valor adicionado bruto a preços correntes da agropecuária no valor adicionado bruto a preços correntes total;%;7.78
N6;Município;2309003;Mucambo - CE;2021;2021;516;Participação do valor adicionado bruto a preços correntes da agropecuária no valor adicionado bruto a preços correntes total;%;8.73
N6;Município;2309102;Mulungu - CE;2021;2021;516;Participação do valor adicionado bruto a preços correntes da agropecuária no valor adicionado bruto a preços correntes total;%;26.04
N6;Município;2309201;Nova Olinda - CE;2021;2021;516;Participação do valor adicionado bruto a preços correntes da agropecuária no valor adicionado bruto a preços correntes total;%;11.00
N6;Município;2309300;Nova Russas - CE;2021;2021;516;Participação do valor adicionado bruto a preços correntes da agropecuária no valor adicionado bruto a preços correntes total;%;5.19
N6;Município;2309409;Novo Oriente - CE;2021;2021;516;Participação do valor adicionado bruto a preços correntes da agropecuária no valor adicionado bruto a preços correntes total;%;16.39
N6;Município;2309458;Ocara - CE;2021;2021;516;Participação do valor adicionado bruto a preços correntes da agropecuária no valor adicionado bruto a preços correntes total;%;18.32
N6;Município;2309508;Orós - CE;2021;2021;516;Participação do valor adicionado bruto a preços correntes da agropecuária no valor adicionado bruto a preços correntes total;%;16.18
N6;Município;2309607;Pacajus - CE;2021;2021;516;Participação do valor adicionado bruto a preços correntes da agropecuária no valor adicionado bruto a preços correntes total;%;3.89
N6;Município;2309706;Pacatuba - CE;2021;2021;516;Participação do valor adicionado bruto a preços correntes da agropecuária no valor adicionado bruto a preços correntes total;%;2.60
N6;Município;2309805;Pacoti - CE;2021;2021;516;Participação do valor adicionado bruto a preços correntes da agropecuária no valor adicionado bruto a preços correntes total;%;31.80
N6;Município;2309904;Pacujá - CE;2021;2021;516;Participação do valor adicionado bruto a preços correntes da agropecuária no valor adicionado bruto a preços correntes total;%;7.45
N6;Município;2310001;Palhano - CE;2021;2021;516;Participação do valor adicionado bruto a preços correntes da agropecuária no valor adicionado bruto a preços correntes total;%;19.08
N6;Município;2310100;Palmácia - CE;2021;2021;516;Participação do valor adicionado bruto a preços correntes da agropecuária no valor adicionado bruto a preços correntes total;%;25.19
N6;Município;2310209;Paracuru - CE;2021;2021;516;Participação do valor adicionado bruto a preços correntes da agropecuária no valor adicionado bruto a preços correntes total;%;9.52
N6;Município;2310258;Paraipaba - CE;2021;2021;516;Participação do valor adicionado bruto a preços correntes da agropecuária no valor adicionado bruto a preços correntes total;%;25.54
N6;Município;2310308;Parambu - CE;2021;2021;516;Participação do valor adicionado bruto a preços correntes da agropecuária no valor adicionado bruto a preços correntes total;%;17.59
N6;Município;2310407;Paramoti - CE;2021;2021;516;Participação do valor adicionado bruto a preços correntes da agropecuária no valor adicionado bruto a preços correntes total;%;17.54
N6;Município;2310506;Pedra Branca - CE;2021;2021;516;Participação do valor adicionado bruto a preços correntes da agropecuária no valor adicionado bruto a preços correntes total;%;11.03
N6;Município;2310605;Penaforte - CE;2021;2021;516;Participação do valor adicionado bruto a preços correntes da agropecuária no valor adicionado bruto a preços correntes total;%;12.46
N6;Município;2310704;Pentecoste - CE;2021;2021;516;Participação do valor adicionado bruto a preços correntes da agropecuária no valor adicionado bruto a preços correntes total;%;13.07
N6;Município;2310803;Pereiro - CE;2021;2021;516;Participação do valor adicionado bruto a preços correntes da agropecuária no valor adicionado bruto a preços correntes total;%;7.23
N6;Município;2310852;Pindoretama - CE;2021;2021;516;Participação do valor adicionado bruto a preços correntes da agropecuária no valor adicionado bruto a preços correntes total;%;10.47
N6;Município;2310902;Piquet Carneiro - CE;2021;2021;516;Participação do valor adicionado bruto a preços correntes da agropecuária no valor adicionado bruto a preços correntes total;%;18.53
N6;Município;2310951;Pires Ferreira - CE;2021;2021;516;Participação do valor adicionado bruto a preços correntes da agropecuária no valor adicionado bruto a preços correntes total;%;21.80
N6;Município;2311009;Poranga - CE;2021;2021;516;Participação do valor adicionado bruto a preços correntes da agropecuária no valor adicionado bruto a preços correntes total;%;10.02
N6;Município;2311108;Porteiras - CE;2021;2021;516;Participação do valor adicionado bruto a preços correntes da agropecuária no valor adicionado bruto a preços correntes total;%;28.45
N6;Município;2311207;Potengi - CE;2021;2021;516;Participação do valor adicionado bruto a preços correntes da agropecuária no valor adicionado bruto a preços correntes total;%;19.28
N6;Município;2311231;Potiretama - CE;2021;2021;516;Participação do valor adicionado bruto a preços correntes da agropecuária no valor adicionado bruto a preços correntes total;%;31.88
N6;Município;2311264;Quiterianópolis - CE;2021;2021;516;Participação do valor adicionado bruto a preços correntes da agropecuária no valor adicionado bruto a preços correntes total;%;15.87
N6;Município;2311306;Quixadá - CE;2021;2021;516;Participação do valor adicionado bruto a preços correntes da agropecuária no valor adicionado bruto a preços correntes total;%;10.25
N6;Município;2311355;Quixelô - CE;2021;2021;516;Participação do valor adicionado bruto a preços correntes da agropecuária no valor adicionado bruto a preços correntes total;%;35.67
N6;Município;2311405;Quixeramobim - CE;2021;2021;516;Participação do valor adicionado bruto a preços correntes da agropecuária no valor adicionado bruto a preços correntes total;%;11.67
N6;Município;2311504;Quixeré - CE;2021;2021;516;Participação do valor adicionado bruto a preços correntes da agropecuária no valor adicionado bruto a preços correntes total;%;18.59
N6;Município;2311603;Redenção - CE;2021;2021;516;Participação do valor adicionado bruto a preços correntes da agropecuária no valor adicionado bruto a preços correntes total;%;24.82
N6;Município;2311702;Reriutaba - CE;2021;2021;516;Participação do valor adicionado bruto a preços correntes da agropecuária no valor adicionado bruto a preços correntes total;%;12.36
N6;Município;2311801;Russas - CE;2021;2021;516;Participação do valor adicionado bruto a preços correntes da agropecuária no valor adicionado bruto a preços correntes total;%;11.63
N6;Município;2311900;Saboeiro - CE;2021;2021;516;Participação do valor adicionado bruto a preços correntes da agropecuária no valor adicionado bruto a preços correntes total;%;32.39
N6;Município;2311959;Salitre - CE;2021;2021;516;Participação do valor adicionado bruto a preços correntes da agropecuária no valor adicionado bruto a preços correntes total;%;16.38
N6;Município;2312007;Santana do Acaraú - CE;2021;2021;516;Participação do valor adicionado bruto a preços correntes da agropecuária no valor adicionado bruto a preços correntes total;%;18.45
N6;Município;2312106;Santana do Cariri - CE;2021;2021;516;Participação do valor adicionado bruto a preços correntes da agropecuária no valor adicionado bruto a preços correntes total;%;18.46
N6;Município;2312205;Santa Quitéria - CE;2021;2021;516;Participação do valor adicionado bruto a preços correntes da agropecuária no valor adicionado bruto a preços correntes total;%;16.45
N6;Município;2312304;São Benedito - CE;2021;2021;516;Participação do valor adicionado bruto a preços correntes da agropecuária no valor adicionado bruto a preços correntes total;%;26.21
N6;Município;2312403;São Gonçalo do Amarante - CE;2021;2021;516;Participação do valor adicionado bruto a preços correntes da agropecuária no valor adicionado bruto a preços correntes total;%;0.67
N6;Município;2312502;São João do Jaguaribe - CE;2021;2021;516;Participação do valor adicionado bruto a preços correntes da agropecuária no valor adicionado bruto a preços correntes total;%;44.83
N6;Município;2312601;São Luís do Curu - CE;2021;2021;516;Participação do valor adicionado bruto a preços correntes da agropecuária no valor adicionado bruto a preços correntes total;%;12.18
N6;Município;2312700;Senador Pompeu - CE;2021;2021;516;Participação do valor adicionado bruto a preços correntes da agropecuária no valor adicionado bruto a preços correntes total;%;13.86
N6;Município;2312809;Senador Sá - CE;2021;2021;516;Participação do valor adicionado bruto a preços correntes da agropecuária no valor adicionado bruto a preços correntes total;%;12.64
N6;Município;2312908;Sobral - CE;2021;2021;516;Participação do valor adicionado bruto a preços correntes da agropecuária no valor adicionado bruto a preços correntes total;%;1.07
N6;Município;2313005;Solonópole - CE;2021;2021;516;Participação do valor adicionado bruto a preços correntes da agropecuária no valor adicionado bruto a preços correntes total;%;22.32
N6;Município;2313104;Tabuleiro do Norte - CE;2021;2021;516;Participação do valor adicionado bruto a preços correntes da agropecuária no valor adicionado bruto a preços correntes total;%;13.12
N6;Município;2313203;Tamboril - CE;2021;2021;516;Participação do valor adicionado bruto a preços correntes da agropecuária no valor adicionado bruto a preços correntes total;%;25.82
N6;Município;2313252;Tarrafas - CE;2021;2021;516;Participação do valor adicionado bruto a preços correntes da agropecuária no valor adicionado bruto a preços correntes total;%;23.07
N6;Município;2313302;Tauá - CE;2021;2021;516;Participação do valor adicionado bruto a preços correntes da agropecuária no valor adicionado bruto a preços correntes total;%;15.14
N6;Município;2313351;Tejuçuoca - CE;2021;2021;516;Participação do valor adicionado bruto a preços correntes da agropecuária no valor adicionado bruto a preços correntes total;%;9.15
N6;Município;2313401;Tianguá - CE;2021;2021;516;Participação do valor adicionado bruto a preços correntes da agropecuária no valor adicionado bruto a preços correntes total;%;22.57
N6;Município;2313500;Trairi - CE;2021;2021;516;Participação do valor adicionado bruto a preços correntes da agropecuária no valor adicionado bruto a preços correntes total;%;6.93
N6;Município;2313559;Tururu - CE;2021;2021;516;Participação do valor adicionado bruto a preços correntes da agropecuária no valor adicionado bruto a preços correntes total;%;12.97
N6;Município;2313609;Ubajara - CE;2021;2021;516;Participação do valor adicionado bruto a preços correntes da agropecuária no valor adicionado bruto a preços correntes total;%;28.21
N6;Município;2313708;Umari - CE;2021;2021;516;Participação do valor adicionado bruto a preços correntes da agropecuária no valor adicionado bruto a preços correntes total;%;22.54
N6;Município;2313757;Umirim - CE;2021;2021;516;Participação do valor adicionado bruto a preços correntes da agropecuária no valor adicionado bruto a preços correntes total;%;20.73
N6;Município;2313807;Uruburetama - CE;2021;2021;516;Participação do valor adicionado bruto a preços correntes da agropecuária no valor adicionado bruto a preços correntes total;%;19.89
N6;Município;2313906;Uruoca - CE;2021;2021;516;Participação do valor adicionado bruto a preços correntes da agropecuária no valor adicionado bruto a preços correntes total;%;8.86
N6;Município;2313955;Varjota - CE;2021;2021;516;Participação do valor adicionado bruto a preços correntes da agropecuária no valor adicionado bruto a preços correntes total;%;42.83
N6;Município;2314003;Várzea Alegre - CE;2021;2021;516;Participação do valor adicionado bruto a preços correntes da agropecuária no valor adicionado bruto a preços correntes total;%;14.84
N6;Município;2314102;Viçosa do Ceará - CE;2021;2021;516;Participação do valor adicionado bruto a preços correntes da agropecuária no valor adicionado bruto a preços correntes total;%;23.09
N1;Brasil;1;Brasil;2021;2021;517;Valor adicionado bruto a preços correntes da indústria;Mil Reais;1993799000
N3;Unidade da Federação;23;Ceará;2021;2021;517;Valor adicionado bruto a preços correntes da indústria;Mil Reais;34230713
N6;Município;2300101;Abaiara - CE;2021;2021;517;Valor adicionado bruto a preços correntes da indústria;Mil Reais;3053
N6;Município;2300150;Acarape - CE;2021;2021;517;Valor adicionado bruto a preços correntes da indústria;Mil Reais;34204
N6;Município;2300200;Acaraú - CE;2021;2021;517;Valor adicionado bruto a preços correntes da indústria;Mil Reais;264942
N6;Município;2300309;Acopiara - CE;2021;2021;517;Valor adicionado bruto a preços correntes da indústria;Mil Reais;19614
N6;Município;2300408;Aiuaba - CE;2021;2021;517;Valor adicionado bruto a preços correntes da indústria;Mil Reais;3098
N6;Município;2300507;Alcântaras - CE;2021;2021;517;Valor adicionado bruto a preços correntes da indústria;Mil Reais;4789
N6;Município;2300606;Altaneira - CE;2021;2021;517;Valor adicionado bruto a preços correntes da indústria;Mil Reais;2561
N6;Município;2300705;Alto Santo - CE;2021;2021;517;Valor adicionado bruto a preços correntes da indústria;Mil Reais;10252
N6;Município;2300754;Amontada - CE;2021;2021;517;Valor adicionado bruto a preços correntes da indústria;Mil Reais;226018
N6;Município;2300804;Antonina do Norte - CE;2021;2021;517;Valor adicionado bruto a preços correntes da indústria;Mil Reais;2950
N6;Município;2300903;Apuiarés - CE;2021;2021;517;Valor adicionado bruto a preços correntes da indústria;Mil Reais;5448
N6;Município;2301000;Aquiraz - CE;2021;2021;517;Valor adicionado bruto a preços correntes da indústria;Mil Reais;974487
N6;Município;2301109;Aracati - CE;2021;2021;517;Valor adicionado bruto a preços correntes da indústria;Mil Reais;529562
N6;Município;2301208;Aracoiaba - CE;2021;2021;517;Valor adicionado bruto a preços correntes da indústria;Mil Reais;10560
N6;Município;2301257;Ararendá - CE;2021;2021;517;Valor adicionado bruto a preços correntes da indústria;Mil Reais;5563
N6;Município;2301307;Araripe - CE;2021;2021;517;Valor adicionado bruto a preços correntes da indústria;Mil Reais;8032
N6;Município;2301406;Aratuba - CE;2021;2021;517;Valor adicionado bruto a preços correntes da indústria;Mil Reais;3980
N6;Município;2301505;Arneiroz - CE;2021;2021;517;Valor adicionado bruto a preços correntes da indústria;Mil Reais;1828
N6;Município;2301604;Assaré - CE;2021;2021;517;Valor adicionado bruto a preços correntes da indústria;Mil Reais;7706
N6;Município;2301703;Aurora - CE;2021;2021;517;Valor adicionado bruto a preços correntes da indústria;Mil Reais;6992
N6;Município;2301802;Baixio - CE;2021;2021;517;Valor adicionado bruto a preços correntes da indústria;Mil Reais;2166
N6;Município;2301851;Banabuiú - CE;2021;2021;517;Valor adicionado bruto a preços correntes da indústria;Mil Reais;40825
N6;Município;2301901;Barbalha - CE;2021;2021;517;Valor adicionado bruto a preços correntes da indústria;Mil Reais;199962
N6;Município;2301950;Barreira - CE;2021;2021;517;Valor adicionado bruto a preços correntes da indústria;Mil Reais;13548
N6;Município;2302008;Barro - CE;2021;2021;517;Valor adicionado bruto a preços correntes da indústria;Mil Reais;11318
N6;Município;2302057;Barroquinha - CE;2021;2021;517;Valor adicionado bruto a preços correntes da indústria;Mil Reais;4479
N6;Município;2302107;Baturité - CE;2021;2021;517;Valor adicionado bruto a preços correntes da indústria;Mil Reais;22651
N6;Município;2302206;Beberibe - CE;2021;2021;517;Valor adicionado bruto a preços correntes da indústria;Mil Reais;168283
N6;Município;2302305;Bela Cruz - CE;2021;2021;517;Valor adicionado bruto a preços correntes da indústria;Mil Reais;15483
N6;Município;2302404;Boa Viagem - CE;2021;2021;517;Valor adicionado bruto a preços correntes da indústria;Mil Reais;36881
N6;Município;2302503;Brejo Santo - CE;2021;2021;517;Valor adicionado bruto a preços correntes da indústria;Mil Reais;117723
N6;Município;2302602;Camocim - CE;2021;2021;517;Valor adicionado bruto a preços correntes da indústria;Mil Reais;154076
N6;Município;2302701;Campos Sales - CE;2021;2021;517;Valor adicionado bruto a preços correntes da indústria;Mil Reais;10162
N6;Município;2302800;Canindé - CE;2021;2021;517;Valor adicionado bruto a preços correntes da indústria;Mil Reais;72822
N6;Município;2302909;Capistrano - CE;2021;2021;517;Valor adicionado bruto a preços correntes da indústria;Mil Reais;5289
N6;Município;2303006;Caridade - CE;2021;2021;517;Valor adicionado bruto a preços correntes da indústria;Mil Reais;7324
N6;Município;2303105;Cariré - CE;2021;2021;517;Valor adicionado bruto a preços correntes da indústria;Mil Reais;8167
N6;Município;2303204;Caririaçu - CE;2021;2021;517;Valor adicionado bruto a preços correntes da indústria;Mil Reais;8182
N6;Município;2303303;Cariús - CE;2021;2021;517;Valor adicionado bruto a preços correntes da indústria;Mil Reais;5192
N6;Município;2303402;Carnaubal - CE;2021;2021;517;Valor adicionado bruto a preços correntes da indústria;Mil Reais;6906
N6;Município;2303501;Cascavel - CE;2021;2021;517;Valor adicionado bruto a preços correntes da indústria;Mil Reais;128475
N6;Município;2303600;Catarina - CE;2021;2021;517;Valor adicionado bruto a preços correntes da indústria;Mil Reais;3744
N6;Município;2303659;Catunda - CE;2021;2021;517;Valor adicionado bruto a preços correntes da indústria;Mil Reais;3338
N6;Município;2303709;Caucaia - CE;2021;2021;517;Valor adicionado bruto a preços correntes da indústria;Mil Reais;3696044
N6;Município;2303808;Cedro - CE;2021;2021;517;Valor adicionado bruto a preços correntes da indústria;Mil Reais;8038
N6;Município;2303907;Chaval - CE;2021;2021;517;Valor adicionado bruto a preços correntes da indústria;Mil Reais;4771
N6;Município;2303931;Choró - CE;2021;2021;517;Valor adicionado bruto a preços correntes da indústria;Mil Reais;7985
N6;Município;2303956;Chorozinho - CE;2021;2021;517;Valor adicionado bruto a preços correntes da indústria;Mil Reais;23333
N6;Município;2304004;Coreaú - CE;2021;2021;517;Valor adicionado bruto a preços correntes da indústria;Mil Reais;9537
N6;Município;2304103;Crateús - CE;2021;2021;517;Valor adicionado bruto a preços correntes da indústria;Mil Reais;50095
N6;Município;2304202;Crato - CE;2021;2021;517;Valor adicionado bruto a preços correntes da indústria;Mil Reais;190332
N6;Município;2304236;Croatá - CE;2021;2021;517;Valor adicionado bruto a preços correntes da indústria;Mil Reais;5636
N6;Município;2304251;Cruz - CE;2021;2021;517;Valor adicionado bruto a preços correntes da indústria;Mil Reais;17685
N6;Município;2304269;Deputado Irapuan Pinheiro - CE;2021;2021;517;Valor adicionado bruto a preços correntes da indústria;Mil Reais;2228
N6;Município;2304277;Ereré - CE;2021;2021;517;Valor adicionado bruto a preços correntes da indústria;Mil Reais;2512
N6;Município;2304285;Eusébio - CE;2021;2021;517;Valor adicionado bruto a preços correntes da indústria;Mil Reais;928477
N6;Município;2304301;Farias Brito - CE;2021;2021;517;Valor adicionado bruto a preços correntes da indústria;Mil Reais;6239
N6;Município;2304350;Forquilha - CE;2021;2021;517;Valor adicionado bruto a preços correntes da indústria;Mil Reais;52447
N6;Município;2304400;Fortaleza - CE;2021;2021;517;Valor adicionado bruto a preços correntes da indústria;Mil Reais;8474214
N6;Município;2304459;Fortim - CE;2021;2021;517;Valor adicionado bruto a preços correntes da indústria;Mil Reais;108281
N6;Município;2304509;Frecheirinha - CE;2021;2021;517;Valor adicionado bruto a preços correntes da indústria;Mil Reais;87796
N6;Município;2304608;General Sampaio - CE;2021;2021;517;Valor adicionado bruto a preços correntes da indústria;Mil Reais;2373
N6;Município;2304657;Graça - CE;2021;2021;517;Valor adicionado bruto a preços correntes da indústria;Mil Reais;4534
N6;Município;2304707;Granja - CE;2021;2021;517;Valor adicionado bruto a preços correntes da indústria;Mil Reais;19260
N6;Município;2304806;Granjeiro - CE;2021;2021;517;Valor adicionado bruto a preços correntes da indústria;Mil Reais;1717
N6;Município;2304905;Groaíras - CE;2021;2021;517;Valor adicionado bruto a preços correntes da indústria;Mil Reais;5890
N6;Município;2304954;Guaiúba - CE;2021;2021;517;Valor adicionado bruto a preços correntes da indústria;Mil Reais;15170
N6;Município;2305001;Guaraciaba do Norte - CE;2021;2021;517;Valor adicionado bruto a preços correntes da indústria;Mil Reais;19745
N6;Município;2305100;Guaramiranga - CE;2021;2021;517;Valor adicionado bruto a preços correntes da indústria;Mil Reais;3213
N6;Município;2305209;Hidrolândia - CE;2021;2021;517;Valor adicionado bruto a preços correntes da indústria;Mil Reais;8759
N6;Município;2305233;Horizonte - CE;2021;2021;517;Valor adicionado bruto a preços correntes da indústria;Mil Reais;740785
N6;Município;2305266;Ibaretama - CE;2021;2021;517;Valor adicionado bruto a preços correntes da indústria;Mil Reais;4728
N6;Município;2305308;Ibiapina - CE;2021;2021;517;Valor adicionado bruto a preços correntes da indústria;Mil Reais;36953
N6;Município;2305332;Ibicuitinga - CE;2021;2021;517;Valor adicionado bruto a preços correntes da indústria;Mil Reais;4144
N6;Município;2305357;Icapuí - CE;2021;2021;517;Valor adicionado bruto a preços correntes da indústria;Mil Reais;118421
N6;Município;2305407;Icó - CE;2021;2021;517;Valor adicionado bruto a preços correntes da indústria;Mil Reais;42021
N6;Município;2305506;Iguatu - CE;2021;2021;517;Valor adicionado bruto a preços correntes da indústria;Mil Reais;147308
N6;Município;2305605;Independência - CE;2021;2021;517;Valor adicionado bruto a preços correntes da indústria;Mil Reais;12412
N6;Município;2305654;Ipaporanga - CE;2021;2021;517;Valor adicionado bruto a preços correntes da indústria;Mil Reais;3157
N6;Município;2305704;Ipaumirim - CE;2021;2021;517;Valor adicionado bruto a preços correntes da indústria;Mil Reais;7523
N6;Município;2305803;Ipu - CE;2021;2021;517;Valor adicionado bruto a preços correntes da indústria;Mil Reais;19294
N6;Município;2305902;Ipueiras - CE;2021;2021;517;Valor adicionado bruto a preços correntes da indústria;Mil Reais;7743
N6;Município;2306009;Iracema - CE;2021;2021;517;Valor adicionado bruto a preços correntes da indústria;Mil Reais;7351
N6;Município;2306108;Irauçuba - CE;2021;2021;517;Valor adicionado bruto a preços correntes da indústria;Mil Reais;14546
N6;Município;2306207;Itaiçaba - CE;2021;2021;517;Valor adicionado bruto a preços correntes da indústria;Mil Reais;3875
N6;Município;2306256;Itaitinga - CE;2021;2021;517;Valor adicionado bruto a preços correntes da indústria;Mil Reais;183795
N6;Município;2306306;Itapajé - CE;2021;2021;517;Valor adicionado bruto a preços correntes da indústria;Mil Reais;82239
N6;Município;2306405;Itapipoca - CE;2021;2021;517;Valor adicionado bruto a preços correntes da indústria;Mil Reais;262471
N6;Município;2306504;Itapiúna - CE;2021;2021;517;Valor adicionado bruto a preços correntes da indústria;Mil Reais;5360
N6;Município;2306553;Itarema - CE;2021;2021;517;Valor adicionado bruto a preços correntes da indústria;Mil Reais;305283
N6;Município;2306603;Itatira - CE;2021;2021;517;Valor adicionado bruto a preços correntes da indústria;Mil Reais;4314
N6;Município;2306702;Jaguaretama - CE;2021;2021;517;Valor adicionado bruto a preços correntes da indústria;Mil Reais;10078
N6;Município;2306801;Jaguaribara - CE;2021;2021;517;Valor adicionado bruto a preços correntes da indústria;Mil Reais;6416
N6;Município;2306900;Jaguaribe - CE;2021;2021;517;Valor adicionado bruto a preços correntes da indústria;Mil Reais;52360
N6;Município;2307007;Jaguaruana - CE;2021;2021;517;Valor adicionado bruto a preços correntes da indústria;Mil Reais;120924
N6;Município;2307106;Jardim - CE;2021;2021;517;Valor adicionado bruto a preços correntes da indústria;Mil Reais;10125
N6;Município;2307205;Jati - CE;2021;2021;517;Valor adicionado bruto a preços correntes da indústria;Mil Reais;3242
N6;Município;2307254;Jijoca de Jericoacoara - CE;2021;2021;517;Valor adicionado bruto a preços correntes da indústria;Mil Reais;26430
N6;Município;2307304;Juazeiro do Norte - CE;2021;2021;517;Valor adicionado bruto a preços correntes da indústria;Mil Reais;423899
N6;Município;2307403;Jucás - CE;2021;2021;517;Valor adicionado bruto a preços correntes da indústria;Mil Reais;31507
N6;Município;2307502;Lavras da Mangabeira - CE;2021;2021;517;Valor adicionado bruto a preços correntes da indústria;Mil Reais;13624
N6;Município;2307601;Limoeiro do Norte - CE;2021;2021;517;Valor adicionado bruto a preços correntes da indústria;Mil Reais;150059
N6;Município;2307635;Madalena - CE;2021;2021;517;Valor adicionado bruto a preços correntes da indústria;Mil Reais;5525
N6;Município;2307650;Maracanaú - CE;2021;2021;517;Valor adicionado bruto a preços correntes da indústria;Mil Reais;3664406
N6;Município;2307700;Maranguape - CE;2021;2021;517;Valor adicionado bruto a preços correntes da indústria;Mil Reais;295420
N6;Município;2307809;Marco - CE;2021;2021;517;Valor adicionado bruto a preços correntes da indústria;Mil Reais;43229
N6;Município;2307908;Martinópole - CE;2021;2021;517;Valor adicionado bruto a preços correntes da indústria;Mil Reais;3354
N6;Município;2308005;Massapê - CE;2021;2021;517;Valor adicionado bruto a preços correntes da indústria;Mil Reais;54004
N6;Município;2308104;Mauriti - CE;2021;2021;517;Valor adicionado bruto a preços correntes da indústria;Mil Reais;18641
N6;Município;2308203;Meruoca - CE;2021;2021;517;Valor adicionado bruto a preços correntes da indústria;Mil Reais;7854
N6;Município;2308302;Milagres - CE;2021;2021;517;Valor adicionado bruto a preços correntes da indústria;Mil Reais;32240
N6;Município;2308351;Milhã - CE;2021;2021;517;Valor adicionado bruto a preços correntes da indústria;Mil Reais;3688
N6;Município;2308377;Miraíma - CE;2021;2021;517;Valor adicionado bruto a preços correntes da indústria;Mil Reais;3268
N6;Município;2308401;Missão Velha - CE;2021;2021;517;Valor adicionado bruto a preços correntes da indústria;Mil Reais;20554
N6;Município;2308500;Mombaça - CE;2021;2021;517;Valor adicionado bruto a preços correntes da indústria;Mil Reais;29987
N6;Município;2308609;Monsenhor Tabosa - CE;2021;2021;517;Valor adicionado bruto a preços correntes da indústria;Mil Reais;4102
N6;Município;2308708;Morada Nova - CE;2021;2021;517;Valor adicionado bruto a preços correntes da indústria;Mil Reais;312099
N6;Município;2308807;Moraújo - CE;2021;2021;517;Valor adicionado bruto a preços correntes da indústria;Mil Reais;2159
N6;Município;2308906;Morrinhos - CE;2021;2021;517;Valor adicionado bruto a preços correntes da indústria;Mil Reais;11036
N6;Município;2309003;Mucambo - CE;2021;2021;517;Valor adicionado bruto a preços correntes da indústria;Mil Reais;4924
N6;Município;2309102;Mulungu - CE;2021;2021;517;Valor adicionado bruto a preços correntes da indústria;Mil Reais;3842
N6;Município;2309201;Nova Olinda - CE;2021;2021;517;Valor adicionado bruto a preços correntes da indústria;Mil Reais;13135
N6;Município;2309300;Nova Russas - CE;2021;2021;517;Valor adicionado bruto a preços correntes da indústria;Mil Reais;10874
N6;Município;2309409;Novo Oriente - CE;2021;2021;517;Valor adicionado bruto a preços correntes da indústria;Mil Reais;20264
N6;Município;2309458;Ocara - CE;2021;2021;517;Valor adicionado bruto a preços correntes da indústria;Mil Reais;32721
N6;Município;2309508;Orós - CE;2021;2021;517;Valor adicionado bruto a preços correntes da indústria;Mil Reais;7586
N6;Município;2309607;Pacajus - CE;2021;2021;517;Valor adicionado bruto a preços correntes da indústria;Mil Reais;427831
N6;Município;2309706;Pacatuba - CE;2021;2021;517;Valor adicionado bruto a preços correntes da indústria;Mil Reais;323978
N6;Município;2309805;Pacoti - CE;2021;2021;517;Valor adicionado bruto a preços correntes da indústria;Mil Reais;5037
N6;Município;2309904;Pacujá - CE;2021;2021;517;Valor adicionado bruto a preços correntes da indústria;Mil Reais;2640
N6;Município;2310001;Palhano - CE;2021;2021;517;Valor adicionado bruto a preços correntes da indústria;Mil Reais;4412
N6;Município;2310100;Palmácia - CE;2021;2021;517;Valor adicionado bruto a preços correntes da indústria;Mil Reais;2963
N6;Município;2310209;Paracuru - CE;2021;2021;517;Valor adicionado bruto a preços correntes da indústria;Mil Reais;95384
N6;Município;2310258;Paraipaba - CE;2021;2021;517;Valor adicionado bruto a preços correntes da indústria;Mil Reais;81922
N6;Município;2310308;Parambu - CE;2021;2021;517;Valor adicionado bruto a preços correntes da indústria;Mil Reais;8133
N6;Município;2310407;Paramoti - CE;2021;2021;517;Valor adicionado bruto a preços correntes da indústria;Mil Reais;3869
N6;Município;2310506;Pedra Branca - CE;2021;2021;517;Valor adicionado bruto a preços correntes da indústria;Mil Reais;9630
N6;Município;2310605;Penaforte - CE;2021;2021;517;Valor adicionado bruto a preços correntes da indústria;Mil Reais;5295
N6;Município;2310704;Pentecoste - CE;2021;2021;517;Valor adicionado bruto a preços correntes da indústria;Mil Reais;73375
N6;Município;2310803;Pereiro - CE;2021;2021;517;Valor adicionado bruto a preços correntes da indústria;Mil Reais;13827
N6;Município;2310852;Pindoretama - CE;2021;2021;517;Valor adicionado bruto a preços correntes da indústria;Mil Reais;15563
N6;Município;2310902;Piquet Carneiro - CE;2021;2021;517;Valor adicionado bruto a preços correntes da indústria;Mil Reais;4316
N6;Município;2310951;Pires Ferreira - CE;2021;2021;517;Valor adicionado bruto a preços correntes da indústria;Mil Reais;2794
N6;Município;2311009;Poranga - CE;2021;2021;517;Valor adicionado bruto a preços correntes da indústria;Mil Reais;3790
N6;Município;2311108;Porteiras - CE;2021;2021;517;Valor adicionado bruto a preços correntes da indústria;Mil Reais;8198
N6;Município;2311207;Potengi - CE;2021;2021;517;Valor adicionado bruto a preços correntes da indústria;Mil Reais;4819
N6;Município;2311231;Potiretama - CE;2021;2021;517;Valor adicionado bruto a preços correntes da indústria;Mil Reais;4355
N6;Município;2311264;Quiterianópolis - CE;2021;2021;517;Valor adicionado bruto a preços correntes da indústria;Mil Reais;5411
N6;Município;2311306;Quixadá - CE;2021;2021;517;Valor adicionado bruto a preços correntes da indústria;Mil Reais;66048
N6;Município;2311355;Quixelô - CE;2021;2021;517;Valor adicionado bruto a preços correntes da indústria;Mil Reais;4256
N6;Município;2311405;Quixeramobim - CE;2021;2021;517;Valor adicionado bruto a preços correntes da indústria;Mil Reais;290142
N6;Município;2311504;Quixeré - CE;2021;2021;517;Valor adicionado bruto a preços correntes da indústria;Mil Reais;235182
N6;Município;2311603;Redenção - CE;2021;2021;517;Valor adicionado bruto a preços correntes da indústria;Mil Reais;30414
N6;Município;2311702;Reriutaba - CE;2021;2021;517;Valor adicionado bruto a preços correntes da indústria;Mil Reais;14054
N6;Município;2311801;Russas - CE;2021;2021;517;Valor adicionado bruto a preços correntes da indústria;Mil Reais;152377
N6;Município;2311900;Saboeiro - CE;2021;2021;517;Valor adicionado bruto a preços correntes da indústria;Mil Reais;4014
N6;Município;2311959;Salitre - CE;2021;2021;517;Valor adicionado bruto a preços correntes da indústria;Mil Reais;3856
N6;Município;2312007;Santana do Acaraú - CE;2021;2021;517;Valor adicionado bruto a preços correntes da indústria;Mil Reais;10897
N6;Município;2312106;Santana do Cariri - CE;2021;2021;517;Valor adicionado bruto a preços correntes da indústria;Mil Reais;5157
N6;Município;2312205;Santa Quitéria - CE;2021;2021;517;Valor adicionado bruto a preços correntes da indústria;Mil Reais;108317
N6;Município;2312304;São Benedito - CE;2021;2021;517;Valor adicionado bruto a preços correntes da indústria;Mil Reais;31074
N6;Município;2312403;São Gonçalo do Amarante - CE;2021;2021;517;Valor adicionado bruto a preços correntes da indústria;Mil Reais;5238850
N6;Município;2312502;São João do Jaguaribe - CE;2021;2021;517;Valor adicionado bruto a preços correntes da indústria;Mil Reais;2531
N6;Município;2312601;São Luís do Curu - CE;2021;2021;517;Valor adicionado bruto a preços correntes da indústria;Mil Reais;14153
N6;Município;2312700;Senador Pompeu - CE;2021;2021;517;Valor adicionado bruto a preços correntes da indústria;Mil Reais;54320
N6;Município;2312809;Senador Sá - CE;2021;2021;517;Valor adicionado bruto a preços correntes da indústria;Mil Reais;1876
N6;Município;2312908;Sobral - CE;2021;2021;517;Valor adicionado bruto a preços correntes da indústria;Mil Reais;1228331
N6;Município;2313005;Solonópole - CE;2021;2021;517;Valor adicionado bruto a preços correntes da indústria;Mil Reais;57521
N6;Município;2313104;Tabuleiro do Norte - CE;2021;2021;517;Valor adicionado bruto a preços correntes da indústria;Mil Reais;54133
N6;Município;2313203;Tamboril - CE;2021;2021;517;Valor adicionado bruto a preços correntes da indústria;Mil Reais;8718
N6;Município;2313252;Tarrafas - CE;2021;2021;517;Valor adicionado bruto a preços correntes da indústria;Mil Reais;3296
N6;Município;2313302;Tauá - CE;2021;2021;517;Valor adicionado bruto a preços correntes da indústria;Mil Reais;39185
N6;Município;2313351;Tejuçuoca - CE;2021;2021;517;Valor adicionado bruto a preços correntes da indústria;Mil Reais;4304
N6;Município;2313401;Tianguá - CE;2021;2021;517;Valor adicionado bruto a preços correntes da indústria;Mil Reais;177027
N6;Município;2313500;Trairi - CE;2021;2021;517;Valor adicionado bruto a preços correntes da indústria;Mil Reais;491503
N6;Município;2313559;Tururu - CE;2021;2021;517;Valor adicionado bruto a preços correntes da indústria;Mil Reais;5184
N6;Município;2313609;Ubajara - CE;2021;2021;517;Valor adicionado bruto a preços correntes da indústria;Mil Reais;116158
N6;Município;2313708;Umari - CE;2021;2021;517;Valor adicionado bruto a preços correntes da indústria;Mil Reais;2032
N6;Município;2313757;Umirim - CE;2021;2021;517;Valor adicionado bruto a preços correntes da indústria;Mil Reais;7327
N6;Município;2313807;Uruburetama - CE;2021;2021;517;Valor adicionado bruto a preços correntes da indústria;Mil Reais;55522
N6;Município;2313906;Uruoca - CE;2021;2021;517;Valor adicionado bruto a preços correntes da indústria;Mil Reais;124894
N6;Município;2313955;Varjota - CE;2021;2021;517;Valor adicionado bruto a preços correntes da indústria;Mil Reais;18081
N6;Município;2314003;Várzea Alegre - CE;2021;2021;517;Valor adicionado bruto a preços correntes da indústria;Mil Reais;31745
N6;Município;2314102;Viçosa do Ceará - CE;2021;2021;517;Valor adicionado bruto a preços correntes da indústria;Mil Reais;34449
N1;Brasil;1;Brasil;2021;2021;520;Participação do valor adicionado bruto a preços correntes da indústria no valor adicionado bruto a preços correntes total;%;25.85
N3;Unidade da Federação;23;Ceará;2021;2021;520;Participação do valor adicionado bruto a preços correntes da indústria no valor adicionado bruto a preços correntes total;%;20.49
N6;Município;2300101;Abaiara - CE;2021;2021;520;Participação do valor adicionado bruto a preços correntes da indústria no valor adicionado bruto a preços correntes total;%;2.71
N6;Município;2300150;Acarape - CE;2021;2021;520;Participação do valor adicionado bruto a preços correntes da indústria no valor adicionado bruto a preços correntes total;%;20.27
N6;Município;2300200;Acaraú - CE;2021;2021;520;Participação do valor adicionado bruto a preços correntes da indústria no valor adicionado bruto a preços correntes total;%;27.79
N6;Município;2300309;Acopiara - CE;2021;2021;520;Participação do valor adicionado bruto a preços correntes da indústria no valor adicionado bruto a preços correntes total;%;3.72
N6;Município;2300408;Aiuaba - CE;2021;2021;520;Participação do valor adicionado bruto a preços correntes da indústria no valor adicionado bruto a preços correntes total;%;2.12
N6;Município;2300507;Alcântaras - CE;2021;2021;520;Participação do valor adicionado bruto a preços correntes da indústria no valor adicionado bruto a preços correntes total;%;5.08
N6;Município;2300606;Altaneira - CE;2021;2021;520;Participação do valor adicionado bruto a preços correntes da indústria no valor adicionado bruto a preços correntes total;%;3.55
N6;Município;2300705;Alto Santo - CE;2021;2021;520;Participação do valor adicionado bruto a preços correntes da indústria no valor adicionado bruto a preços correntes total;%;4.63
N6;Município;2300754;Amontada - CE;2021;2021;520;Participação do valor adicionado bruto a preços correntes da indústria no valor adicionado bruto a preços correntes total;%;36.05
N6;Município;2300804;Antonina do Norte - CE;2021;2021;520;Participação do valor adicionado bruto a preços correntes da indústria no valor adicionado bruto a preços correntes total;%;3.97
N6;Município;2300903;Apuiarés - CE;2021;2021;520;Participação do valor adicionado bruto a preços correntes da indústria no valor adicionado bruto a preços correntes total;%;4.76
N6;Município;2301000;Aquiraz - CE;2021;2021;520;Participação do valor adicionado bruto a preços correntes da indústria no valor adicionado bruto a preços correntes total;%;34.18
N6;Município;2301109;Aracati - CE;2021;2021;520;Participação do valor adicionado bruto a preços correntes da indústria no valor adicionado bruto a preços correntes total;%;34.02
N6;Município;2301208;Aracoiaba - CE;2021;2021;520;Participação do valor adicionado bruto a preços correntes da indústria no valor adicionado bruto a preços correntes total;%;4.21
N6;Município;2301257;Ararendá - CE;2021;2021;520;Participação do valor adicionado bruto a preços correntes da indústria no valor adicionado bruto a preços correntes total;%;5.46
N6;Município;2301307;Araripe - CE;2021;2021;520;Participação do valor adicionado bruto a preços correntes da indústria no valor adicionado bruto a preços correntes total;%;4.01
N6;Município;2301406;Aratuba - CE;2021;2021;520;Participação do valor adicionado bruto a preços correntes da indústria no valor adicionado bruto a preços correntes total;%;2.72
N6;Município;2301505;Arneiroz - CE;2021;2021;520;Participação do valor adicionado bruto a preços correntes da indústria no valor adicionado bruto a preços correntes total;%;2.72
N6;Município;2301604;Assaré - CE;2021;2021;520;Participação do valor adicionado bruto a preços correntes da indústria no valor adicionado bruto a preços correntes total;%;3.43
N6;Município;2301703;Aurora - CE;2021;2021;520;Participação do valor adicionado bruto a preços correntes da indústria no valor adicionado bruto a preços correntes total;%;3.42
N6;Município;2301802;Baixio - CE;2021;2021;520;Participação do valor adicionado bruto a preços correntes da indústria no valor adicionado bruto a preços correntes total;%;3.30
N6;Município;2301851;Banabuiú - CE;2021;2021;520;Participação do valor adicionado bruto a preços correntes da indústria no valor adicionado bruto a preços correntes total;%;16.61
N6;Município;2301901;Barbalha - CE;2021;2021;520;Participação do valor adicionado bruto a preços correntes da indústria no valor adicionado bruto a preços correntes total;%;16.42
N6;Município;2301950;Barreira - CE;2021;2021;520;Participação do valor adicionado bruto a preços correntes da indústria no valor adicionado bruto a preços correntes total;%;5.98
N6;Município;2302008;Barro - CE;2021;2021;520;Participação do valor adicionado bruto a preços correntes da indústria no valor adicionado bruto a preços correntes total;%;4.96
N6;Município;2302057;Barroquinha - CE;2021;2021;520;Participação do valor adicionado bruto a preços correntes da indústria no valor adicionado bruto a preços correntes total;%;3.52
N6;Município;2302107;Baturité - CE;2021;2021;520;Participação do valor adicionado bruto a preços correntes da indústria no valor adicionado bruto a preços correntes total;%;5.39
N6;Município;2302206;Beberibe - CE;2021;2021;520;Participação do valor adicionado bruto a preços correntes da indústria no valor adicionado bruto a preços correntes total;%;16.58
N6;Município;2302305;Bela Cruz - CE;2021;2021;520;Participação do valor adicionado bruto a preços correntes da indústria no valor adicionado bruto a preços correntes total;%;5.04
N6;Município;2302404;Boa Viagem - CE;2021;2021;520;Participação do valor adicionado bruto a preços correntes da indústria no valor adicionado bruto a preços correntes total;%;7.34
N6;Município;2302503;Brejo Santo - CE;2021;2021;520;Participação do valor adicionado bruto a preços correntes da indústria no valor adicionado bruto a preços correntes total;%;15.74
N6;Município;2302602;Camocim - CE;2021;2021;520;Participação do valor adicionado bruto a preços correntes da indústria no valor adicionado bruto a preços correntes total;%;19.53
N6;Município;2302701;Campos Sales - CE;2021;2021;520;Participação do valor adicionado bruto a preços correntes da indústria no valor adicionado bruto a preços correntes total;%;3.70
N6;Município;2302800;Canindé - CE;2021;2021;520;Participação do valor adicionado bruto a preços correntes da indústria no valor adicionado bruto a preços correntes total;%;8.60
N6;Município;2302909;Capistrano - CE;2021;2021;520;Participação do valor adicionado bruto a preços correntes da indústria no valor adicionado bruto a preços correntes total;%;3.16
N6;Município;2303006;Caridade - CE;2021;2021;520;Participação do valor adicionado bruto a preços correntes da indústria no valor adicionado bruto a preços correntes total;%;4.24
N6;Município;2303105;Cariré - CE;2021;2021;520;Participação do valor adicionado bruto a preços correntes da indústria no valor adicionado bruto a preços correntes total;%;4.42
N6;Município;2303204;Caririaçu - CE;2021;2021;520;Participação do valor adicionado bruto a preços correntes da indústria no valor adicionado bruto a preços correntes total;%;3.37
N6;Município;2303303;Cariús - CE;2021;2021;520;Participação do valor adicionado bruto a preços correntes da indústria no valor adicionado bruto a preços correntes total;%;3.00
N6;Município;2303402;Carnaubal - CE;2021;2021;520;Participação do valor adicionado bruto a preços correntes da indústria no valor adicionado bruto a preços correntes total;%;4.37
N6;Município;2303501;Cascavel - CE;2021;2021;520;Participação do valor adicionado bruto a preços correntes da indústria no valor adicionado bruto a preços correntes total;%;13.07
N6;Município;2303600;Catarina - CE;2021;2021;520;Participação do valor adicionado bruto a preços correntes da indústria no valor adicionado bruto a preços correntes total;%;2.52
N6;Município;2303659;Catunda - CE;2021;2021;520;Participação do valor adicionado bruto a preços correntes da indústria no valor adicionado bruto a preços correntes total;%;3.09
N6;Município;2303709;Caucaia - CE;2021;2021;520;Participação do valor adicionado bruto a preços correntes da indústria no valor adicionado bruto a preços correntes total;%;43.88
N6;Município;2303808;Cedro - CE;2021;2021;520;Participação do valor adicionado bruto a preços correntes da indústria no valor adicionado bruto a preços correntes total;%;3.45
N6;Município;2303907;Chaval - CE;2021;2021;520;Participação do valor adicionado bruto a preços correntes da indústria no valor adicionado bruto a preços correntes total;%;4.55
N6;Município;2303931;Choró - CE;2021;2021;520;Participação do valor adicionado bruto a preços correntes da indústria no valor adicionado bruto a preços correntes total;%;4.78
N6;Município;2303956;Chorozinho - CE;2021;2021;520;Participação do valor adicionado bruto a preços correntes da indústria no valor adicionado bruto a preços correntes total;%;11.19
N6;Município;2304004;Coreaú - CE;2021;2021;520;Participação do valor adicionado bruto a preços correntes da indústria no valor adicionado bruto a preços correntes total;%;4.50
N6;Município;2304103;Crateús - CE;2021;2021;520;Participação do valor adicionado bruto a preços correntes da indústria no valor adicionado bruto a preços correntes total;%;5.64
N6;Município;2304202;Crato - CE;2021;2021;520;Participação do valor adicionado bruto a preços correntes da indústria no valor adicionado bruto a preços correntes total;%;11.33
N6;Município;2304236;Croatá - CE;2021;2021;520;Participação do valor adicionado bruto a preços correntes da indústria no valor adicionado bruto a preços correntes total;%;2.60
N6;Município;2304251;Cruz - CE;2021;2021;520;Participação do valor adicionado bruto a preços correntes da indústria no valor adicionado bruto a preços correntes total;%;5.21
N6;Município;2304269;Deputado Irapuan Pinheiro - CE;2021;2021;520;Participação do valor adicionado bruto a preços correntes da indústria no valor adicionado bruto a preços correntes total;%;2.30
N6;Município;2304277;Ereré - CE;2021;2021;520;Participação do valor adicionado bruto a preços correntes da indústria no valor adicionado bruto a preços correntes total;%;3.22
N6;Município;2304285;Eusébio - CE;2021;2021;520;Participação do valor adicionado bruto a preços correntes da indústria no valor adicionado bruto a preços correntes total;%;32.84
N6;Município;2304301;Farias Brito - CE;2021;2021;520;Participação do valor adicionado bruto a preços correntes da indústria no valor adicionado bruto a preços correntes total;%;3.23
N6;Município;2304350;Forquilha - CE;2021;2021;520;Participação do valor adicionado bruto a preços correntes da indústria no valor adicionado bruto a preços correntes total;%;18.77
N6;Município;2304400;Fortaleza - CE;2021;2021;520;Participação do valor adicionado bruto a preços correntes da indústria no valor adicionado bruto a preços correntes total;%;13.98
N6;Município;2304459;Fortim - CE;2021;2021;520;Participação do valor adicionado bruto a preços correntes da indústria no valor adicionado bruto a preços correntes total;%;37.02
N6;Município;2304509;Frecheirinha - CE;2021;2021;520;Participação do valor adicionado bruto a preços correntes da indústria no valor adicionado bruto a preços correntes total;%;35.64
N6;Município;2304608;General Sampaio - CE;2021;2021;520;Participação do valor adicionado bruto a preços correntes da indústria no valor adicionado bruto a preços correntes total;%;2.97
N6;Município;2304657;Graça - CE;2021;2021;520;Participação do valor adicionado bruto a preços correntes da indústria no valor adicionado bruto a preços correntes total;%;3.63
N6;Município;2304707;Granja - CE;2021;2021;520;Participação do valor adicionado bruto a preços correntes da indústria no valor adicionado bruto a preços correntes total;%;4.32
N6;Município;2304806;Granjeiro - CE;2021;2021;520;Participação do valor adicionado bruto a preços correntes da indústria no valor adicionado bruto a preços correntes total;%;3.46
N6;Município;2304905;Groaíras - CE;2021;2021;520;Participação do valor adicionado bruto a preços correntes da indústria no valor adicionado bruto a preços correntes total;%;5.70
N6;Município;2304954;Guaiúba - CE;2021;2021;520;Participação do valor adicionado bruto a preços correntes da indústria no valor adicionado bruto a preços correntes total;%;6.88
N6;Município;2305001;Guaraciaba do Norte - CE;2021;2021;520;Participação do valor adicionado bruto a preços correntes da indústria no valor adicionado bruto a preços correntes total;%;3.12
N6;Município;2305100;Guaramiranga - CE;2021;2021;520;Participação do valor adicionado bruto a preços correntes da indústria no valor adicionado bruto a preços correntes total;%;4.20
N6;Município;2305209;Hidrolândia - CE;2021;2021;520;Participação do valor adicionado bruto a preços correntes da indústria no valor adicionado bruto a preços correntes total;%;4.95
N6;Município;2305233;Horizonte - CE;2021;2021;520;Participação do valor adicionado bruto a preços correntes da indústria no valor adicionado bruto a preços correntes total;%;41.98
N6;Município;2305266;Ibaretama - CE;2021;2021;520;Participação do valor adicionado bruto a preços correntes da indústria no valor adicionado bruto a preços correntes total;%;3.75
N6;Município;2305308;Ibiapina - CE;2021;2021;520;Participação do valor adicionado bruto a preços correntes da indústria no valor adicionado bruto a preços correntes total;%;11.20
N6;Município;2305332;Ibicuitinga - CE;2021;2021;520;Participação do valor adicionado bruto a preços correntes da indústria no valor adicionado bruto a preços correntes total;%;3.47
N6;Município;2305357;Icapuí - CE;2021;2021;520;Participação do valor adicionado bruto a preços correntes da indústria no valor adicionado bruto a preços correntes total;%;31.16
N6;Município;2305407;Icó - CE;2021;2021;520;Participação do valor adicionado bruto a preços correntes da indústria no valor adicionado bruto a preços correntes total;%;6.10
N6;Município;2305506;Iguatu - CE;2021;2021;520;Participação do valor adicionado bruto a preços correntes da indústria no valor adicionado bruto a preços correntes total;%;8.69
N6;Município;2305605;Independência - CE;2021;2021;520;Participação do valor adicionado bruto a preços correntes da indústria no valor adicionado bruto a preços correntes total;%;4.21
N6;Município;2305654;Ipaporanga - CE;2021;2021;520;Participação do valor adicionado bruto a preços correntes da indústria no valor adicionado bruto a preços correntes total;%;2.88
N6;Município;2305704;Ipaumirim - CE;2021;2021;520;Participação do valor adicionado bruto a preços correntes da indústria no valor adicionado bruto a preços correntes total;%;5.64
N6;Município;2305803;Ipu - CE;2021;2021;520;Participação do valor adicionado bruto a preços correntes da indústria no valor adicionado bruto a preços correntes total;%;3.96
N6;Município;2305902;Ipueiras - CE;2021;2021;520;Participação do valor adicionado bruto a preços correntes da indústria no valor adicionado bruto a preços correntes total;%;2.49
N6;Município;2306009;Iracema - CE;2021;2021;520;Participação do valor adicionado bruto a preços correntes da indústria no valor adicionado bruto a preços correntes total;%;3.96
N6;Município;2306108;Irauçuba - CE;2021;2021;520;Participação do valor adicionado bruto a preços correntes da indústria no valor adicionado bruto a preços correntes total;%;7.04
N6;Município;2306207;Itaiçaba - CE;2021;2021;520;Participação do valor adicionado bruto a preços correntes da indústria no valor adicionado bruto a preços correntes total;%;4.99
N6;Município;2306256;Itaitinga - CE;2021;2021;520;Participação do valor adicionado bruto a preços correntes da indústria no valor adicionado bruto a preços correntes total;%;18.32
N6;Município;2306306;Itapajé - CE;2021;2021;520;Participação do valor adicionado bruto a preços correntes da indústria no valor adicionado bruto a preços correntes total;%;14.86
N6;Município;2306405;Itapipoca - CE;2021;2021;520;Participação do valor adicionado bruto a preços correntes da indústria no valor adicionado bruto a preços correntes total;%;16.28
N6;Município;2306504;Itapiúna - CE;2021;2021;520;Participação do valor adicionado bruto a preços correntes da indústria no valor adicionado bruto a preços correntes total;%;3.30
N6;Município;2306553;Itarema - CE;2021;2021;520;Participação do valor adicionado bruto a preços correntes da indústria no valor adicionado bruto a preços correntes total;%;42.17
N6;Município;2306603;Itatira - CE;2021;2021;520;Participação do valor adicionado bruto a preços correntes da indústria no valor adicionado bruto a preços correntes total;%;2.60
N6;Município;2306702;Jaguaretama - CE;2021;2021;520;Participação do valor adicionado bruto a preços correntes da indústria no valor adicionado bruto a preços correntes total;%;4.68
N6;Município;2306801;Jaguaribara - CE;2021;2021;520;Participação do valor adicionado bruto a preços correntes da indústria no valor adicionado bruto a preços correntes total;%;4.42
N6;Município;2306900;Jaguaribe - CE;2021;2021;520;Participação do valor adicionado bruto a preços correntes da indústria no valor adicionado bruto a preços correntes total;%;10.22
N6;Município;2307007;Jaguaruana - CE;2021;2021;520;Participação do valor adicionado bruto a preços correntes da indústria no valor adicionado bruto a preços correntes total;%;24.16
N6;Município;2307106;Jardim - CE;2021;2021;520;Participação do valor adicionado bruto a preços correntes da indústria no valor adicionado bruto a preços correntes total;%;3.59
N6;Município;2307205;Jati - CE;2021;2021;520;Participação do valor adicionado bruto a preços correntes da indústria no valor adicionado bruto a preços correntes total;%;2.81
N6;Município;2307254;Jijoca de Jericoacoara - CE;2021;2021;520;Participação do valor adicionado bruto a preços correntes da indústria no valor adicionado bruto a preços correntes total;%;5.24
N6;Município;2307304;Juazeiro do Norte - CE;2021;2021;520;Participação do valor adicionado bruto a preços correntes da indústria no valor adicionado bruto a preços correntes total;%;9.43
N6;Município;2307403;Jucás - CE;2021;2021;520;Participação do valor adicionado bruto a preços correntes da indústria no valor adicionado bruto a preços correntes total;%;10.57
N6;Município;2307502;Lavras da Mangabeira - CE;2021;2021;520;Participação do valor adicionado bruto a preços correntes da indústria no valor adicionado bruto a preços correntes total;%;4.15
N6;Município;2307601;Limoeiro do Norte - CE;2021;2021;520;Participação do valor adicionado bruto a preços correntes da indústria no valor adicionado bruto a preços correntes total;%;11.96
N6;Município;2307635;Madalena - CE;2021;2021;520;Participação do valor adicionado bruto a preços correntes da indústria no valor adicionado bruto a preços correntes total;%;3.34
N6;Município;2307650;Maracanaú - CE;2021;2021;520;Participação do valor adicionado bruto a preços correntes da indústria no valor adicionado bruto a preços correntes total;%;37.87
N6;Município;2307700;Maranguape - CE;2021;2021;520;Participação do valor adicionado bruto a preços correntes da indústria no valor adicionado bruto a preços correntes total;%;20.93
N6;Município;2307809;Marco - CE;2021;2021;520;Participação do valor adicionado bruto a preços correntes da indústria no valor adicionado bruto a preços correntes total;%;12.50
N6;Município;2307908;Martinópole - CE;2021;2021;520;Participação do valor adicionado bruto a preços correntes da indústria no valor adicionado bruto a preços correntes total;%;3.63
N6;Município;2308005;Massapê - CE;2021;2021;520;Participação do valor adicionado bruto a preços correntes da indústria no valor adicionado bruto a preços correntes total;%;15.08
N6;Município;2308104;Mauriti - CE;2021;2021;520;Participação do valor adicionado bruto a preços correntes da indústria no valor adicionado bruto a preços correntes total;%;3.80
N6;Município;2308203;Meruoca - CE;2021;2021;520;Participação do valor adicionado bruto a preços correntes da indústria no valor adicionado bruto a preços correntes total;%;6.33
N6;Município;2308302;Milagres - CE;2021;2021;520;Participação do valor adicionado bruto a preços correntes da indústria no valor adicionado bruto a preços correntes total;%;12.00
N6;Município;2308351;Milhã - CE;2021;2021;520;Participação do valor adicionado bruto a preços correntes da indústria no valor adicionado bruto a preços correntes total;%;1.96
N6;Município;2308377;Miraíma - CE;2021;2021;520;Participação do valor adicionado bruto a preços correntes da indústria no valor adicionado bruto a preços correntes total;%;3.00
N6;Município;2308401;Missão Velha - CE;2021;2021;520;Participação do valor adicionado bruto a preços correntes da indústria no valor adicionado bruto a preços correntes total;%;4.15
N6;Município;2308500;Mombaça - CE;2021;2021;520;Participação do valor adicionado bruto a preços correntes da indústria no valor adicionado bruto a preços correntes total;%;7.13
N6;Município;2308609;Monsenhor Tabosa - CE;2021;2021;520;Participação do valor adicionado bruto a preços correntes da indústria no valor adicionado bruto a preços correntes total;%;2.70
N6;Município;2308708;Morada Nova - CE;2021;2021;520;Participação do valor adicionado bruto a preços correntes da indústria no valor adicionado bruto a preços correntes total;%;27.00
N6;Município;2308807;Moraújo - CE;2021;2021;520;Participação do valor adicionado bruto a preços correntes da indústria no valor adicionado bruto a preços correntes total;%;2.96
N6;Município;2308906;Morrinhos - CE;2021;2021;520;Participação do valor adicionado bruto a preços correntes da indústria no valor adicionado bruto a preços correntes total;%;6.11
N6;Município;2309003;Mucambo - CE;2021;2021;520;Participação do valor adicionado bruto a preços correntes da indústria no valor adicionado bruto a preços correntes total;%;3.97
N6;Município;2309102;Mulungu - CE;2021;2021;520;Participação do valor adicionado bruto a preços correntes da indústria no valor adicionado bruto a preços correntes total;%;3.21
N6;Município;2309201;Nova Olinda - CE;2021;2021;520;Participação do valor adicionado bruto a preços correntes da indústria no valor adicionado bruto a preços correntes total;%;8.51
N6;Município;2309300;Nova Russas - CE;2021;2021;520;Participação do valor adicionado bruto a preços correntes da indústria no valor adicionado bruto a preços correntes total;%;3.53
N6;Município;2309409;Novo Oriente - CE;2021;2021;520;Participação do valor adicionado bruto a preços correntes da indústria no valor adicionado bruto a preços correntes total;%;7.53
N6;Município;2309458;Ocara - CE;2021;2021;520;Participação do valor adicionado bruto a preços correntes da indústria no valor adicionado bruto a preços correntes total;%;12.27
N6;Município;2309508;Orós - CE;2021;2021;520;Participação do valor adicionado bruto a preços correntes da indústria no valor adicionado bruto a preços correntes total;%;3.65
N6;Município;2309607;Pacajus - CE;2021;2021;520;Participação do valor adicionado bruto a preços correntes da indústria no valor adicionado bruto a preços correntes total;%;35.19
N6;Município;2309706;Pacatuba - CE;2021;2021;520;Participação do valor adicionado bruto a preços correntes da indústria no valor adicionado bruto a preços correntes total;%;30.09
N6;Município;2309805;Pacoti - CE;2021;2021;520;Participação do valor adicionado bruto a preços correntes da indústria no valor adicionado bruto a preços correntes total;%;3.54
N6;Município;2309904;Pacujá - CE;2021;2021;520;Participação do valor adicionado bruto a preços correntes da indústria no valor adicionado bruto a preços correntes total;%;4.62
N6;Município;2310001;Palhano - CE;2021;2021;520;Participação do valor adicionado bruto a preços correntes da indústria no valor adicionado bruto a preços correntes total;%;4.73
N6;Município;2310100;Palmácia - CE;2021;2021;520;Participação do valor adicionado bruto a preços correntes da indústria no valor adicionado bruto a preços correntes total;%;2.66
N6;Município;2310209;Paracuru - CE;2021;2021;520;Participação do valor adicionado bruto a preços correntes da indústria no valor adicionado bruto a preços correntes total;%;18.43
N6;Município;2310258;Paraipaba - CE;2021;2021;520;Participação do valor adicionado bruto a preços correntes da indústria no valor adicionado bruto a preços correntes total;%;16.57
N6;Município;2310308;Parambu - CE;2021;2021;520;Participação do valor adicionado bruto a preços correntes da indústria no valor adicionado bruto a preços correntes total;%;2.98
N6;Município;2310407;Paramoti - CE;2021;2021;520;Participação do valor adicionado bruto a preços correntes da indústria no valor adicionado bruto a preços correntes total;%;3.63
N6;Município;2310506;Pedra Branca - CE;2021;2021;520;Participação do valor adicionado bruto a preços correntes da indústria no valor adicionado bruto a preços correntes total;%;2.60
N6;Município;2310605;Penaforte - CE;2021;2021;520;Participação do valor adicionado bruto a preços correntes da indústria no valor adicionado bruto a preços correntes total;%;4.75
N6;Município;2310704;Pentecoste - CE;2021;2021;520;Participação do valor adicionado bruto a preços correntes da indústria no valor adicionado bruto a preços correntes total;%;16.23
N6;Município;2310803;Pereiro - CE;2021;2021;520;Participação do valor adicionado bruto a preços correntes da indústria no valor adicionado bruto a preços correntes total;%;2.87
N6;Município;2310852;Pindoretama - CE;2021;2021;520;Participação do valor adicionado bruto a preços correntes da indústria no valor adicionado bruto a preços correntes total;%;6.14
N6;Município;2310902;Piquet Carneiro - CE;2021;2021;520;Participação do valor adicionado bruto a preços correntes da indústria no valor adicionado bruto a preços correntes total;%;2.80
N6;Município;2310951;Pires Ferreira - CE;2021;2021;520;Participação do valor adicionado bruto a preços correntes da indústria no valor adicionado bruto a preços correntes total;%;3.45
N6;Município;2311009;Poranga - CE;2021;2021;520;Participação do valor adicionado bruto a preços correntes da indústria no valor adicionado bruto a preços correntes total;%;3.64
N6;Município;2311108;Porteiras - CE;2021;2021;520;Participação do valor adicionado bruto a preços correntes da indústria no valor adicionado bruto a preços correntes total;%;4.61
N6;Município;2311207;Potengi - CE;2021;2021;520;Participação do valor adicionado bruto a preços correntes da indústria no valor adicionado bruto a preços correntes total;%;4.54
N6;Município;2311231;Potiretama - CE;2021;2021;520;Participação do valor adicionado bruto a preços correntes da indústria no valor adicionado bruto a preços correntes total;%;4.68
N6;Município;2311264;Quiterianópolis - CE;2021;2021;520;Participação do valor adicionado bruto a preços correntes da indústria no valor adicionado bruto a preços correntes total;%;3.09
N6;Município;2311306;Quixadá - CE;2021;2021;520;Participação do valor adicionado bruto a preços correntes da indústria no valor adicionado bruto a preços correntes total;%;6.46
N6;Município;2311355;Quixelô - CE;2021;2021;520;Participação do valor adicionado bruto a preços correntes da indústria no valor adicionado bruto a preços correntes total;%;2.25
N6;Município;2311405;Quixeramobim - CE;2021;2021;520;Participação do valor adicionado bruto a preços correntes da indústria no valor adicionado bruto a preços correntes total;%;22.66
N6;Município;2311504;Quixeré - CE;2021;2021;520;Participação do valor adicionado bruto a preços correntes da indústria no valor adicionado bruto a preços correntes total;%;40.40
N6;Município;2311603;Redenção - CE;2021;2021;520;Participação do valor adicionado bruto a preços correntes da indústria no valor adicionado bruto a preços correntes total;%;7.88
N6;Município;2311702;Reriutaba - CE;2021;2021;520;Participação do valor adicionado bruto a preços correntes da indústria no valor adicionado bruto a preços correntes total;%;7.85
N6;Município;2311801;Russas - CE;2021;2021;520;Participação do valor adicionado bruto a preços correntes da indústria no valor adicionado bruto a preços correntes total;%;14.69
N6;Município;2311900;Saboeiro - CE;2021;2021;520;Participação do valor adicionado bruto a preços correntes da indústria no valor adicionado bruto a preços correntes total;%;2.44
N6;Município;2311959;Salitre - CE;2021;2021;520;Participação do valor adicionado bruto a preços correntes da indústria no valor adicionado bruto a preços correntes total;%;2.51
N6;Município;2312007;Santana do Acaraú - CE;2021;2021;520;Participação do valor adicionado bruto a preços correntes da indústria no valor adicionado bruto a preços correntes total;%;4.06
N6;Município;2312106;Santana do Cariri - CE;2021;2021;520;Participação do valor adicionado bruto a preços correntes da indústria no valor adicionado bruto a preços correntes total;%;3.35
N6;Município;2312205;Santa Quitéria - CE;2021;2021;520;Participação do valor adicionado bruto a preços correntes da indústria no valor adicionado bruto a preços correntes total;%;18.34
N6;Município;2312304;São Benedito - CE;2021;2021;520;Participação do valor adicionado bruto a preços correntes da indústria no valor adicionado bruto a preços correntes total;%;5.29
N6;Município;2312403;São Gonçalo do Amarante - CE;2021;2021;520;Participação do valor adicionado bruto a preços correntes da indústria no valor adicionado bruto a preços correntes total;%;74.28
N6;Município;2312502;São João do Jaguaribe - CE;2021;2021;520;Participação do valor adicionado bruto a preços correntes da indústria no valor adicionado bruto a preços correntes total;%;2.43
N6;Município;2312601;São Luís do Curu - CE;2021;2021;520;Participação do valor adicionado bruto a preços correntes da indústria no valor adicionado bruto a preços correntes total;%;11.46
N6;Município;2312700;Senador Pompeu - CE;2021;2021;520;Participação do valor adicionado bruto a preços correntes da indústria no valor adicionado bruto a preços correntes total;%;16.70
N6;Município;2312809;Senador Sá - CE;2021;2021;520;Participação do valor adicionado bruto a preços correntes da indústria no valor adicionado bruto a preços correntes total;%;3.10
N6;Município;2312908;Sobral - CE;2021;2021;520;Participação do valor adicionado bruto a preços correntes da indústria no valor adicionado bruto a preços correntes total;%;25.37
N6;Município;2313005;Solonópole - CE;2021;2021;520;Participação do valor adicionado bruto a preços correntes da indústria no valor adicionado bruto a preços correntes total;%;20.18
N6;Município;2313104;Tabuleiro do Norte - CE;2021;2021;520;Participação do valor adicionado bruto a preços correntes da indústria no valor adicionado bruto a preços correntes total;%;13.13
N6;Município;2313203;Tamboril - CE;2021;2021;520;Participação do valor adicionado bruto a preços correntes da indústria no valor adicionado bruto a preços correntes total;%;3.21
N6;Município;2313252;Tarrafas - CE;2021;2021;520;Participação do valor adicionado bruto a preços correntes da indústria no valor adicionado bruto a preços correntes total;%;3.98
N6;Município;2313302;Tauá - CE;2021;2021;520;Participação do valor adicionado bruto a preços correntes da indústria no valor adicionado bruto a preços correntes total;%;5.96
N6;Município;2313351;Tejuçuoca - CE;2021;2021;520;Participação do valor adicionado bruto a preços correntes da indústria no valor adicionado bruto a preços correntes total;%;3.28
N6;Município;2313401;Tianguá - CE;2021;2021;520;Participação do valor adicionado bruto a preços correntes da indústria no valor adicionado bruto a preços correntes total;%;11.60
N6;Município;2313500;Trairi - CE;2021;2021;520;Participação do valor adicionado bruto a preços correntes da indústria no valor adicionado bruto a preços correntes total;%;47.30
N6;Município;2313559;Tururu - CE;2021;2021;520;Participação do valor adicionado bruto a preços correntes da indústria no valor adicionado bruto a preços correntes total;%;3.89
N6;Município;2313609;Ubajara - CE;2021;2021;520;Participação do valor adicionado bruto a preços correntes da indústria no valor adicionado bruto a preços correntes total;%;19.38
N6;Município;2313708;Umari - CE;2021;2021;520;Participação do valor adicionado bruto a preços correntes da indústria no valor adicionado bruto a preços correntes total;%;3.02
N6;Município;2313757;Umirim - CE;2021;2021;520;Participação do valor adicionado bruto a preços correntes da indústria no valor adicionado bruto a preços correntes total;%;4.55
N6;Município;2313807;Uruburetama - CE;2021;2021;520;Participação do valor adicionado bruto a preços correntes da indústria no valor adicionado bruto a preços correntes total;%;19.54
N6;Município;2313906;Uruoca - CE;2021;2021;520;Participação do valor adicionado bruto a preços correntes da indústria no valor adicionado bruto a preços correntes total;%;43.87
N6;Município;2313955;Varjota - CE;2021;2021;520;Participação do valor adicionado bruto a preços correntes da indústria no valor adicionado bruto a preços correntes total;%;5.05
N6;Município;2314003;Várzea Alegre - CE;2021;2021;520;Participação do valor adicionado bruto a preços correntes da indústria no valor adicionado bruto a preços correntes total;%;7.32
N6;Município;2314102;Viçosa do Ceará - CE;2021;2021;520;Participação do valor adicionado bruto a preços correntes da indústria no valor adicionado bruto a preços correntes total;%;6.22
N1;Brasil;1;Brasil;2021;2021;6575;Valor adicionado bruto a preços correntes dos serviços, exclusive administração, defesa, educação e saúde públicas e seguridade social;Mil Reais;3910159000
N3;Unidade da Federação;23;Ceará;2021;2021;6575;Valor adicionado bruto a preços correntes dos serviços, exclusive administração, defesa, educação e saúde públicas e seguridade social;Mil Reais;83990541
N6;Município;2300101;Abaiara - CE;2021;2021;6575;Valor adicionado bruto a preços correntes dos serviços, exclusive administração, defesa, educação e saúde públicas e seguridade social;Mil Reais;29093
N6;Município;2300150;Acarape - CE;2021;2021;6575;Valor adicionado bruto a preços correntes dos serviços, exclusive administração, defesa, educação e saúde públicas e seguridade social;Mil Reais;57169
N6;Município;2300200;Acaraú - CE;2021;2021;6575;Valor adicionado bruto a preços correntes dos serviços, exclusive administração, defesa, educação e saúde públicas e seguridade social;Mil Reais;289733
N6;Município;2300309;Acopiara - CE;2021;2021;6575;Valor adicionado bruto a preços correntes dos serviços, exclusive administração, defesa, educação e saúde públicas e seguridade social;Mil Reais;171031
N6;Município;2300408;Aiuaba - CE;2021;2021;6575;Valor adicionado bruto a preços correntes dos serviços, exclusive administração, defesa, educação e saúde públicas e seguridade social;Mil Reais;33933
N6;Município;2300507;Alcântaras - CE;2021;2021;6575;Valor adicionado bruto a preços correntes dos serviços, exclusive administração, defesa, educação e saúde públicas e seguridade social;Mil Reais;26247
N6;Município;2300606;Altaneira - CE;2021;2021;6575;Valor adicionado bruto a preços correntes dos serviços, exclusive administração, defesa, educação e saúde públicas e seguridade social;Mil Reais;19194
N6;Município;2300705;Alto Santo - CE;2021;2021;6575;Valor adicionado bruto a preços correntes dos serviços, exclusive administração, defesa, educação e saúde públicas e seguridade social;Mil Reais;56941
N6;Município;2300754;Amontada - CE;2021;2021;6575;Valor adicionado bruto a preços correntes dos serviços, exclusive administração, defesa, educação e saúde públicas e seguridade social;Mil Reais;147238
N6;Município;2300804;Antonina do Norte - CE;2021;2021;6575;Valor adicionado bruto a preços correntes dos serviços, exclusive administração, defesa, educação e saúde públicas e seguridade social;Mil Reais;25682
N6;Município;2300903;Apuiarés - CE;2021;2021;6575;Valor adicionado bruto a preços correntes dos serviços, exclusive administração, defesa, educação e saúde públicas e seguridade social;Mil Reais;35732
N6;Município;2301000;Aquiraz - CE;2021;2021;6575;Valor adicionado bruto a preços correntes dos serviços, exclusive administração, defesa, educação e saúde públicas e seguridade social;Mil Reais;1347196
N6;Município;2301109;Aracati - CE;2021;2021;6575;Valor adicionado bruto a preços correntes dos serviços, exclusive administração, defesa, educação e saúde públicas e seguridade social;Mil Reais;598729
N6;Município;2301208;Aracoiaba - CE;2021;2021;6575;Valor adicionado bruto a preços correntes dos serviços, exclusive administração, defesa, educação e saúde públicas e seguridade social;Mil Reais;80019
N6;Município;2301257;Ararendá - CE;2021;2021;6575;Valor adicionado bruto a preços correntes dos serviços, exclusive administração, defesa, educação e saúde públicas e seguridade social;Mil Reais;27874
N6;Município;2301307;Araripe - CE;2021;2021;6575;Valor adicionado bruto a preços correntes dos serviços, exclusive administração, defesa, educação e saúde públicas e seguridade social;Mil Reais;48531
N6;Município;2301406;Aratuba - CE;2021;2021;6575;Valor adicionado bruto a preços correntes dos serviços, exclusive administração, defesa, educação e saúde públicas e seguridade social;Mil Reais;32495
N6;Município;2301505;Arneiroz - CE;2021;2021;6575;Valor adicionado bruto a preços correntes dos serviços, exclusive administração, defesa, educação e saúde públicas e seguridade social;Mil Reais;17066
N6;Município;2301604;Assaré - CE;2021;2021;6575;Valor adicionado bruto a preços correntes dos serviços, exclusive administração, defesa, educação e saúde públicas e seguridade social;Mil Reais;75910
N6;Município;2301703;Aurora - CE;2021;2021;6575;Valor adicionado bruto a preços correntes dos serviços, exclusive administração, defesa, educação e saúde públicas e seguridade social;Mil Reais;65680
N6;Município;2301802;Baixio - CE;2021;2021;6575;Valor adicionado bruto a preços correntes dos serviços, exclusive administração, defesa, educação e saúde públicas e seguridade social;Mil Reais;14465
N6;Município;2301851;Banabuiú - CE;2021;2021;6575;Valor adicionado bruto a preços correntes dos serviços, exclusive administração, defesa, educação e saúde públicas e seguridade social;Mil Reais;66669
N6;Município;2301901;Barbalha - CE;2021;2021;6575;Valor adicionado bruto a preços correntes dos serviços, exclusive administração, defesa, educação e saúde públicas e seguridade social;Mil Reais;584349
N6;Município;2301950;Barreira - CE;2021;2021;6575;Valor adicionado bruto a preços correntes dos serviços, exclusive administração, defesa, educação e saúde públicas e seguridade social;Mil Reais;71941
N6;Município;2302008;Barro - CE;2021;2021;6575;Valor adicionado bruto a preços correntes dos serviços, exclusive administração, defesa, educação e saúde públicas e seguridade social;Mil Reais;77545
N6;Município;2302057;Barroquinha - CE;2021;2021;6575;Valor adicionado bruto a preços correntes dos serviços, exclusive administração, defesa, educação e saúde públicas e seguridade social;Mil Reais;36510
N6;Município;2302107;Baturité - CE;2021;2021;6575;Valor adicionado bruto a preços correntes dos serviços, exclusive administração, defesa, educação e saúde públicas e seguridade social;Mil Reais;208836
N6;Município;2302206;Beberibe - CE;2021;2021;6575;Valor adicionado bruto a preços correntes dos serviços, exclusive administração, defesa, educação e saúde públicas e seguridade social;Mil Reais;247368
N6;Município;2302305;Bela Cruz - CE;2021;2021;6575;Valor adicionado bruto a preços correntes dos serviços, exclusive administração, defesa, educação e saúde públicas e seguridade social;Mil Reais;85925
N6;Município;2302404;Boa Viagem - CE;2021;2021;6575;Valor adicionado bruto a preços correntes dos serviços, exclusive administração, defesa, educação e saúde públicas e seguridade social;Mil Reais;189399
N6;Município;2302503;Brejo Santo - CE;2021;2021;6575;Valor adicionado bruto a preços correntes dos serviços, exclusive administração, defesa, educação e saúde públicas e seguridade social;Mil Reais;318299
N6;Município;2302602;Camocim - CE;2021;2021;6575;Valor adicionado bruto a preços correntes dos serviços, exclusive administração, defesa, educação e saúde públicas e seguridade social;Mil Reais;280667
N6;Município;2302701;Campos Sales - CE;2021;2021;6575;Valor adicionado bruto a preços correntes dos serviços, exclusive administração, defesa, educação e saúde públicas e seguridade social;Mil Reais;110385
N6;Município;2302800;Canindé - CE;2021;2021;6575;Valor adicionado bruto a preços correntes dos serviços, exclusive administração, defesa, educação e saúde públicas e seguridade social;Mil Reais;370446
N6;Município;2302909;Capistrano - CE;2021;2021;6575;Valor adicionado bruto a preços correntes dos serviços, exclusive administração, defesa, educação e saúde públicas e seguridade social;Mil Reais;51841
N6;Município;2303006;Caridade - CE;2021;2021;6575;Valor adicionado bruto a preços correntes dos serviços, exclusive administração, defesa, educação e saúde públicas e seguridade social;Mil Reais;55813
N6;Município;2303105;Cariré - CE;2021;2021;6575;Valor adicionado bruto a preços correntes dos serviços, exclusive administração, defesa, educação e saúde públicas e seguridade social;Mil Reais;42335
N6;Município;2303204;Caririaçu - CE;2021;2021;6575;Valor adicionado bruto a preços correntes dos serviços, exclusive administração, defesa, educação e saúde públicas e seguridade social;Mil Reais;65384
N6;Município;2303303;Cariús - CE;2021;2021;6575;Valor adicionado bruto a preços correntes dos serviços, exclusive administração, defesa, educação e saúde públicas e seguridade social;Mil Reais;41909
N6;Município;2303402;Carnaubal - CE;2021;2021;6575;Valor adicionado bruto a preços correntes dos serviços, exclusive administração, defesa, educação e saúde públicas e seguridade social;Mil Reais;48573
N6;Município;2303501;Cascavel - CE;2021;2021;6575;Valor adicionado bruto a preços correntes dos serviços, exclusive administração, defesa, educação e saúde públicas e seguridade social;Mil Reais;411528
N6;Município;2303600;Catarina - CE;2021;2021;6575;Valor adicionado bruto a preços correntes dos serviços, exclusive administração, defesa, educação e saúde públicas e seguridade social;Mil Reais;35333
N6;Município;2303659;Catunda - CE;2021;2021;6575;Valor adicionado bruto a preços correntes dos serviços, exclusive administração, defesa, educação e saúde públicas e seguridade social;Mil Reais;29683
N6;Município;2303709;Caucaia - CE;2021;2021;6575;Valor adicionado bruto a preços correntes dos serviços, exclusive administração, defesa, educação e saúde públicas e seguridade social;Mil Reais;3305418
N6;Município;2303808;Cedro - CE;2021;2021;6575;Valor adicionado bruto a preços correntes dos serviços, exclusive administração, defesa, educação e saúde públicas e seguridade social;Mil Reais;79138
N6;Município;2303907;Chaval - CE;2021;2021;6575;Valor adicionado bruto a preços correntes dos serviços, exclusive administração, defesa, educação e saúde públicas e seguridade social;Mil Reais;34129
N6;Município;2303931;Choró - CE;2021;2021;6575;Valor adicionado bruto a preços correntes dos serviços, exclusive administração, defesa, educação e saúde públicas e seguridade social;Mil Reais;84820
N6;Município;2303956;Chorozinho - CE;2021;2021;6575;Valor adicionado bruto a preços correntes dos serviços, exclusive administração, defesa, educação e saúde públicas e seguridade social;Mil Reais;78132
N6;Município;2304004;Coreaú - CE;2021;2021;6575;Valor adicionado bruto a preços correntes dos serviços, exclusive administração, defesa, educação e saúde públicas e seguridade social;Mil Reais;70140
N6;Município;2304103;Crateús - CE;2021;2021;6575;Valor adicionado bruto a preços correntes dos serviços, exclusive administração, defesa, educação e saúde públicas e seguridade social;Mil Reais;438111
N6;Município;2304202;Crato - CE;2021;2021;6575;Valor adicionado bruto a preços correntes dos serviços, exclusive administração, defesa, educação e saúde públicas e seguridade social;Mil Reais;913224
N6;Município;2304236;Croatá - CE;2021;2021;6575;Valor adicionado bruto a preços correntes dos serviços, exclusive administração, defesa, educação e saúde públicas e seguridade social;Mil Reais;53249
N6;Município;2304251;Cruz - CE;2021;2021;6575;Valor adicionado bruto a preços correntes dos serviços, exclusive administração, defesa, educação e saúde públicas e seguridade social;Mil Reais;166099
N6;Município;2304269;Deputado Irapuan Pinheiro - CE;2021;2021;6575;Valor adicionado bruto a preços correntes dos serviços, exclusive administração, defesa, educação e saúde públicas e seguridade social;Mil Reais;26363
N6;Município;2304277;Ereré - CE;2021;2021;6575;Valor adicionado bruto a preços correntes dos serviços, exclusive administração, defesa, educação e saúde públicas e seguridade social;Mil Reais;17845
N6;Município;2304285;Eusébio - CE;2021;2021;6575;Valor adicionado bruto a preços correntes dos serviços, exclusive administração, defesa, educação e saúde públicas e seguridade social;Mil Reais;1503329
N6;Município;2304301;Farias Brito - CE;2021;2021;6575;Valor adicionado bruto a preços correntes dos serviços, exclusive administração, defesa, educação e saúde públicas e seguridade social;Mil Reais;49617
N6;Município;2304350;Forquilha - CE;2021;2021;6575;Valor adicionado bruto a preços correntes dos serviços, exclusive administração, defesa, educação e saúde públicas e seguridade social;Mil Reais;96570
N6;Município;2304400;Fortaleza - CE;2021;2021;6575;Valor adicionado bruto a preços correntes dos serviços, exclusive administração, defesa, educação e saúde públicas e seguridade social;Mil Reais;41839224
N6;Município;2304459;Fortim - CE;2021;2021;6575;Valor adicionado bruto a preços correntes dos serviços, exclusive administração, defesa, educação e saúde públicas e seguridade social;Mil Reais;84875
N6;Município;2304509;Frecheirinha - CE;2021;2021;6575;Valor adicionado bruto a preços correntes dos serviços, exclusive administração, defesa, educação e saúde públicas e seguridade social;Mil Reais;75995
N6;Município;2304608;General Sampaio - CE;2021;2021;6575;Valor adicionado bruto a preços correntes dos serviços, exclusive administração, defesa, educação e saúde públicas e seguridade social;Mil Reais;26864
N6;Município;2304657;Graça - CE;2021;2021;6575;Valor adicionado bruto a preços correntes dos serviços, exclusive administração, defesa, educação e saúde públicas e seguridade social;Mil Reais;32559
N6;Município;2304707;Granja - CE;2021;2021;6575;Valor adicionado bruto a preços correntes dos serviços, exclusive administração, defesa, educação e saúde públicas e seguridade social;Mil Reais;140722
N6;Município;2304806;Granjeiro - CE;2021;2021;6575;Valor adicionado bruto a preços correntes dos serviços, exclusive administração, defesa, educação e saúde públicas e seguridade social;Mil Reais;10300
N6;Município;2304905;Groaíras - CE;2021;2021;6575;Valor adicionado bruto a preços correntes dos serviços, exclusive administração, defesa, educação e saúde públicas e seguridade social;Mil Reais;33769
N6;Município;2304954;Guaiúba - CE;2021;2021;6575;Valor adicionado bruto a preços correntes dos serviços, exclusive administração, defesa, educação e saúde públicas e seguridade social;Mil Reais;65325
N6;Município;2305001;Guaraciaba do Norte - CE;2021;2021;6575;Valor adicionado bruto a preços correntes dos serviços, exclusive administração, defesa, educação e saúde públicas e seguridade social;Mil Reais;181927
N6;Município;2305100;Guaramiranga - CE;2021;2021;6575;Valor adicionado bruto a preços correntes dos serviços, exclusive administração, defesa, educação e saúde públicas e seguridade social;Mil Reais;32717
N6;Município;2305209;Hidrolândia - CE;2021;2021;6575;Valor adicionado bruto a preços correntes dos serviços, exclusive administração, defesa, educação e saúde públicas e seguridade social;Mil Reais;53115
N6;Município;2305233;Horizonte - CE;2021;2021;6575;Valor adicionado bruto a preços correntes dos serviços, exclusive administração, defesa, educação e saúde públicas e seguridade social;Mil Reais;609647
N6;Município;2305266;Ibaretama - CE;2021;2021;6575;Valor adicionado bruto a preços correntes dos serviços, exclusive administração, defesa, educação e saúde públicas e seguridade social;Mil Reais;33518
N6;Município;2305308;Ibiapina - CE;2021;2021;6575;Valor adicionado bruto a preços correntes dos serviços, exclusive administração, defesa, educação e saúde públicas e seguridade social;Mil Reais;83134
N6;Município;2305332;Ibicuitinga - CE;2021;2021;6575;Valor adicionado bruto a preços correntes dos serviços, exclusive administração, defesa, educação e saúde públicas e seguridade social;Mil Reais;32427
N6;Município;2305357;Icapuí - CE;2021;2021;6575;Valor adicionado bruto a preços correntes dos serviços, exclusive administração, defesa, educação e saúde públicas e seguridade social;Mil Reais;103076
N6;Município;2305407;Icó - CE;2021;2021;6575;Valor adicionado bruto a preços correntes dos serviços, exclusive administração, defesa, educação e saúde públicas e seguridade social;Mil Reais;261107
N6;Município;2305506;Iguatu - CE;2021;2021;6575;Valor adicionado bruto a preços correntes dos serviços, exclusive administração, defesa, educação e saúde públicas e seguridade social;Mil Reais;884619
N6;Município;2305605;Independência - CE;2021;2021;6575;Valor adicionado bruto a preços correntes dos serviços, exclusive administração, defesa, educação e saúde públicas e seguridade social;Mil Reais;69067
N6;Município;2305654;Ipaporanga - CE;2021;2021;6575;Valor adicionado bruto a preços correntes dos serviços, exclusive administração, defesa, educação e saúde públicas e seguridade social;Mil Reais;27825
N6;Município;2305704;Ipaumirim - CE;2021;2021;6575;Valor adicionado bruto a preços correntes dos serviços, exclusive administração, defesa, educação e saúde públicas e seguridade social;Mil Reais;46333
N6;Município;2305803;Ipu - CE;2021;2021;6575;Valor adicionado bruto a preços correntes dos serviços, exclusive administração, defesa, educação e saúde públicas e seguridade social;Mil Reais;179310
N6;Município;2305902;Ipueiras - CE;2021;2021;6575;Valor adicionado bruto a preços correntes dos serviços, exclusive administração, defesa, educação e saúde públicas e seguridade social;Mil Reais;102283
N6;Município;2306009;Iracema - CE;2021;2021;6575;Valor adicionado bruto a preços correntes dos serviços, exclusive administração, defesa, educação e saúde públicas e seguridade social;Mil Reais;56868
N6;Município;2306108;Irauçuba - CE;2021;2021;6575;Valor adicionado bruto a preços correntes dos serviços, exclusive administração, defesa, educação e saúde públicas e seguridade social;Mil Reais;65103
N6;Município;2306207;Itaiçaba - CE;2021;2021;6575;Valor adicionado bruto a preços correntes dos serviços, exclusive administração, defesa, educação e saúde públicas e seguridade social;Mil Reais;23458
N6;Município;2306256;Itaitinga - CE;2021;2021;6575;Valor adicionado bruto a preços correntes dos serviços, exclusive administração, defesa, educação e saúde públicas e seguridade social;Mil Reais;620820
N6;Município;2306306;Itapajé - CE;2021;2021;6575;Valor adicionado bruto a preços correntes dos serviços, exclusive administração, defesa, educação e saúde públicas e seguridade social;Mil Reais;199604
N6;Município;2306405;Itapipoca - CE;2021;2021;6575;Valor adicionado bruto a preços correntes dos serviços, exclusive administração, defesa, educação e saúde públicas e seguridade social;Mil Reais;724250
N6;Município;2306504;Itapiúna - CE;2021;2021;6575;Valor adicionado bruto a preços correntes dos serviços, exclusive administração, defesa, educação e saúde públicas e seguridade social;Mil Reais;44797
N6;Município;2306553;Itarema - CE;2021;2021;6575;Valor adicionado bruto a preços correntes dos serviços, exclusive administração, defesa, educação e saúde públicas e seguridade social;Mil Reais;157933
N6;Município;2306603;Itatira - CE;2021;2021;6575;Valor adicionado bruto a preços correntes dos serviços, exclusive administração, defesa, educação e saúde públicas e seguridade social;Mil Reais;45940
N6;Município;2306702;Jaguaretama - CE;2021;2021;6575;Valor adicionado bruto a preços correntes dos serviços, exclusive administração, defesa, educação e saúde públicas e seguridade social;Mil Reais;56205
N6;Município;2306801;Jaguaribara - CE;2021;2021;6575;Valor adicionado bruto a preços correntes dos serviços, exclusive administração, defesa, educação e saúde públicas e seguridade social;Mil Reais;45304
N6;Município;2306900;Jaguaribe - CE;2021;2021;6575;Valor adicionado bruto a preços correntes dos serviços, exclusive administração, defesa, educação e saúde públicas e seguridade social;Mil Reais;215448
N6;Município;2307007;Jaguaruana - CE;2021;2021;6575;Valor adicionado bruto a preços correntes dos serviços, exclusive administração, defesa, educação e saúde públicas e seguridade social;Mil Reais;141165
N6;Município;2307106;Jardim - CE;2021;2021;6575;Valor adicionado bruto a preços correntes dos serviços, exclusive administração, defesa, educação e saúde públicas e seguridade social;Mil Reais;75399
N6;Município;2307205;Jati - CE;2021;2021;6575;Valor adicionado bruto a preços correntes dos serviços, exclusive administração, defesa, educação e saúde públicas e seguridade social;Mil Reais;56137
N6;Município;2307254;Jijoca de Jericoacoara - CE;2021;2021;6575;Valor adicionado bruto a preços correntes dos serviços, exclusive administração, defesa, educação e saúde públicas e seguridade social;Mil Reais;347801
N6;Município;2307304;Juazeiro do Norte - CE;2021;2021;6575;Valor adicionado bruto a preços correntes dos serviços, exclusive administração, defesa, educação e saúde públicas e seguridade social;Mil Reais;2988180
N6;Município;2307403;Jucás - CE;2021;2021;6575;Valor adicionado bruto a preços correntes dos serviços, exclusive administração, defesa, educação e saúde públicas e seguridade social;Mil Reais;97526
N6;Município;2307502;Lavras da Mangabeira - CE;2021;2021;6575;Valor adicionado bruto a preços correntes dos serviços, exclusive administração, defesa, educação e saúde públicas e seguridade social;Mil Reais;95604
N6;Município;2307601;Limoeiro do Norte - CE;2021;2021;6575;Valor adicionado bruto a preços correntes dos serviços, exclusive administração, defesa, educação e saúde públicas e seguridade social;Mil Reais;524692
N6;Município;2307635;Madalena - CE;2021;2021;6575;Valor adicionado bruto a preços correntes dos serviços, exclusive administração, defesa, educação e saúde públicas e seguridade social;Mil Reais;50606
N6;Município;2307650;Maracanaú - CE;2021;2021;6575;Valor adicionado bruto a preços correntes dos serviços, exclusive administração, defesa, educação e saúde públicas e seguridade social;Mil Reais;4907454
N6;Município;2307700;Maranguape - CE;2021;2021;6575;Valor adicionado bruto a preços correntes dos serviços, exclusive administração, defesa, educação e saúde públicas e seguridade social;Mil Reais;571469
N6;Município;2307809;Marco - CE;2021;2021;6575;Valor adicionado bruto a preços correntes dos serviços, exclusive administração, defesa, educação e saúde públicas e seguridade social;Mil Reais;145584
N6;Município;2307908;Martinópole - CE;2021;2021;6575;Valor adicionado bruto a preços correntes dos serviços, exclusive administração, defesa, educação e saúde públicas e seguridade social;Mil Reais;27561
N6;Município;2308005;Massapê - CE;2021;2021;6575;Valor adicionado bruto a preços correntes dos serviços, exclusive administração, defesa, educação e saúde públicas e seguridade social;Mil Reais;115808
N6;Município;2308104;Mauriti - CE;2021;2021;6575;Valor adicionado bruto a preços correntes dos serviços, exclusive administração, defesa, educação e saúde públicas e seguridade social;Mil Reais;134582
N6;Município;2308203;Meruoca - CE;2021;2021;6575;Valor adicionado bruto a preços correntes dos serviços, exclusive administração, defesa, educação e saúde públicas e seguridade social;Mil Reais;34959
N6;Município;2308302;Milagres - CE;2021;2021;6575;Valor adicionado bruto a preços correntes dos serviços, exclusive administração, defesa, educação e saúde públicas e seguridade social;Mil Reais;86872
N6;Município;2308351;Milhã - CE;2021;2021;6575;Valor adicionado bruto a preços correntes dos serviços, exclusive administração, defesa, educação e saúde públicas e seguridade social;Mil Reais;43137
N6;Município;2308377;Miraíma - CE;2021;2021;6575;Valor adicionado bruto a preços correntes dos serviços, exclusive administração, defesa, educação e saúde públicas e seguridade social;Mil Reais;25252
N6;Município;2308401;Missão Velha - CE;2021;2021;6575;Valor adicionado bruto a preços correntes dos serviços, exclusive administração, defesa, educação e saúde públicas e seguridade social;Mil Reais;112924
N6;Município;2308500;Mombaça - CE;2021;2021;6575;Valor adicionado bruto a preços correntes dos serviços, exclusive administração, defesa, educação e saúde públicas e seguridade social;Mil Reais;139510
N6;Município;2308609;Monsenhor Tabosa - CE;2021;2021;6575;Valor adicionado bruto a preços correntes dos serviços, exclusive administração, defesa, educação e saúde públicas e seguridade social;Mil Reais;47068
N6;Município;2308708;Morada Nova - CE;2021;2021;6575;Valor adicionado bruto a preços correntes dos serviços, exclusive administração, defesa, educação e saúde públicas e seguridade social;Mil Reais;376388
N6;Município;2308807;Moraújo - CE;2021;2021;6575;Valor adicionado bruto a preços correntes dos serviços, exclusive administração, defesa, educação e saúde públicas e seguridade social;Mil Reais;18413
N6;Município;2308906;Morrinhos - CE;2021;2021;6575;Valor adicionado bruto a preços correntes dos serviços, exclusive administração, defesa, educação e saúde públicas e seguridade social;Mil Reais;61542
N6;Município;2309003;Mucambo - CE;2021;2021;6575;Valor adicionado bruto a preços correntes dos serviços, exclusive administração, defesa, educação e saúde públicas e seguridade social;Mil Reais;42409
N6;Município;2309102;Mulungu - CE;2021;2021;6575;Valor adicionado bruto a preços correntes dos serviços, exclusive administração, defesa, educação e saúde públicas e seguridade social;Mil Reais;29819
N6;Município;2309201;Nova Olinda - CE;2021;2021;6575;Valor adicionado bruto a preços correntes dos serviços, exclusive administração, defesa, educação e saúde públicas e seguridade social;Mil Reais;50242
N6;Município;2309300;Nova Russas - CE;2021;2021;6575;Valor adicionado bruto a preços correntes dos serviços, exclusive administração, defesa, educação e saúde públicas e seguridade social;Mil Reais;139866
N6;Município;2309409;Novo Oriente - CE;2021;2021;6575;Valor adicionado bruto a preços correntes dos serviços, exclusive administração, defesa, educação e saúde públicas e seguridade social;Mil Reais;79829
N6;Município;2309458;Ocara - CE;2021;2021;6575;Valor adicionado bruto a preços correntes dos serviços, exclusive administração, defesa, educação e saúde públicas e seguridade social;Mil Reais;74395
N6;Município;2309508;Orós - CE;2021;2021;6575;Valor adicionado bruto a preços correntes dos serviços, exclusive administração, defesa, educação e saúde públicas e seguridade social;Mil Reais;68849
N6;Município;2309607;Pacajus - CE;2021;2021;6575;Valor adicionado bruto a preços correntes dos serviços, exclusive administração, defesa, educação e saúde públicas e seguridade social;Mil Reais;456707
N6;Município;2309706;Pacatuba - CE;2021;2021;6575;Valor adicionado bruto a preços correntes dos serviços, exclusive administração, defesa, educação e saúde públicas e seguridade social;Mil Reais;420947
N6;Município;2309805;Pacoti - CE;2021;2021;6575;Valor adicionado bruto a preços correntes dos serviços, exclusive administração, defesa, educação e saúde públicas e seguridade social;Mil Reais;37160
N6;Município;2309904;Pacujá - CE;2021;2021;6575;Valor adicionado bruto a preços correntes dos serviços, exclusive administração, defesa, educação e saúde públicas e seguridade social;Mil Reais;17818
N6;Município;2310001;Palhano - CE;2021;2021;6575;Valor adicionado bruto a preços correntes dos serviços, exclusive administração, defesa, educação e saúde públicas e seguridade social;Mil Reais;26999
N6;Município;2310100;Palmácia - CE;2021;2021;6575;Valor adicionado bruto a preços correntes dos serviços, exclusive administração, defesa, educação e saúde públicas e seguridade social;Mil Reais;22983
N6;Município;2310209;Paracuru - CE;2021;2021;6575;Valor adicionado bruto a preços correntes dos serviços, exclusive administração, defesa, educação e saúde públicas e seguridade social;Mil Reais;203579
N6;Município;2310258;Paraipaba - CE;2021;2021;6575;Valor adicionado bruto a preços correntes dos serviços, exclusive administração, defesa, educação e saúde públicas e seguridade social;Mil Reais;142824
N6;Município;2310308;Parambu - CE;2021;2021;6575;Valor adicionado bruto a preços correntes dos serviços, exclusive administração, defesa, educação e saúde públicas e seguridade social;Mil Reais;87813
N6;Município;2310407;Paramoti - CE;2021;2021;6575;Valor adicionado bruto a preços correntes dos serviços, exclusive administração, defesa, educação e saúde públicas e seguridade social;Mil Reais;27935
N6;Município;2310506;Pedra Branca - CE;2021;2021;6575;Valor adicionado bruto a preços correntes dos serviços, exclusive administração, defesa, educação e saúde públicas e seguridade social;Mil Reais;123938
N6;Município;2310605;Penaforte - CE;2021;2021;6575;Valor adicionado bruto a preços correntes dos serviços, exclusive administração, defesa, educação e saúde públicas e seguridade social;Mil Reais;43357
N6;Município;2310704;Pentecoste - CE;2021;2021;6575;Valor adicionado bruto a preços correntes dos serviços, exclusive administração, defesa, educação e saúde públicas e seguridade social;Mil Reais;139880
N6;Município;2310803;Pereiro - CE;2021;2021;6575;Valor adicionado bruto a preços correntes dos serviços, exclusive administração, defesa, educação e saúde públicas e seguridade social;Mil Reais;358702
N6;Município;2310852;Pindoretama - CE;2021;2021;6575;Valor adicionado bruto a preços correntes dos serviços, exclusive administração, defesa, educação e saúde públicas e seguridade social;Mil Reais;103708
N6;Município;2310902;Piquet Carneiro - CE;2021;2021;6575;Valor adicionado bruto a preços correntes dos serviços, exclusive administração, defesa, educação e saúde públicas e seguridade social;Mil Reais;44220
N6;Município;2310951;Pires Ferreira - CE;2021;2021;6575;Valor adicionado bruto a preços correntes dos serviços, exclusive administração, defesa, educação e saúde públicas e seguridade social;Mil Reais;17209
N6;Município;2311009;Poranga - CE;2021;2021;6575;Valor adicionado bruto a preços correntes dos serviços, exclusive administração, defesa, educação e saúde públicas e seguridade social;Mil Reais;32583
N6;Município;2311108;Porteiras - CE;2021;2021;6575;Valor adicionado bruto a preços correntes dos serviços, exclusive administração, defesa, educação e saúde públicas e seguridade social;Mil Reais;44200
N6;Município;2311207;Potengi - CE;2021;2021;6575;Valor adicionado bruto a preços correntes dos serviços, exclusive administração, defesa, educação e saúde públicas e seguridade social;Mil Reais;31212
N6;Município;2311231;Potiretama - CE;2021;2021;6575;Valor adicionado bruto a preços correntes dos serviços, exclusive administração, defesa, educação e saúde públicas e seguridade social;Mil Reais;21161
N6;Município;2311264;Quiterianópolis - CE;2021;2021;6575;Valor adicionado bruto a preços correntes dos serviços, exclusive administração, defesa, educação e saúde públicas e seguridade social;Mil Reais;51976
N6;Município;2311306;Quixadá - CE;2021;2021;6575;Valor adicionado bruto a preços correntes dos serviços, exclusive administração, defesa, educação e saúde públicas e seguridade social;Mil Reais;489828
N6;Município;2311355;Quixelô - CE;2021;2021;6575;Valor adicionado bruto a preços correntes dos serviços, exclusive administração, defesa, educação e saúde públicas e seguridade social;Mil Reais;45199
N6;Município;2311405;Quixeramobim - CE;2021;2021;6575;Valor adicionado bruto a preços correntes dos serviços, exclusive administração, defesa, educação e saúde públicas e seguridade social;Mil Reais;520662
N6;Município;2311504;Quixeré - CE;2021;2021;6575;Valor adicionado bruto a preços correntes dos serviços, exclusive administração, defesa, educação e saúde públicas e seguridade social;Mil Reais;133180
N6;Município;2311603;Redenção - CE;2021;2021;6575;Valor adicionado bruto a preços correntes dos serviços, exclusive administração, defesa, educação e saúde públicas e seguridade social;Mil Reais;127843
N6;Município;2311702;Reriutaba - CE;2021;2021;6575;Valor adicionado bruto a preços correntes dos serviços, exclusive administração, defesa, educação e saúde públicas e seguridade social;Mil Reais;62340
N6;Município;2311801;Russas - CE;2021;2021;6575;Valor adicionado bruto a preços correntes dos serviços, exclusive administração, defesa, educação e saúde públicas e seguridade social;Mil Reais;432063
N6;Município;2311900;Saboeiro - CE;2021;2021;6575;Valor adicionado bruto a preços correntes dos serviços, exclusive administração, defesa, educação e saúde públicas e seguridade social;Mil Reais;34207
N6;Município;2311959;Salitre - CE;2021;2021;6575;Valor adicionado bruto a preços correntes dos serviços, exclusive administração, defesa, educação e saúde públicas e seguridade social;Mil Reais;37686
N6;Município;2312007;Santana do Acaraú - CE;2021;2021;6575;Valor adicionado bruto a preços correntes dos serviços, exclusive administração, defesa, educação e saúde públicas e seguridade social;Mil Reais;72123
N6;Município;2312106;Santana do Cariri - CE;2021;2021;6575;Valor adicionado bruto a preços correntes dos serviços, exclusive administração, defesa, educação e saúde públicas e seguridade social;Mil Reais;36529
N6;Município;2312205;Santa Quitéria - CE;2021;2021;6575;Valor adicionado bruto a preços correntes dos serviços, exclusive administração, defesa, educação e saúde públicas e seguridade social;Mil Reais;188009
N6;Município;2312304;São Benedito - CE;2021;2021;6575;Valor adicionado bruto a preços correntes dos serviços, exclusive administração, defesa, educação e saúde públicas e seguridade social;Mil Reais;206784
N6;Município;2312403;São Gonçalo do Amarante - CE;2021;2021;6575;Valor adicionado bruto a preços correntes dos serviços, exclusive administração, defesa, educação e saúde públicas e seguridade social;Mil Reais;1454218
N6;Município;2312502;São João do Jaguaribe - CE;2021;2021;6575;Valor adicionado bruto a preços correntes dos serviços, exclusive administração, defesa, educação e saúde públicas e seguridade social;Mil Reais;19676
N6;Município;2312601;São Luís do Curu - CE;2021;2021;6575;Valor adicionado bruto a preços correntes dos serviços, exclusive administração, defesa, educação e saúde públicas e seguridade social;Mil Reais;36820
N6;Município;2312700;Senador Pompeu - CE;2021;2021;6575;Valor adicionado bruto a preços correntes dos serviços, exclusive administração, defesa, educação e saúde públicas e seguridade social;Mil Reais;119903
N6;Município;2312809;Senador Sá - CE;2021;2021;6575;Valor adicionado bruto a preços correntes dos serviços, exclusive administração, defesa, educação e saúde públicas e seguridade social;Mil Reais;16709
N6;Município;2312908;Sobral - CE;2021;2021;6575;Valor adicionado bruto a preços correntes dos serviços, exclusive administração, defesa, educação e saúde públicas e seguridade social;Mil Reais;2596111
N6;Município;2313005;Solonópole - CE;2021;2021;6575;Valor adicionado bruto a preços correntes dos serviços, exclusive administração, defesa, educação e saúde públicas e seguridade social;Mil Reais;77541
N6;Município;2313104;Tabuleiro do Norte - CE;2021;2021;6575;Valor adicionado bruto a preços correntes dos serviços, exclusive administração, defesa, educação e saúde públicas e seguridade social;Mil Reais;176995
N6;Município;2313203;Tamboril - CE;2021;2021;6575;Valor adicionado bruto a preços correntes dos serviços, exclusive administração, defesa, educação e saúde públicas e seguridade social;Mil Reais;75382
N6;Município;2313252;Tarrafas - CE;2021;2021;6575;Valor adicionado bruto a preços correntes dos serviços, exclusive administração, defesa, educação e saúde públicas e seguridade social;Mil Reais;18272
N6;Município;2313302;Tauá - CE;2021;2021;6575;Valor adicionado bruto a preços correntes dos serviços, exclusive administração, defesa, educação e saúde públicas e seguridade social;Mil Reais;294449
N6;Município;2313351;Tejuçuoca - CE;2021;2021;6575;Valor adicionado bruto a preços correntes dos serviços, exclusive administração, defesa, educação e saúde públicas e seguridade social;Mil Reais;32854
N6;Município;2313401;Tianguá - CE;2021;2021;6575;Valor adicionado bruto a preços correntes dos serviços, exclusive administração, defesa, educação e saúde públicas e seguridade social;Mil Reais;678008
N6;Município;2313500;Trairi - CE;2021;2021;6575;Valor adicionado bruto a preços correntes dos serviços, exclusive administração, defesa, educação e saúde públicas e seguridade social;Mil Reais;224615
N6;Município;2313559;Tururu - CE;2021;2021;6575;Valor adicionado bruto a preços correntes dos serviços, exclusive administração, defesa, educação e saúde públicas e seguridade social;Mil Reais;33971
N6;Município;2313609;Ubajara - CE;2021;2021;6575;Valor adicionado bruto a preços correntes dos serviços, exclusive administração, defesa, educação e saúde públicas e seguridade social;Mil Reais;162615
N6;Município;2313708;Umari - CE;2021;2021;6575;Valor adicionado bruto a preços correntes dos serviços, exclusive administração, defesa, educação e saúde públicas e seguridade social;Mil Reais;14875
N6;Município;2313757;Umirim - CE;2021;2021;6575;Valor adicionado bruto a preços correntes dos serviços, exclusive administração, defesa, educação e saúde públicas e seguridade social;Mil Reais;38466
N6;Município;2313807;Uruburetama - CE;2021;2021;6575;Valor adicionado bruto a preços correntes dos serviços, exclusive administração, defesa, educação e saúde públicas e seguridade social;Mil Reais;71909
N6;Município;2313906;Uruoca - CE;2021;2021;6575;Valor adicionado bruto a preços correntes dos serviços, exclusive administração, defesa, educação e saúde públicas e seguridade social;Mil Reais;69188
N6;Município;2313955;Varjota - CE;2021;2021;6575;Valor adicionado bruto a preços correntes dos serviços, exclusive administração, defesa, educação e saúde públicas e seguridade social;Mil Reais;97380
N6;Município;2314003;Várzea Alegre - CE;2021;2021;6575;Valor adicionado bruto a preços correntes dos serviços, exclusive administração, defesa, educação e saúde públicas e seguridade social;Mil Reais;168249
N6;Município;2314102;Viçosa do Ceará - CE;2021;2021;6575;Valor adicionado bruto a preços correntes dos serviços, exclusive administração, defesa, educação e saúde públicas e seguridade social;Mil Reais;145587
N1;Brasil;1;Brasil;2021;2021;6574;Participação do valor adicionado bruto a preços correntes dos serviços, exclusive administração, defesa, educação e saúde públicas e seguridade social, no valor adicionado bruto a preços correntes total;%;50.69
N3;Unidade da Federação;23;Ceará;2021;2021;6574;Participação do valor adicionado bruto a preços correntes dos serviços, exclusive administração, defesa, educação e saúde públicas e seguridade social, no valor adicionado bruto a preços correntes total;%;50.28
N6;Município;2300101;Abaiara - CE;2021;2021;6574;Participação do valor adicionado bruto a preços correntes dos serviços, exclusive administração, defesa, educação e saúde públicas e seguridade social, no valor adicionado bruto a preços correntes total;%;25.81
N6;Município;2300150;Acarape - CE;2021;2021;6574;Participação do valor adicionado bruto a preços correntes dos serviços, exclusive administração, defesa, educação e saúde públicas e seguridade social, no valor adicionado bruto a preços correntes total;%;33.88
N6;Município;2300200;Acaraú - CE;2021;2021;6574;Participação do valor adicionado bruto a preços correntes dos serviços, exclusive administração, defesa, educação e saúde públicas e seguridade social, no valor adicionado bruto a preços correntes total;%;30.39
N6;Município;2300309;Acopiara - CE;2021;2021;6574;Participação do valor adicionado bruto a preços correntes dos serviços, exclusive administração, defesa, educação e saúde públicas e seguridade social, no valor adicionado bruto a preços correntes total;%;32.48
N6;Município;2300408;Aiuaba - CE;2021;2021;6574;Participação do valor adicionado bruto a preços correntes dos serviços, exclusive administração, defesa, educação e saúde públicas e seguridade social, no valor adicionado bruto a preços correntes total;%;23.20
N6;Município;2300507;Alcântaras - CE;2021;2021;6574;Participação do valor adicionado bruto a preços correntes dos serviços, exclusive administração, defesa, educação e saúde públicas e seguridade social, no valor adicionado bruto a preços correntes total;%;27.86
N6;Município;2300606;Altaneira - CE;2021;2021;6574;Participação do valor adicionado bruto a preços correntes dos serviços, exclusive administração, defesa, educação e saúde públicas e seguridade social, no valor adicionado bruto a preços correntes total;%;26.63
N6;Município;2300705;Alto Santo - CE;2021;2021;6574;Participação do valor adicionado bruto a preços correntes dos serviços, exclusive administração, defesa, educação e saúde públicas e seguridade social, no valor adicionado bruto a preços correntes total;%;25.72
N6;Município;2300754;Amontada - CE;2021;2021;6574;Participação do valor adicionado bruto a preços correntes dos serviços, exclusive administração, defesa, educação e saúde públicas e seguridade social, no valor adicionado bruto a preços correntes total;%;23.48
N6;Município;2300804;Antonina do Norte - CE;2021;2021;6574;Participação do valor adicionado bruto a preços correntes dos serviços, exclusive administração, defesa, educação e saúde públicas e seguridade social, no valor adicionado bruto a preços correntes total;%;34.52
N6;Município;2300903;Apuiarés - CE;2021;2021;6574;Participação do valor adicionado bruto a preços correntes dos serviços, exclusive administração, defesa, educação e saúde públicas e seguridade social, no valor adicionado bruto a preços correntes total;%;31.24
N6;Município;2301000;Aquiraz - CE;2021;2021;6574;Participação do valor adicionado bruto a preços correntes dos serviços, exclusive administração, defesa, educação e saúde públicas e seguridade social, no valor adicionado bruto a preços correntes total;%;47.25
N6;Município;2301109;Aracati - CE;2021;2021;6574;Participação do valor adicionado bruto a preços correntes dos serviços, exclusive administração, defesa, educação e saúde públicas e seguridade social, no valor adicionado bruto a preços correntes total;%;38.46
N6;Município;2301208;Aracoiaba - CE;2021;2021;6574;Participação do valor adicionado bruto a preços correntes dos serviços, exclusive administração, defesa, educação e saúde públicas e seguridade social, no valor adicionado bruto a preços correntes total;%;31.90
N6;Município;2301257;Ararendá - CE;2021;2021;6574;Participação do valor adicionado bruto a preços correntes dos serviços, exclusive administração, defesa, educação e saúde públicas e seguridade social, no valor adicionado bruto a preços correntes total;%;27.34
N6;Município;2301307;Araripe - CE;2021;2021;6574;Participação do valor adicionado bruto a preços correntes dos serviços, exclusive administração, defesa, educação e saúde públicas e seguridade social, no valor adicionado bruto a preços correntes total;%;24.23
N6;Município;2301406;Aratuba - CE;2021;2021;6574;Participação do valor adicionado bruto a preços correntes dos serviços, exclusive administração, defesa, educação e saúde públicas e seguridade social, no valor adicionado bruto a preços correntes total;%;22.23
N6;Município;2301505;Arneiroz - CE;2021;2021;6574;Participação do valor adicionado bruto a preços correntes dos serviços, exclusive administração, defesa, educação e saúde públicas e seguridade social, no valor adicionado bruto a preços correntes total;%;25.42
N6;Município;2301604;Assaré - CE;2021;2021;6574;Participação do valor adicionado bruto a preços correntes dos serviços, exclusive administração, defesa, educação e saúde públicas e seguridade social, no valor adicionado bruto a preços correntes total;%;33.76
N6;Município;2301703;Aurora - CE;2021;2021;6574;Participação do valor adicionado bruto a preços correntes dos serviços, exclusive administração, defesa, educação e saúde públicas e seguridade social, no valor adicionado bruto a preços correntes total;%;32.15
N6;Município;2301802;Baixio - CE;2021;2021;6574;Participação do valor adicionado bruto a preços correntes dos serviços, exclusive administração, defesa, educação e saúde públicas e seguridade social, no valor adicionado bruto a preços correntes total;%;22.05
N6;Município;2301851;Banabuiú - CE;2021;2021;6574;Participação do valor adicionado bruto a preços correntes dos serviços, exclusive administração, defesa, educação e saúde públicas e seguridade social, no valor adicionado bruto a preços correntes total;%;27.13
N6;Município;2301901;Barbalha - CE;2021;2021;6574;Participação do valor adicionado bruto a preços correntes dos serviços, exclusive administração, defesa, educação e saúde públicas e seguridade social, no valor adicionado bruto a preços correntes total;%;48.00
N6;Município;2301950;Barreira - CE;2021;2021;6574;Participação do valor adicionado bruto a preços correntes dos serviços, exclusive administração, defesa, educação e saúde públicas e seguridade social, no valor adicionado bruto a preços correntes total;%;31.74
N6;Município;2302008;Barro - CE;2021;2021;6574;Participação do valor adicionado bruto a preços correntes dos serviços, exclusive administração, defesa, educação e saúde públicas e seguridade social, no valor adicionado bruto a preços correntes total;%;33.96
N6;Município;2302057;Barroquinha - CE;2021;2021;6574;Participação do valor adicionado bruto a preços correntes dos serviços, exclusive administração, defesa, educação e saúde públicas e seguridade social, no valor adicionado bruto a preços correntes total;%;28.69
N6;Município;2302107;Baturité - CE;2021;2021;6574;Participação do valor adicionado bruto a preços correntes dos serviços, exclusive administração, defesa, educação e saúde públicas e seguridade social, no valor adicionado bruto a preços correntes total;%;49.73
N6;Município;2302206;Beberibe - CE;2021;2021;6574;Participação do valor adicionado bruto a preços correntes dos serviços, exclusive administração, defesa, educação e saúde públicas e seguridade social, no valor adicionado bruto a preços correntes total;%;24.38
N6;Município;2302305;Bela Cruz - CE;2021;2021;6574;Participação do valor adicionado bruto a preços correntes dos serviços, exclusive administração, defesa, educação e saúde públicas e seguridade social, no valor adicionado bruto a preços correntes total;%;27.96
N6;Município;2302404;Boa Viagem - CE;2021;2021;6574;Participação do valor adicionado bruto a preços correntes dos serviços, exclusive administração, defesa, educação e saúde públicas e seguridade social, no valor adicionado bruto a preços correntes total;%;37.69
N6;Município;2302503;Brejo Santo - CE;2021;2021;6574;Participação do valor adicionado bruto a preços correntes dos serviços, exclusive administração, defesa, educação e saúde públicas e seguridade social, no valor adicionado bruto a preços correntes total;%;42.57
N6;Município;2302602;Camocim - CE;2021;2021;6574;Participação do valor adicionado bruto a preços correntes dos serviços, exclusive administração, defesa, educação e saúde públicas e seguridade social, no valor adicionado bruto a preços correntes total;%;35.59
N6;Município;2302701;Campos Sales - CE;2021;2021;6574;Participação do valor adicionado bruto a preços correntes dos serviços, exclusive administração, defesa, educação e saúde públicas e seguridade social, no valor adicionado bruto a preços correntes total;%;40.17
N6;Município;2302800;Canindé - CE;2021;2021;6574;Participação do valor adicionado bruto a preços correntes dos serviços, exclusive administração, defesa, educação e saúde públicas e seguridade social, no valor adicionado bruto a preços correntes total;%;43.77
N6;Município;2302909;Capistrano - CE;2021;2021;6574;Participação do valor adicionado bruto a preços correntes dos serviços, exclusive administração, defesa, educação e saúde públicas e seguridade social, no valor adicionado bruto a preços correntes total;%;31.02
N6;Município;2303006;Caridade - CE;2021;2021;6574;Participação do valor adicionado bruto a preços correntes dos serviços, exclusive administração, defesa, educação e saúde públicas e seguridade social, no valor adicionado bruto a preços correntes total;%;32.34
N6;Município;2303105;Cariré - CE;2021;2021;6574;Participação do valor adicionado bruto a preços correntes dos serviços, exclusive administração, defesa, educação e saúde públicas e seguridade social, no valor adicionado bruto a preços correntes total;%;22.91
N6;Município;2303204;Caririaçu - CE;2021;2021;6574;Participação do valor adicionado bruto a preços correntes dos serviços, exclusive administração, defesa, educação e saúde públicas e seguridade social, no valor adicionado bruto a preços correntes total;%;26.97
N6;Município;2303303;Cariús - CE;2021;2021;6574;Participação do valor adicionado bruto a preços correntes dos serviços, exclusive administração, defesa, educação e saúde públicas e seguridade social, no valor adicionado bruto a preços correntes total;%;24.19
N6;Município;2303402;Carnaubal - CE;2021;2021;6574;Participação do valor adicionado bruto a preços correntes dos serviços, exclusive administração, defesa, educação e saúde públicas e seguridade social, no valor adicionado bruto a preços correntes total;%;30.70
N6;Município;2303501;Cascavel - CE;2021;2021;6574;Participação do valor adicionado bruto a preços correntes dos serviços, exclusive administração, defesa, educação e saúde públicas e seguridade social, no valor adicionado bruto a preços correntes total;%;41.86
N6;Município;2303600;Catarina - CE;2021;2021;6574;Participação do valor adicionado bruto a preços correntes dos serviços, exclusive administração, defesa, educação e saúde públicas e seguridade social, no valor adicionado bruto a preços correntes total;%;23.80
N6;Município;2303659;Catunda - CE;2021;2021;6574;Participação do valor adicionado bruto a preços correntes dos serviços, exclusive administração, defesa, educação e saúde públicas e seguridade social, no valor adicionado bruto a preços correntes total;%;27.50
N6;Município;2303709;Caucaia - CE;2021;2021;6574;Participação do valor adicionado bruto a preços correntes dos serviços, exclusive administração, defesa, educação e saúde públicas e seguridade social, no valor adicionado bruto a preços correntes total;%;39.24
N6;Município;2303808;Cedro - CE;2021;2021;6574;Participação do valor adicionado bruto a preços correntes dos serviços, exclusive administração, defesa, educação e saúde públicas e seguridade social, no valor adicionado bruto a preços correntes total;%;34.02
N6;Município;2303907;Chaval - CE;2021;2021;6574;Participação do valor adicionado bruto a preços correntes dos serviços, exclusive administração, defesa, educação e saúde públicas e seguridade social, no valor adicionado bruto a preços correntes total;%;32.56
N6;Município;2303931;Choró - CE;2021;2021;6574;Participação do valor adicionado bruto a preços correntes dos serviços, exclusive administração, defesa, educação e saúde públicas e seguridade social, no valor adicionado bruto a preços correntes total;%;50.78
N6;Município;2303956;Chorozinho - CE;2021;2021;6574;Participação do valor adicionado bruto a preços correntes dos serviços, exclusive administração, defesa, educação e saúde públicas e seguridade social, no valor adicionado bruto a preços correntes total;%;37.45
N6;Município;2304004;Coreaú - CE;2021;2021;6574;Participação do valor adicionado bruto a preços correntes dos serviços, exclusive administração, defesa, educação e saúde públicas e seguridade social, no valor adicionado bruto a preços correntes total;%;33.07
N6;Município;2304103;Crateús - CE;2021;2021;6574;Participação do valor adicionado bruto a preços correntes dos serviços, exclusive administração, defesa, educação e saúde públicas e seguridade social, no valor adicionado bruto a preços correntes total;%;49.32
N6;Município;2304202;Crato - CE;2021;2021;6574;Participação do valor adicionado bruto a preços correntes dos serviços, exclusive administração, defesa, educação e saúde públicas e seguridade social, no valor adicionado bruto a preços correntes total;%;54.37
N6;Município;2304236;Croatá - CE;2021;2021;6574;Participação do valor adicionado bruto a preços correntes dos serviços, exclusive administração, defesa, educação e saúde públicas e seguridade social, no valor adicionado bruto a preços correntes total;%;24.61
N6;Município;2304251;Cruz - CE;2021;2021;6574;Participação do valor adicionado bruto a preços correntes dos serviços, exclusive administração, defesa, educação e saúde públicas e seguridade social, no valor adicionado bruto a preços correntes total;%;48.89
N6;Município;2304269;Deputado Irapuan Pinheiro - CE;2021;2021;6574;Participação do valor adicionado bruto a preços correntes dos serviços, exclusive administração, defesa, educação e saúde públicas e seguridade social, no valor adicionado bruto a preços correntes total;%;27.22
N6;Município;2304277;Ereré - CE;2021;2021;6574;Participação do valor adicionado bruto a preços correntes dos serviços, exclusive administração, defesa, educação e saúde públicas e seguridade social, no valor adicionado bruto a preços correntes total;%;22.88
N6;Município;2304285;Eusébio - CE;2021;2021;6574;Participação do valor adicionado bruto a preços correntes dos serviços, exclusive administração, defesa, educação e saúde públicas e seguridade social, no valor adicionado bruto a preços correntes total;%;53.17
N6;Município;2304301;Farias Brito - CE;2021;2021;6574;Participação do valor adicionado bruto a preços correntes dos serviços, exclusive administração, defesa, educação e saúde públicas e seguridade social, no valor adicionado bruto a preços correntes total;%;25.68
N6;Município;2304350;Forquilha - CE;2021;2021;6574;Participação do valor adicionado bruto a preços correntes dos serviços, exclusive administração, defesa, educação e saúde públicas e seguridade social, no valor adicionado bruto a preços correntes total;%;34.55
N6;Município;2304400;Fortaleza - CE;2021;2021;6574;Participação do valor adicionado bruto a preços correntes dos serviços, exclusive administração, defesa, educação e saúde públicas e seguridade social, no valor adicionado bruto a preços correntes total;%;69.01
N6;Município;2304459;Fortim - CE;2021;2021;6574;Participação do valor adicionado bruto a preços correntes dos serviços, exclusive administração, defesa, educação e saúde públicas e seguridade social, no valor adicionado bruto a preços correntes total;%;29.01
N6;Município;2304509;Frecheirinha - CE;2021;2021;6574;Participação do valor adicionado bruto a preços correntes dos serviços, exclusive administração, defesa, educação e saúde públicas e seguridade social, no valor adicionado bruto a preços correntes total;%;30.85
N6;Município;2304608;General Sampaio - CE;2021;2021;6574;Participação do valor adicionado bruto a preços correntes dos serviços, exclusive administração, defesa, educação e saúde públicas e seguridade social, no valor adicionado bruto a preços correntes total;%;33.58
N6;Município;2304657;Graça - CE;2021;2021;6574;Participação do valor adicionado bruto a preços correntes dos serviços, exclusive administração, defesa, educação e saúde públicas e seguridade social, no valor adicionado bruto a preços correntes total;%;26.09
N6;Município;2304707;Granja - CE;2021;2021;6574;Participação do valor adicionado bruto a preços correntes dos serviços, exclusive administração, defesa, educação e saúde públicas e seguridade social, no valor adicionado bruto a preços correntes total;%;31.58
N6;Município;2304806;Granjeiro - CE;2021;2021;6574;Participação do valor adicionado bruto a preços correntes dos serviços, exclusive administração, defesa, educação e saúde públicas e seguridade social, no valor adicionado bruto a preços correntes total;%;20.73
N6;Município;2304905;Groaíras - CE;2021;2021;6574;Participação do valor adicionado bruto a preços correntes dos serviços, exclusive administração, defesa, educação e saúde públicas e seguridade social, no valor adicionado bruto a preços correntes total;%;32.68
N6;Município;2304954;Guaiúba - CE;2021;2021;6574;Participação do valor adicionado bruto a preços correntes dos serviços, exclusive administração, defesa, educação e saúde públicas e seguridade social, no valor adicionado bruto a preços correntes total;%;29.64
N6;Município;2305001;Guaraciaba do Norte - CE;2021;2021;6574;Participação do valor adicionado bruto a preços correntes dos serviços, exclusive administração, defesa, educação e saúde públicas e seguridade social, no valor adicionado bruto a preços correntes total;%;28.78
N6;Município;2305100;Guaramiranga - CE;2021;2021;6574;Participação do valor adicionado bruto a preços correntes dos serviços, exclusive administração, defesa, educação e saúde públicas e seguridade social, no valor adicionado bruto a preços correntes total;%;42.73
N6;Município;2305209;Hidrolândia - CE;2021;2021;6574;Participação do valor adicionado bruto a preços correntes dos serviços, exclusive administração, defesa, educação e saúde públicas e seguridade social, no valor adicionado bruto a preços correntes total;%;30.01
N6;Município;2305233;Horizonte - CE;2021;2021;6574;Participação do valor adicionado bruto a preços correntes dos serviços, exclusive administração, defesa, educação e saúde públicas e seguridade social, no valor adicionado bruto a preços correntes total;%;34.55
N6;Município;2305266;Ibaretama - CE;2021;2021;6574;Participação do valor adicionado bruto a preços correntes dos serviços, exclusive administração, defesa, educação e saúde públicas e seguridade social, no valor adicionado bruto a preços correntes total;%;26.59
N6;Município;2305308;Ibiapina - CE;2021;2021;6574;Participação do valor adicionado bruto a preços correntes dos serviços, exclusive administração, defesa, educação e saúde públicas e seguridade social, no valor adicionado bruto a preços correntes total;%;25.20
N6;Município;2305332;Ibicuitinga - CE;2021;2021;6574;Participação do valor adicionado bruto a preços correntes dos serviços, exclusive administração, defesa, educação e saúde públicas e seguridade social, no valor adicionado bruto a preços correntes total;%;27.16
N6;Município;2305357;Icapuí - CE;2021;2021;6574;Participação do valor adicionado bruto a preços correntes dos serviços, exclusive administração, defesa, educação e saúde públicas e seguridade social, no valor adicionado bruto a preços correntes total;%;27.12
N6;Município;2305407;Icó - CE;2021;2021;6574;Participação do valor adicionado bruto a preços correntes dos serviços, exclusive administração, defesa, educação e saúde públicas e seguridade social, no valor adicionado bruto a preços correntes total;%;37.91
N6;Município;2305506;Iguatu - CE;2021;2021;6574;Participação do valor adicionado bruto a preços correntes dos serviços, exclusive administração, defesa, educação e saúde públicas e seguridade social, no valor adicionado bruto a preços correntes total;%;52.19
N6;Município;2305605;Independência - CE;2021;2021;6574;Participação do valor adicionado bruto a preços correntes dos serviços, exclusive administração, defesa, educação e saúde públicas e seguridade social, no valor adicionado bruto a preços correntes total;%;23.41
N6;Município;2305654;Ipaporanga - CE;2021;2021;6574;Participação do valor adicionado bruto a preços correntes dos serviços, exclusive administração, defesa, educação e saúde públicas e seguridade social, no valor adicionado bruto a preços correntes total;%;25.42
N6;Município;2305704;Ipaumirim - CE;2021;2021;6574;Participação do valor adicionado bruto a preços correntes dos serviços, exclusive administração, defesa, educação e saúde públicas e seguridade social, no valor adicionado bruto a preços correntes total;%;34.72
N6;Município;2305803;Ipu - CE;2021;2021;6574;Participação do valor adicionado bruto a preços correntes dos serviços, exclusive administração, defesa, educação e saúde públicas e seguridade social, no valor adicionado bruto a preços correntes total;%;36.77
N6;Município;2305902;Ipueiras - CE;2021;2021;6574;Participação do valor adicionado bruto a preços correntes dos serviços, exclusive administração, defesa, educação e saúde públicas e seguridade social, no valor adicionado bruto a preços correntes total;%;32.84
N6;Município;2306009;Iracema - CE;2021;2021;6574;Participação do valor adicionado bruto a preços correntes dos serviços, exclusive administração, defesa, educação e saúde públicas e seguridade social, no valor adicionado bruto a preços correntes total;%;30.63
N6;Município;2306108;Irauçuba - CE;2021;2021;6574;Participação do valor adicionado bruto a preços correntes dos serviços, exclusive administração, defesa, educação e saúde públicas e seguridade social, no valor adicionado bruto a preços correntes total;%;31.51
N6;Município;2306207;Itaiçaba - CE;2021;2021;6574;Participação do valor adicionado bruto a preços correntes dos serviços, exclusive administração, defesa, educação e saúde públicas e seguridade social, no valor adicionado bruto a preços correntes total;%;30.21
N6;Município;2306256;Itaitinga - CE;2021;2021;6574;Participação do valor adicionado bruto a preços correntes dos serviços, exclusive administração, defesa, educação e saúde públicas e seguridade social, no valor adicionado bruto a preços correntes total;%;61.88
N6;Município;2306306;Itapajé - CE;2021;2021;6574;Participação do valor adicionado bruto a preços correntes dos serviços, exclusive administração, defesa, educação e saúde públicas e seguridade social, no valor adicionado bruto a preços correntes total;%;36.06
N6;Município;2306405;Itapipoca - CE;2021;2021;6574;Participação do valor adicionado bruto a preços correntes dos serviços, exclusive administração, defesa, educação e saúde públicas e seguridade social, no valor adicionado bruto a preços correntes total;%;44.93
N6;Município;2306504;Itapiúna - CE;2021;2021;6574;Participação do valor adicionado bruto a preços correntes dos serviços, exclusive administração, defesa, educação e saúde públicas e seguridade social, no valor adicionado bruto a preços correntes total;%;27.57
N6;Município;2306553;Itarema - CE;2021;2021;6574;Participação do valor adicionado bruto a preços correntes dos serviços, exclusive administração, defesa, educação e saúde públicas e seguridade social, no valor adicionado bruto a preços correntes total;%;21.82
N6;Município;2306603;Itatira - CE;2021;2021;6574;Participação do valor adicionado bruto a preços correntes dos serviços, exclusive administração, defesa, educação e saúde públicas e seguridade social, no valor adicionado bruto a preços correntes total;%;27.65
N6;Município;2306702;Jaguaretama - CE;2021;2021;6574;Participação do valor adicionado bruto a preços correntes dos serviços, exclusive administração, defesa, educação e saúde públicas e seguridade social, no valor adicionado bruto a preços correntes total;%;26.10
N6;Município;2306801;Jaguaribara - CE;2021;2021;6574;Participação do valor adicionado bruto a preços correntes dos serviços, exclusive administração, defesa, educação e saúde públicas e seguridade social, no valor adicionado bruto a preços correntes total;%;31.19
N6;Município;2306900;Jaguaribe - CE;2021;2021;6574;Participação do valor adicionado bruto a preços correntes dos serviços, exclusive administração, defesa, educação e saúde públicas e seguridade social, no valor adicionado bruto a preços correntes total;%;42.05
N6;Município;2307007;Jaguaruana - CE;2021;2021;6574;Participação do valor adicionado bruto a preços correntes dos serviços, exclusive administração, defesa, educação e saúde públicas e seguridade social, no valor adicionado bruto a preços correntes total;%;28.21
N6;Município;2307106;Jardim - CE;2021;2021;6574;Participação do valor adicionado bruto a preços correntes dos serviços, exclusive administração, defesa, educação e saúde públicas e seguridade social, no valor adicionado bruto a preços correntes total;%;26.77
N6;Município;2307205;Jati - CE;2021;2021;6574;Participação do valor adicionado bruto a preços correntes dos serviços, exclusive administração, defesa, educação e saúde públicas e seguridade social, no valor adicionado bruto a preços correntes total;%;48.70
N6;Município;2307254;Jijoca de Jericoacoara - CE;2021;2021;6574;Participação do valor adicionado bruto a preços correntes dos serviços, exclusive administração, defesa, educação e saúde públicas e seguridade social, no valor adicionado bruto a preços correntes total;%;69.00
N6;Município;2307304;Juazeiro do Norte - CE;2021;2021;6574;Participação do valor adicionado bruto a preços correntes dos serviços, exclusive administração, defesa, educação e saúde públicas e seguridade social, no valor adicionado bruto a preços correntes total;%;66.51
N6;Município;2307403;Jucás - CE;2021;2021;6574;Participação do valor adicionado bruto a preços correntes dos serviços, exclusive administração, defesa, educação e saúde públicas e seguridade social, no valor adicionado bruto a preços correntes total;%;32.73
N6;Município;2307502;Lavras da Mangabeira - CE;2021;2021;6574;Participação do valor adicionado bruto a preços correntes dos serviços, exclusive administração, defesa, educação e saúde públicas e seguridade social, no valor adicionado bruto a preços correntes total;%;29.11
N6;Município;2307601;Limoeiro do Norte - CE;2021;2021;6574;Participação do valor adicionado bruto a preços correntes dos serviços, exclusive administração, defesa, educação e saúde públicas e seguridade social, no valor adicionado bruto a preços correntes total;%;41.82
N6;Município;2307635;Madalena - CE;2021;2021;6574;Participação do valor adicionado bruto a preços correntes dos serviços, exclusive administração, defesa, educação e saúde públicas e seguridade social, no valor adicionado bruto a preços correntes total;%;30.55
N6;Município;2307650;Maracanaú - CE;2021;2021;6574;Participação do valor adicionado bruto a preços correntes dos serviços, exclusive administração, defesa, educação e saúde públicas e seguridade social, no valor adicionado bruto a preços correntes total;%;50.72
N6;Município;2307700;Maranguape - CE;2021;2021;6574;Participação do valor adicionado bruto a preços correntes dos serviços, exclusive administração, defesa, educação e saúde públicas e seguridade social, no valor adicionado bruto a preços correntes total;%;40.49
N6;Município;2307809;Marco - CE;2021;2021;6574;Participação do valor adicionado bruto a preços correntes dos serviços, exclusive administração, defesa, educação e saúde públicas e seguridade social, no valor adicionado bruto a preços correntes total;%;42.10
N6;Município;2307908;Martinópole - CE;2021;2021;6574;Participação do valor adicionado bruto a preços correntes dos serviços, exclusive administração, defesa, educação e saúde públicas e seguridade social, no valor adicionado bruto a preços correntes total;%;29.86
N6;Município;2308005;Massapê - CE;2021;2021;6574;Participação do valor adicionado bruto a preços correntes dos serviços, exclusive administração, defesa, educação e saúde públicas e seguridade social, no valor adicionado bruto a preços correntes total;%;32.34
N6;Município;2308104;Mauriti - CE;2021;2021;6574;Participação do valor adicionado bruto a preços correntes dos serviços, exclusive administração, defesa, educação e saúde públicas e seguridade social, no valor adicionado bruto a preços correntes total;%;27.43
N6;Município;2308203;Meruoca - CE;2021;2021;6574;Participação do valor adicionado bruto a preços correntes dos serviços, exclusive administração, defesa, educação e saúde públicas e seguridade social, no valor adicionado bruto a preços correntes total;%;28.17
N6;Município;2308302;Milagres - CE;2021;2021;6574;Participação do valor adicionado bruto a preços correntes dos serviços, exclusive administração, defesa, educação e saúde públicas e seguridade social, no valor adicionado bruto a preços correntes total;%;32.32
N6;Município;2308351;Milhã - CE;2021;2021;6574;Participação do valor adicionado bruto a preços correntes dos serviços, exclusive administração, defesa, educação e saúde públicas e seguridade social, no valor adicionado bruto a preços correntes total;%;22.96
N6;Município;2308377;Miraíma - CE;2021;2021;6574;Participação do valor adicionado bruto a preços correntes dos serviços, exclusive administração, defesa, educação e saúde públicas e seguridade social, no valor adicionado bruto a preços correntes total;%;23.21
N6;Município;2308401;Missão Velha - CE;2021;2021;6574;Participação do valor adicionado bruto a preços correntes dos serviços, exclusive administração, defesa, educação e saúde públicas e seguridade social, no valor adicionado bruto a preços correntes total;%;22.78
N6;Município;2308500;Mombaça - CE;2021;2021;6574;Participação do valor adicionado bruto a preços correntes dos serviços, exclusive administração, defesa, educação e saúde públicas e seguridade social, no valor adicionado bruto a preços correntes total;%;33.19
N6;Município;2308609;Monsenhor Tabosa - CE;2021;2021;6574;Participação do valor adicionado bruto a preços correntes dos serviços, exclusive administração, defesa, educação e saúde públicas e seguridade social, no valor adicionado bruto a preços correntes total;%;31.00
N6;Município;2308708;Morada Nova - CE;2021;2021;6574;Participação do valor adicionado bruto a preços correntes dos serviços, exclusive administração, defesa, educação e saúde públicas e seguridade social, no valor adicionado bruto a preços correntes total;%;32.56
N6;Município;2308807;Moraújo - CE;2021;2021;6574;Participação do valor adicionado bruto a preços correntes dos serviços, exclusive administração, defesa, educação e saúde públicas e seguridade social, no valor adicionado bruto a preços correntes total;%;25.23
N6;Município;2308906;Morrinhos - CE;2021;2021;6574;Participação do valor adicionado bruto a preços correntes dos serviços, exclusive administração, defesa, educação e saúde públicas e seguridade social, no valor adicionado bruto a preços correntes total;%;34.09
N6;Município;2309003;Mucambo - CE;2021;2021;6574;Participação do valor adicionado bruto a preços correntes dos serviços, exclusive administração, defesa, educação e saúde públicas e seguridade social, no valor adicionado bruto a preços correntes total;%;34.18
N6;Município;2309102;Mulungu - CE;2021;2021;6574;Participação do valor adicionado bruto a preços correntes dos serviços, exclusive administração, defesa, educação e saúde públicas e seguridade social, no valor adicionado bruto a preços correntes total;%;24.94
N6;Município;2309201;Nova Olinda - CE;2021;2021;6574;Participação do valor adicionado bruto a preços correntes dos serviços, exclusive administração, defesa, educação e saúde públicas e seguridade social, no valor adicionado bruto a preços correntes total;%;32.57
N6;Município;2309300;Nova Russas - CE;2021;2021;6574;Participação do valor adicionado bruto a preços correntes dos serviços, exclusive administração, defesa, educação e saúde públicas e seguridade social, no valor adicionado bruto a preços correntes total;%;45.41
N6;Município;2309409;Novo Oriente - CE;2021;2021;6574;Participação do valor adicionado bruto a preços correntes dos serviços, exclusive administração, defesa, educação e saúde públicas e seguridade social, no valor adicionado bruto a preços correntes total;%;29.67
N6;Município;2309458;Ocara - CE;2021;2021;6574;Participação do valor adicionado bruto a preços correntes dos serviços, exclusive administração, defesa, educação e saúde públicas e seguridade social, no valor adicionado bruto a preços correntes total;%;27.89
N6;Município;2309508;Orós - CE;2021;2021;6574;Participação do valor adicionado bruto a preços correntes dos serviços, exclusive administração, defesa, educação e saúde públicas e seguridade social, no valor adicionado bruto a preços correntes total;%;33.13
N6;Município;2309607;Pacajus - CE;2021;2021;6574;Participação do valor adicionado bruto a preços correntes dos serviços, exclusive administração, defesa, educação e saúde públicas e seguridade social, no valor adicionado bruto a preços correntes total;%;37.57
N6;Município;2309706;Pacatuba - CE;2021;2021;6574;Participação do valor adicionado bruto a preços correntes dos serviços, exclusive administração, defesa, educação e saúde públicas e seguridade social, no valor adicionado bruto a preços correntes total;%;39.10
N6;Município;2309805;Pacoti - CE;2021;2021;6574;Participação do valor adicionado bruto a preços correntes dos serviços, exclusive administração, defesa, educação e saúde públicas e seguridade social, no valor adicionado bruto a preços correntes total;%;26.14
N6;Município;2309904;Pacujá - CE;2021;2021;6574;Participação do valor adicionado bruto a preços correntes dos serviços, exclusive administração, defesa, educação e saúde públicas e seguridade social, no valor adicionado bruto a preços correntes total;%;31.16
N6;Município;2310001;Palhano - CE;2021;2021;6574;Participação do valor adicionado bruto a preços correntes dos serviços, exclusive administração, defesa, educação e saúde públicas e seguridade social, no valor adicionado bruto a preços correntes total;%;28.93
N6;Município;2310100;Palmácia - CE;2021;2021;6574;Participação do valor adicionado bruto a preços correntes dos serviços, exclusive administração, defesa, educação e saúde públicas e seguridade social, no valor adicionado bruto a preços correntes total;%;20.62
N6;Município;2310209;Paracuru - CE;2021;2021;6574;Participação do valor adicionado bruto a preços correntes dos serviços, exclusive administração, defesa, educação e saúde públicas e seguridade social, no valor adicionado bruto a preços correntes total;%;39.33
N6;Município;2310258;Paraipaba - CE;2021;2021;6574;Participação do valor adicionado bruto a preços correntes dos serviços, exclusive administração, defesa, educação e saúde públicas e seguridade social, no valor adicionado bruto a preços correntes total;%;28.89
N6;Município;2310308;Parambu - CE;2021;2021;6574;Participação do valor adicionado bruto a preços correntes dos serviços, exclusive administração, defesa, educação e saúde públicas e seguridade social, no valor adicionado bruto a preços correntes total;%;32.22
N6;Município;2310407;Paramoti - CE;2021;2021;6574;Participação do valor adicionado bruto a preços correntes dos serviços, exclusive administração, defesa, educação e saúde públicas e seguridade social, no valor adicionado bruto a preços correntes total;%;26.20
N6;Município;2310506;Pedra Branca - CE;2021;2021;6574;Participação do valor adicionado bruto a preços correntes dos serviços, exclusive administração, defesa, educação e saúde públicas e seguridade social, no valor adicionado bruto a preços correntes total;%;33.52
N6;Município;2310605;Penaforte - CE;2021;2021;6574;Participação do valor adicionado bruto a preços correntes dos serviços, exclusive administração, defesa, educação e saúde públicas e seguridade social, no valor adicionado bruto a preços correntes total;%;38.88
N6;Município;2310704;Pentecoste - CE;2021;2021;6574;Participação do valor adicionado bruto a preços correntes dos serviços, exclusive administração, defesa, educação e saúde públicas e seguridade social, no valor adicionado bruto a preços correntes total;%;30.95
N6;Município;2310803;Pereiro - CE;2021;2021;6574;Participação do valor adicionado bruto a preços correntes dos serviços, exclusive administração, defesa, educação e saúde públicas e seguridade social, no valor adicionado bruto a preços correntes total;%;74.40
N6;Município;2310852;Pindoretama - CE;2021;2021;6574;Participação do valor adicionado bruto a preços correntes dos serviços, exclusive administração, defesa, educação e saúde públicas e seguridade social, no valor adicionado bruto a preços correntes total;%;40.89
N6;Município;2310902;Piquet Carneiro - CE;2021;2021;6574;Participação do valor adicionado bruto a preços correntes dos serviços, exclusive administração, defesa, educação e saúde públicas e seguridade social, no valor adicionado bruto a preços correntes total;%;28.72
N6;Município;2310951;Pires Ferreira - CE;2021;2021;6574;Participação do valor adicionado bruto a preços correntes dos serviços, exclusive administração, defesa, educação e saúde públicas e seguridade social, no valor adicionado bruto a preços correntes total;%;21.23
N6;Município;2311009;Poranga - CE;2021;2021;6574;Participação do valor adicionado bruto a preços correntes dos serviços, exclusive administração, defesa, educação e saúde públicas e seguridade social, no valor adicionado bruto a preços correntes total;%;31.27
N6;Município;2311108;Porteiras - CE;2021;2021;6574;Participação do valor adicionado bruto a preços correntes dos serviços, exclusive administração, defesa, educação e saúde públicas e seguridade social, no valor adicionado bruto a preços correntes total;%;24.85
N6;Município;2311207;Potengi - CE;2021;2021;6574;Participação do valor adicionado bruto a preços correntes dos serviços, exclusive administração, defesa, educação e saúde públicas e seguridade social, no valor adicionado bruto a preços correntes total;%;29.40
N6;Município;2311231;Potiretama - CE;2021;2021;6574;Participação do valor adicionado bruto a preços correntes dos serviços, exclusive administração, defesa, educação e saúde públicas e seguridade social, no valor adicionado bruto a preços correntes total;%;22.73
N6;Município;2311264;Quiterianópolis - CE;2021;2021;6574;Participação do valor adicionado bruto a preços correntes dos serviços, exclusive administração, defesa, educação e saúde públicas e seguridade social, no valor adicionado bruto a preços correntes total;%;29.71
N6;Município;2311306;Quixadá - CE;2021;2021;6574;Participação do valor adicionado bruto a preços correntes dos serviços, exclusive administração, defesa, educação e saúde públicas e seguridade social, no valor adicionado bruto a preços correntes total;%;47.92
N6;Município;2311355;Quixelô - CE;2021;2021;6574;Participação do valor adicionado bruto a preços correntes dos serviços, exclusive administração, defesa, educação e saúde públicas e seguridade social, no valor adicionado bruto a preços correntes total;%;23.86
N6;Município;2311405;Quixeramobim - CE;2021;2021;6574;Participação do valor adicionado bruto a preços correntes dos serviços, exclusive administração, defesa, educação e saúde públicas e seguridade social, no valor adicionado bruto a preços correntes total;%;40.67
N6;Município;2311504;Quixeré - CE;2021;2021;6574;Participação do valor adicionado bruto a preços correntes dos serviços, exclusive administração, defesa, educação e saúde públicas e seguridade social, no valor adicionado bruto a preços correntes total;%;22.88
N6;Município;2311603;Redenção - CE;2021;2021;6574;Participação do valor adicionado bruto a preços correntes dos serviços, exclusive administração, defesa, educação e saúde públicas e seguridade social, no valor adicionado bruto a preços correntes total;%;33.12
N6;Município;2311702;Reriutaba - CE;2021;2021;6574;Participação do valor adicionado bruto a preços correntes dos serviços, exclusive administração, defesa, educação e saúde públicas e seguridade social, no valor adicionado bruto a preços correntes total;%;34.82
N6;Município;2311801;Russas - CE;2021;2021;6574;Participação do valor adicionado bruto a preços correntes dos serviços, exclusive administração, defesa, educação e saúde públicas e seguridade social, no valor adicionado bruto a preços correntes total;%;41.65
N6;Município;2311900;Saboeiro - CE;2021;2021;6574;Participação do valor adicionado bruto a preços correntes dos serviços, exclusive administração, defesa, educação e saúde públicas e seguridade social, no valor adicionado bruto a preços correntes total;%;20.80
N6;Município;2311959;Salitre - CE;2021;2021;6574;Participação do valor adicionado bruto a preços correntes dos serviços, exclusive administração, defesa, educação e saúde públicas e seguridade social, no valor adicionado bruto a preços correntes total;%;24.50
N6;Município;2312007;Santana do Acaraú - CE;2021;2021;6574;Participação do valor adicionado bruto a preços correntes dos serviços, exclusive administração, defesa, educação e saúde públicas e seguridade social, no valor adicionado bruto a preços correntes total;%;26.87
N6;Município;2312106;Santana do Cariri - CE;2021;2021;6574;Participação do valor adicionado bruto a preços correntes dos serviços, exclusive administração, defesa, educação e saúde públicas e seguridade social, no valor adicionado bruto a preços correntes total;%;23.75
N6;Município;2312205;Santa Quitéria - CE;2021;2021;6574;Participação do valor adicionado bruto a preços correntes dos serviços, exclusive administração, defesa, educação e saúde públicas e seguridade social, no valor adicionado bruto a preços correntes total;%;31.83
N6;Município;2312304;São Benedito - CE;2021;2021;6574;Participação do valor adicionado bruto a preços correntes dos serviços, exclusive administração, defesa, educação e saúde públicas e seguridade social, no valor adicionado bruto a preços correntes total;%;35.18
N6;Município;2312403;São Gonçalo do Amarante - CE;2021;2021;6574;Participação do valor adicionado bruto a preços correntes dos serviços, exclusive administração, defesa, educação e saúde públicas e seguridade social, no valor adicionado bruto a preços correntes total;%;20.62
N6;Município;2312502;São João do Jaguaribe - CE;2021;2021;6574;Participação do valor adicionado bruto a preços correntes dos serviços, exclusive administração, defesa, educação e saúde públicas e seguridade social, no valor adicionado bruto a preços correntes total;%;18.91
N6;Município;2312601;São Luís do Curu - CE;2021;2021;6574;Participação do valor adicionado bruto a preços correntes dos serviços, exclusive administração, defesa, educação e saúde públicas e seguridade social, no valor adicionado bruto a preços correntes total;%;29.80
N6;Município;2312700;Senador Pompeu - CE;2021;2021;6574;Participação do valor adicionado bruto a preços correntes dos serviços, exclusive administração, defesa, educação e saúde públicas e seguridade social, no valor adicionado bruto a preços correntes total;%;36.86
N6;Município;2312809;Senador Sá - CE;2021;2021;6574;Participação do valor adicionado bruto a preços correntes dos serviços, exclusive administração, defesa, educação e saúde públicas e seguridade social, no valor adicionado bruto a preços correntes total;%;27.61
N6;Município;2312908;Sobral - CE;2021;2021;6574;Participação do valor adicionado bruto a preços correntes dos serviços, exclusive administração, defesa, educação e saúde públicas e seguridade social, no valor adicionado bruto a preços correntes total;%;53.62
N6;Município;2313005;Solonópole - CE;2021;2021;6574;Participação do valor adicionado bruto a preços correntes dos serviços, exclusive administração, defesa, educação e saúde públicas e seguridade social, no valor adicionado bruto a preços correntes total;%;27.20
N6;Município;2313104;Tabuleiro do Norte - CE;2021;2021;6574;Participação do valor adicionado bruto a preços correntes dos serviços, exclusive administração, defesa, educação e saúde públicas e seguridade social, no valor adicionado bruto a preços correntes total;%;42.94
N6;Município;2313203;Tamboril - CE;2021;2021;6574;Participação do valor adicionado bruto a preços correntes dos serviços, exclusive administração, defesa, educação e saúde públicas e seguridade social, no valor adicionado bruto a preços correntes total;%;27.77
N6;Município;2313252;Tarrafas - CE;2021;2021;6574;Participação do valor adicionado bruto a preços correntes dos serviços, exclusive administração, defesa, educação e saúde públicas e seguridade social, no valor adicionado bruto a preços correntes total;%;22.04
N6;Município;2313302;Tauá - CE;2021;2021;6574;Participação do valor adicionado bruto a preços correntes dos serviços, exclusive administração, defesa, educação e saúde públicas e seguridade social, no valor adicionado bruto a preços correntes total;%;44.81
N6;Município;2313351;Tejuçuoca - CE;2021;2021;6574;Participação do valor adicionado bruto a preços correntes dos serviços, exclusive administração, defesa, educação e saúde públicas e seguridade social, no valor adicionado bruto a preços correntes total;%;25.01
N6;Município;2313401;Tianguá - CE;2021;2021;6574;Participação do valor adicionado bruto a preços correntes dos serviços, exclusive administração, defesa, educação e saúde públicas e seguridade social, no valor adicionado bruto a preços correntes total;%;44.42
N6;Município;2313500;Trairi - CE;2021;2021;6574;Participação do valor adicionado bruto a preços correntes dos serviços, exclusive administração, defesa, educação e saúde públicas e seguridade social, no valor adicionado bruto a preços correntes total;%;21.62
N6;Município;2313559;Tururu - CE;2021;2021;6574;Participação do valor adicionado bruto a preços correntes dos serviços, exclusive administração, defesa, educação e saúde públicas e seguridade social, no valor adicionado bruto a preços correntes total;%;25.52
N6;Município;2313609;Ubajara - CE;2021;2021;6574;Participação do valor adicionado bruto a preços correntes dos serviços, exclusive administração, defesa, educação e saúde públicas e seguridade social, no valor adicionado bruto a preços correntes total;%;27.13
N6;Município;2313708;Umari - CE;2021;2021;6574;Participação do valor adicionado bruto a preços correntes dos serviços, exclusive administração, defesa, educação e saúde públicas e seguridade social, no valor adicionado bruto a preços correntes total;%;22.11
N6;Município;2313757;Umirim - CE;2021;2021;6574;Participação do valor adicionado bruto a preços correntes dos serviços, exclusive administração, defesa, educação e saúde públicas e seguridade social, no valor adicionado bruto a preços correntes total;%;23.91
N6;Município;2313807;Uruburetama - CE;2021;2021;6574;Participação do valor adicionado bruto a preços correntes dos serviços, exclusive administração, defesa, educação e saúde públicas e seguridade social, no valor adicionado bruto a preços correntes total;%;25.31
N6;Município;2313906;Uruoca - CE;2021;2021;6574;Participação do valor adicionado bruto a preços correntes dos serviços, exclusive administração, defesa, educação e saúde públicas e seguridade social, no valor adicionado bruto a preços correntes total;%;24.30
N6;Município;2313955;Varjota - CE;2021;2021;6574;Participação do valor adicionado bruto a preços correntes dos serviços, exclusive administração, defesa, educação e saúde públicas e seguridade social, no valor adicionado bruto a preços correntes total;%;27.21
N6;Município;2314003;Várzea Alegre - CE;2021;2021;6574;Participação do valor adicionado bruto a preços correntes dos serviços, exclusive administração, defesa, educação e saúde públicas e seguridade social, no valor adicionado bruto a preços correntes total;%;38.80
N6;Município;2314102;Viçosa do Ceará - CE;2021;2021;6574;Participação do valor adicionado bruto a preços correntes dos serviços, exclusive administração, defesa, educação e saúde públicas e seguridade social, no valor adicionado bruto a preços correntes total;%;26.31
N1;Brasil;1;Brasil;2021;2021;525;Valor adicionado bruto a preços correntes da administração, defesa, educação e saúde públicas e seguridade social;Mil Reais;1218956000
N3;Unidade da Federação;23;Ceará;2021;2021;525;Valor adicionado bruto a preços correntes da administração, defesa, educação e saúde públicas e seguridade social;Mil Reais;38425285
N6;Município;2300101;Abaiara - CE;2021;2021;525;Valor adicionado bruto a preços correntes da administração, defesa, educação e saúde públicas e seguridade social;Mil Reais;56904
N6;Município;2300150;Acarape - CE;2021;2021;525;Valor adicionado bruto a preços correntes da administração, defesa, educação e saúde públicas e seguridade social;Mil Reais;68079
N6;Município;2300200;Acaraú - CE;2021;2021;525;Valor adicionado bruto a preços correntes da administração, defesa, educação e saúde públicas e seguridade social;Mil Reais;265682
N6;Município;2300309;Acopiara - CE;2021;2021;525;Valor adicionado bruto a preços correntes da administração, defesa, educação e saúde públicas e seguridade social;Mil Reais;190733
N6;Município;2300408;Aiuaba - CE;2021;2021;525;Valor adicionado bruto a preços correntes da administração, defesa, educação e saúde públicas e seguridade social;Mil Reais;75084
N6;Município;2300507;Alcântaras - CE;2021;2021;525;Valor adicionado bruto a preços correntes da administração, defesa, educação e saúde públicas e seguridade social;Mil Reais;54764
N6;Município;2300606;Altaneira - CE;2021;2021;525;Valor adicionado bruto a preços correntes da administração, defesa, educação e saúde públicas e seguridade social;Mil Reais;40753
N6;Município;2300705;Alto Santo - CE;2021;2021;525;Valor adicionado bruto a preços correntes da administração, defesa, educação e saúde públicas e seguridade social;Mil Reais;81358
N6;Município;2300754;Amontada - CE;2021;2021;525;Valor adicionado bruto a preços correntes da administração, defesa, educação e saúde públicas e seguridade social;Mil Reais;199442
N6;Município;2300804;Antonina do Norte - CE;2021;2021;525;Valor adicionado bruto a preços correntes da administração, defesa, educação e saúde públicas e seguridade social;Mil Reais;40074
N6;Município;2300903;Apuiarés - CE;2021;2021;525;Valor adicionado bruto a preços correntes da administração, defesa, educação e saúde públicas e seguridade social;Mil Reais;61699
N6;Município;2301000;Aquiraz - CE;2021;2021;525;Valor adicionado bruto a preços correntes da administração, defesa, educação e saúde públicas e seguridade social;Mil Reais;434603
N6;Município;2301109;Aracati - CE;2021;2021;525;Valor adicionado bruto a preços correntes da administração, defesa, educação e saúde públicas e seguridade social;Mil Reais;297681
N6;Município;2301208;Aracoiaba - CE;2021;2021;525;Valor adicionado bruto a preços correntes da administração, defesa, educação e saúde públicas e seguridade social;Mil Reais;117271
N6;Município;2301257;Ararendá - CE;2021;2021;525;Valor adicionado bruto a preços correntes da administração, defesa, educação e saúde públicas e seguridade social;Mil Reais;55233
N6;Município;2301307;Araripe - CE;2021;2021;525;Valor adicionado bruto a preços correntes da administração, defesa, educação e saúde públicas e seguridade social;Mil Reais;107395
N6;Município;2301406;Aratuba - CE;2021;2021;525;Valor adicionado bruto a preços correntes da administração, defesa, educação e saúde públicas e seguridade social;Mil Reais;58320
N6;Município;2301505;Arneiroz - CE;2021;2021;525;Valor adicionado bruto a preços correntes da administração, defesa, educação e saúde públicas e seguridade social;Mil Reais;33827
N6;Município;2301604;Assaré - CE;2021;2021;525;Valor adicionado bruto a preços correntes da administração, defesa, educação e saúde públicas e seguridade social;Mil Reais;96689
N6;Município;2301703;Aurora - CE;2021;2021;525;Valor adicionado bruto a preços correntes da administração, defesa, educação e saúde públicas e seguridade social;Mil Reais;99768
N6;Município;2301802;Baixio - CE;2021;2021;525;Valor adicionado bruto a preços correntes da administração, defesa, educação e saúde públicas e seguridade social;Mil Reais;34708
N6;Município;2301851;Banabuiú - CE;2021;2021;525;Valor adicionado bruto a preços correntes da administração, defesa, educação e saúde públicas e seguridade social;Mil Reais;85966
N6;Município;2301901;Barbalha - CE;2021;2021;525;Valor adicionado bruto a preços correntes da administração, defesa, educação e saúde públicas e seguridade social;Mil Reais;289848
N6;Município;2301950;Barreira - CE;2021;2021;525;Valor adicionado bruto a preços correntes da administração, defesa, educação e saúde públicas e seguridade social;Mil Reais;106114
N6;Município;2302008;Barro - CE;2021;2021;525;Valor adicionado bruto a preços correntes da administração, defesa, educação e saúde públicas e seguridade social;Mil Reais;95433
N6;Município;2302057;Barroquinha - CE;2021;2021;525;Valor adicionado bruto a preços correntes da administração, defesa, educação e saúde públicas e seguridade social;Mil Reais;73082
N6;Município;2302107;Baturité - CE;2021;2021;525;Valor adicionado bruto a preços correntes da administração, defesa, educação e saúde públicas e seguridade social;Mil Reais;151595
N6;Município;2302206;Beberibe - CE;2021;2021;525;Valor adicionado bruto a preços correntes da administração, defesa, educação e saúde públicas e seguridade social;Mil Reais;228880
N6;Município;2302305;Bela Cruz - CE;2021;2021;525;Valor adicionado bruto a preços correntes da administração, defesa, educação e saúde públicas e seguridade social;Mil Reais;140282
N6;Município;2302404;Boa Viagem - CE;2021;2021;525;Valor adicionado bruto a preços correntes da administração, defesa, educação e saúde públicas e seguridade social;Mil Reais;214382
N6;Município;2302503;Brejo Santo - CE;2021;2021;525;Valor adicionado bruto a preços correntes da administração, defesa, educação e saúde públicas e seguridade social;Mil Reais;228570
N6;Município;2302602;Camocim - CE;2021;2021;525;Valor adicionado bruto a preços correntes da administração, defesa, educação e saúde públicas e seguridade social;Mil Reais;257794
N6;Município;2302701;Campos Sales - CE;2021;2021;525;Valor adicionado bruto a preços correntes da administração, defesa, educação e saúde públicas e seguridade social;Mil Reais;115455
N6;Município;2302800;Canindé - CE;2021;2021;525;Valor adicionado bruto a preços correntes da administração, defesa, educação e saúde públicas e seguridade social;Mil Reais;342393
N6;Município;2302909;Capistrano - CE;2021;2021;525;Valor adicionado bruto a preços correntes da administração, defesa, educação e saúde públicas e seguridade social;Mil Reais;83480
N6;Município;2303006;Caridade - CE;2021;2021;525;Valor adicionado bruto a preços correntes da administração, defesa, educação e saúde públicas e seguridade social;Mil Reais;88751
N6;Município;2303105;Cariré - CE;2021;2021;525;Valor adicionado bruto a preços correntes da administração, defesa, educação e saúde públicas e seguridade social;Mil Reais;79957
N6;Município;2303204;Caririaçu - CE;2021;2021;525;Valor adicionado bruto a preços correntes da administração, defesa, educação e saúde públicas e seguridade social;Mil Reais;122751
N6;Município;2303303;Cariús - CE;2021;2021;525;Valor adicionado bruto a preços correntes da administração, defesa, educação e saúde públicas e seguridade social;Mil Reais;74755
N6;Município;2303402;Carnaubal - CE;2021;2021;525;Valor adicionado bruto a preços correntes da administração, defesa, educação e saúde públicas e seguridade social;Mil Reais;85051
N6;Município;2303501;Cascavel - CE;2021;2021;525;Valor adicionado bruto a preços correntes da administração, defesa, educação e saúde públicas e seguridade social;Mil Reais;315633
N6;Município;2303600;Catarina - CE;2021;2021;525;Valor adicionado bruto a preços correntes da administração, defesa, educação e saúde públicas e seguridade social;Mil Reais;84679
N6;Município;2303659;Catunda - CE;2021;2021;525;Valor adicionado bruto a preços correntes da administração, defesa, educação e saúde públicas e seguridade social;Mil Reais;58554
N6;Município;2303709;Caucaia - CE;2021;2021;525;Valor adicionado bruto a preços correntes da administração, defesa, educação e saúde públicas e seguridade social;Mil Reais;1356908
N6;Município;2303808;Cedro - CE;2021;2021;525;Valor adicionado bruto a preços correntes da administração, defesa, educação e saúde públicas e seguridade social;Mil Reais;104589
N6;Município;2303907;Chaval - CE;2021;2021;525;Valor adicionado bruto a preços correntes da administração, defesa, educação e saúde públicas e seguridade social;Mil Reais;60249
N6;Município;2303931;Choró - CE;2021;2021;525;Valor adicionado bruto a preços correntes da administração, defesa, educação e saúde públicas e seguridade social;Mil Reais;60724
N6;Município;2303956;Chorozinho - CE;2021;2021;525;Valor adicionado bruto a preços correntes da administração, defesa, educação e saúde públicas e seguridade social;Mil Reais;88964
N6;Município;2304004;Coreaú - CE;2021;2021;525;Valor adicionado bruto a preços correntes da administração, defesa, educação e saúde públicas e seguridade social;Mil Reais;106463
N6;Município;2304103;Crateús - CE;2021;2021;525;Valor adicionado bruto a preços correntes da administração, defesa, educação e saúde públicas e seguridade social;Mil Reais;307802
N6;Município;2304202;Crato - CE;2021;2021;525;Valor adicionado bruto a preços correntes da administração, defesa, educação e saúde públicas e seguridade social;Mil Reais;509428
N6;Município;2304236;Croatá - CE;2021;2021;525;Valor adicionado bruto a preços correntes da administração, defesa, educação e saúde públicas e seguridade social;Mil Reais;82445
N6;Município;2304251;Cruz - CE;2021;2021;525;Valor adicionado bruto a preços correntes da administração, defesa, educação e saúde públicas e seguridade social;Mil Reais;129314
N6;Município;2304269;Deputado Irapuan Pinheiro - CE;2021;2021;525;Valor adicionado bruto a preços correntes da administração, defesa, educação e saúde públicas e seguridade social;Mil Reais;44770
N6;Município;2304277;Ereré - CE;2021;2021;525;Valor adicionado bruto a preços correntes da administração, defesa, educação e saúde públicas e seguridade social;Mil Reais;36908
N6;Município;2304285;Eusébio - CE;2021;2021;525;Valor adicionado bruto a preços correntes da administração, defesa, educação e saúde públicas e seguridade social;Mil Reais;370720
N6;Município;2304301;Farias Brito - CE;2021;2021;525;Valor adicionado bruto a preços correntes da administração, defesa, educação e saúde públicas e seguridade social;Mil Reais;91025
N6;Município;2304350;Forquilha - CE;2021;2021;525;Valor adicionado bruto a preços correntes da administração, defesa, educação e saúde públicas e seguridade social;Mil Reais;103602
N6;Município;2304400;Fortaleza - CE;2021;2021;525;Valor adicionado bruto a preços correntes da administração, defesa, educação e saúde públicas e seguridade social;Mil Reais;10205847
N6;Município;2304459;Fortim - CE;2021;2021;525;Valor adicionado bruto a preços correntes da administração, defesa, educação e saúde públicas e seguridade social;Mil Reais;72704
N6;Município;2304509;Frecheirinha - CE;2021;2021;525;Valor adicionado bruto a preços correntes da administração, defesa, educação e saúde públicas e seguridade social;Mil Reais;71252
N6;Município;2304608;General Sampaio - CE;2021;2021;525;Valor adicionado bruto a preços correntes da administração, defesa, educação e saúde públicas e seguridade social;Mil Reais;42113
N6;Município;2304657;Graça - CE;2021;2021;525;Valor adicionado bruto a preços correntes da administração, defesa, educação e saúde públicas e seguridade social;Mil Reais;74061
N6;Município;2304707;Granja - CE;2021;2021;525;Valor adicionado bruto a preços correntes da administração, defesa, educação e saúde públicas e seguridade social;Mil Reais;220770
N6;Município;2304806;Granjeiro - CE;2021;2021;525;Valor adicionado bruto a preços correntes da administração, defesa, educação e saúde públicas e seguridade social;Mil Reais;27444
N6;Município;2304905;Groaíras - CE;2021;2021;525;Valor adicionado bruto a preços correntes da administração, defesa, educação e saúde públicas e seguridade social;Mil Reais;53620
N6;Município;2304954;Guaiúba - CE;2021;2021;525;Valor adicionado bruto a preços correntes da administração, defesa, educação e saúde públicas e seguridade social;Mil Reais;116452
N6;Município;2305001;Guaraciaba do Norte - CE;2021;2021;525;Valor adicionado bruto a preços correntes da administração, defesa, educação e saúde públicas e seguridade social;Mil Reais;177601
N6;Município;2305100;Guaramiranga - CE;2021;2021;525;Valor adicionado bruto a preços correntes da administração, defesa, educação e saúde públicas e seguridade social;Mil Reais;30660
N6;Município;2305209;Hidrolândia - CE;2021;2021;525;Valor adicionado bruto a preços correntes da administração, defesa, educação e saúde públicas e seguridade social;Mil Reais;82322
N6;Município;2305233;Horizonte - CE;2021;2021;525;Valor adicionado bruto a preços correntes da administração, defesa, educação e saúde públicas e seguridade social;Mil Reais;310614
N6;Município;2305266;Ibaretama - CE;2021;2021;525;Valor adicionado bruto a preços correntes da administração, defesa, educação e saúde públicas e seguridade social;Mil Reais;65914
N6;Município;2305308;Ibiapina - CE;2021;2021;525;Valor adicionado bruto a preços correntes da administração, defesa, educação e saúde públicas e seguridade social;Mil Reais;114962
N6;Município;2305332;Ibicuitinga - CE;2021;2021;525;Valor adicionado bruto a preços correntes da administração, defesa, educação e saúde públicas e seguridade social;Mil Reais;63774
N6;Município;2305357;Icapuí - CE;2021;2021;525;Valor adicionado bruto a preços correntes da administração, defesa, educação e saúde públicas e seguridade social;Mil Reais;106043
N6;Município;2305407;Icó - CE;2021;2021;525;Valor adicionado bruto a preços correntes da administração, defesa, educação e saúde públicas e seguridade social;Mil Reais;275568
N6;Município;2305506;Iguatu - CE;2021;2021;525;Valor adicionado bruto a preços correntes da administração, defesa, educação e saúde públicas e seguridade social;Mil Reais;438026
N6;Município;2305605;Independência - CE;2021;2021;525;Valor adicionado bruto a preços correntes da administração, defesa, educação e saúde públicas e seguridade social;Mil Reais;99953
N6;Município;2305654;Ipaporanga - CE;2021;2021;525;Valor adicionado bruto a preços correntes da administração, defesa, educação e saúde públicas e seguridade social;Mil Reais;52051
N6;Município;2305704;Ipaumirim - CE;2021;2021;525;Valor adicionado bruto a preços correntes da administração, defesa, educação e saúde públicas e seguridade social;Mil Reais;55318
N6;Município;2305803;Ipu - CE;2021;2021;525;Valor adicionado bruto a preços correntes da administração, defesa, educação e saúde públicas e seguridade social;Mil Reais;175870
N6;Município;2305902;Ipueiras - CE;2021;2021;525;Valor adicionado bruto a preços correntes da administração, defesa, educação e saúde públicas e seguridade social;Mil Reais;166790
N6;Município;2306009;Iracema - CE;2021;2021;525;Valor adicionado bruto a preços correntes da administração, defesa, educação e saúde públicas e seguridade social;Mil Reais;76388
N6;Município;2306108;Irauçuba - CE;2021;2021;525;Valor adicionado bruto a preços correntes da administração, defesa, educação e saúde públicas e seguridade social;Mil Reais;105882
N6;Município;2306207;Itaiçaba - CE;2021;2021;525;Valor adicionado bruto a preços correntes da administração, defesa, educação e saúde públicas e seguridade social;Mil Reais;40423
N6;Município;2306256;Itaitinga - CE;2021;2021;525;Valor adicionado bruto a preços correntes da administração, defesa, educação e saúde públicas e seguridade social;Mil Reais;191380
N6;Município;2306306;Itapajé - CE;2021;2021;525;Valor adicionado bruto a preços correntes da administração, defesa, educação e saúde públicas e seguridade social;Mil Reais;209087
N6;Município;2306405;Itapipoca - CE;2021;2021;525;Valor adicionado bruto a preços correntes da administração, defesa, educação e saúde públicas e seguridade social;Mil Reais;525386
N6;Município;2306504;Itapiúna - CE;2021;2021;525;Valor adicionado bruto a preços correntes da administração, defesa, educação e saúde públicas e seguridade social;Mil Reais;92535
N6;Município;2306553;Itarema - CE;2021;2021;525;Valor adicionado bruto a preços correntes da administração, defesa, educação e saúde públicas e seguridade social;Mil Reais;183032
N6;Município;2306603;Itatira - CE;2021;2021;525;Valor adicionado bruto a preços correntes da administração, defesa, educação e saúde públicas e seguridade social;Mil Reais;96437
N6;Município;2306702;Jaguaretama - CE;2021;2021;525;Valor adicionado bruto a preços correntes da administração, defesa, educação e saúde públicas e seguridade social;Mil Reais;78258
N6;Município;2306801;Jaguaribara - CE;2021;2021;525;Valor adicionado bruto a preços correntes da administração, defesa, educação e saúde públicas e seguridade social;Mil Reais;62461
N6;Município;2306900;Jaguaribe - CE;2021;2021;525;Valor adicionado bruto a preços correntes da administração, defesa, educação e saúde públicas e seguridade social;Mil Reais;155035
N6;Município;2307007;Jaguaruana - CE;2021;2021;525;Valor adicionado bruto a preços correntes da administração, defesa, educação e saúde públicas e seguridade social;Mil Reais;151554
N6;Município;2307106;Jardim - CE;2021;2021;525;Valor adicionado bruto a preços correntes da administração, defesa, educação e saúde públicas e seguridade social;Mil Reais;128953
N6;Município;2307205;Jati - CE;2021;2021;525;Valor adicionado bruto a preços correntes da administração, defesa, educação e saúde públicas e seguridade social;Mil Reais;39429
N6;Município;2307254;Jijoca de Jericoacoara - CE;2021;2021;525;Valor adicionado bruto a preços correntes da administração, defesa, educação e saúde públicas e seguridade social;Mil Reais;120726
N6;Município;2307304;Juazeiro do Norte - CE;2021;2021;525;Valor adicionado bruto a preços correntes da administração, defesa, educação e saúde públicas e seguridade social;Mil Reais;1048872
N6;Município;2307403;Jucás - CE;2021;2021;525;Valor adicionado bruto a preços correntes da administração, defesa, educação e saúde públicas e seguridade social;Mil Reais;114276
N6;Município;2307502;Lavras da Mangabeira - CE;2021;2021;525;Valor adicionado bruto a preços correntes da administração, defesa, educação e saúde públicas e seguridade social;Mil Reais;129650
N6;Município;2307601;Limoeiro do Norte - CE;2021;2021;525;Valor adicionado bruto a preços correntes da administração, defesa, educação e saúde públicas e seguridade social;Mil Reais;250412
N6;Município;2307635;Madalena - CE;2021;2021;525;Valor adicionado bruto a preços correntes da administração, defesa, educação e saúde públicas e seguridade social;Mil Reais;88358
N6;Município;2307650;Maracanaú - CE;2021;2021;525;Valor adicionado bruto a preços correntes da administração, defesa, educação e saúde públicas e seguridade social;Mil Reais;1084777
N6;Município;2307700;Maranguape - CE;2021;2021;525;Valor adicionado bruto a preços correntes da administração, defesa, educação e saúde públicas e seguridade social;Mil Reais;480375
N6;Município;2307809;Marco - CE;2021;2021;525;Valor adicionado bruto a preços correntes da administração, defesa, educação e saúde públicas e seguridade social;Mil Reais;131626
N6;Município;2307908;Martinópole - CE;2021;2021;525;Valor adicionado bruto a preços correntes da administração, defesa, educação e saúde públicas e seguridade social;Mil Reais;53938
N6;Município;2308005;Massapê - CE;2021;2021;525;Valor adicionado bruto a preços correntes da administração, defesa, educação e saúde públicas e seguridade social;Mil Reais;161237
N6;Município;2308104;Mauriti - CE;2021;2021;525;Valor adicionado bruto a preços correntes da administração, defesa, educação e saúde públicas e seguridade social;Mil Reais;209165
N6;Município;2308203;Meruoca - CE;2021;2021;525;Valor adicionado bruto a preços correntes da administração, defesa, educação e saúde públicas e seguridade social;Mil Reais;72577
N6;Município;2308302;Milagres - CE;2021;2021;525;Valor adicionado bruto a preços correntes da administração, defesa, educação e saúde públicas e seguridade social;Mil Reais;114788
N6;Município;2308351;Milhã - CE;2021;2021;525;Valor adicionado bruto a preços correntes da administração, defesa, educação e saúde públicas e seguridade social;Mil Reais;60472
N6;Município;2308377;Miraíma - CE;2021;2021;525;Valor adicionado bruto a preços correntes da administração, defesa, educação e saúde públicas e seguridade social;Mil Reais;66207
N6;Município;2308401;Missão Velha - CE;2021;2021;525;Valor adicionado bruto a preços correntes da administração, defesa, educação e saúde públicas e seguridade social;Mil Reais;163691
N6;Município;2308500;Mombaça - CE;2021;2021;525;Valor adicionado bruto a preços correntes da administração, defesa, educação e saúde públicas e seguridade social;Mil Reais;176331
N6;Município;2308609;Monsenhor Tabosa - CE;2021;2021;525;Valor adicionado bruto a preços correntes da administração, defesa, educação e saúde públicas e seguridade social;Mil Reais;80573
N6;Município;2308708;Morada Nova - CE;2021;2021;525;Valor adicionado bruto a preços correntes da administração, defesa, educação e saúde públicas e seguridade social;Mil Reais;261784
N6;Município;2308807;Moraújo - CE;2021;2021;525;Valor adicionado bruto a preços correntes da administração, defesa, educação e saúde públicas e seguridade social;Mil Reais;38739
N6;Município;2308906;Morrinhos - CE;2021;2021;525;Valor adicionado bruto a preços correntes da administração, defesa, educação e saúde públicas e seguridade social;Mil Reais;93911
N6;Município;2309003;Mucambo - CE;2021;2021;525;Valor adicionado bruto a preços correntes da administração, defesa, educação e saúde públicas e seguridade social;Mil Reais;65917
N6;Município;2309102;Mulungu - CE;2021;2021;525;Valor adicionado bruto a preços correntes da administração, defesa, educação e saúde públicas e seguridade social;Mil Reais;54771
N6;Município;2309201;Nova Olinda - CE;2021;2021;525;Valor adicionado bruto a preços correntes da administração, defesa, educação e saúde públicas e seguridade social;Mil Reais;73924
N6;Município;2309300;Nova Russas - CE;2021;2021;525;Valor adicionado bruto a preços correntes da administração, defesa, educação e saúde públicas e seguridade social;Mil Reais;141317
N6;Município;2309409;Novo Oriente - CE;2021;2021;525;Valor adicionado bruto a preços correntes da administração, defesa, educação e saúde públicas e seguridade social;Mil Reais;124882
N6;Município;2309458;Ocara - CE;2021;2021;525;Valor adicionado bruto a preços correntes da administração, defesa, educação e saúde públicas e seguridade social;Mil Reais;110770
N6;Município;2309508;Orós - CE;2021;2021;525;Valor adicionado bruto a preços correntes da administração, defesa, educação e saúde públicas e seguridade social;Mil Reais;97746
N6;Município;2309607;Pacajus - CE;2021;2021;525;Valor adicionado bruto a preços correntes da administração, defesa, educação e saúde públicas e seguridade social;Mil Reais;283862
N6;Município;2309706;Pacatuba - CE;2021;2021;525;Valor adicionado bruto a preços correntes da administração, defesa, educação e saúde públicas e seguridade social;Mil Reais;303701
N6;Município;2309805;Pacoti - CE;2021;2021;525;Valor adicionado bruto a preços correntes da administração, defesa, educação e saúde públicas e seguridade social;Mil Reais;54736
N6;Município;2309904;Pacujá - CE;2021;2021;525;Valor adicionado bruto a preços correntes da administração, defesa, educação e saúde públicas e seguridade social;Mil Reais;32469
N6;Município;2310001;Palhano - CE;2021;2021;525;Valor adicionado bruto a preços correntes da administração, defesa, educação e saúde públicas e seguridade social;Mil Reais;44103
N6;Município;2310100;Palmácia - CE;2021;2021;525;Valor adicionado bruto a preços correntes da administração, defesa, educação e saúde públicas e seguridade social;Mil Reais;57422
N6;Município;2310209;Paracuru - CE;2021;2021;525;Valor adicionado bruto a preços correntes da administração, defesa, educação e saúde públicas e seguridade social;Mil Reais;169458
N6;Município;2310258;Paraipaba - CE;2021;2021;525;Valor adicionado bruto a preços correntes da administração, defesa, educação e saúde públicas e seguridade social;Mil Reais;143423
N6;Município;2310308;Parambu - CE;2021;2021;525;Valor adicionado bruto a preços correntes da administração, defesa, educação e saúde públicas e seguridade social;Mil Reais;128656
N6;Município;2310407;Paramoti - CE;2021;2021;525;Valor adicionado bruto a preços correntes da administração, defesa, educação e saúde públicas e seguridade social;Mil Reais;56110
N6;Município;2310506;Pedra Branca - CE;2021;2021;525;Valor adicionado bruto a preços correntes da administração, defesa, educação e saúde públicas e seguridade social;Mil Reais;195399
N6;Município;2310605;Penaforte - CE;2021;2021;525;Valor adicionado bruto a preços correntes da administração, defesa, educação e saúde públicas e seguridade social;Mil Reais;48972
N6;Município;2310704;Pentecoste - CE;2021;2021;525;Valor adicionado bruto a preços correntes da administração, defesa, educação e saúde públicas e seguridade social;Mil Reais;179643
N6;Município;2310803;Pereiro - CE;2021;2021;525;Valor adicionado bruto a preços correntes da administração, defesa, educação e saúde públicas e seguridade social;Mil Reais;74775
N6;Município;2310852;Pindoretama - CE;2021;2021;525;Valor adicionado bruto a preços correntes da administração, defesa, educação e saúde públicas e seguridade social;Mil Reais;107772
N6;Município;2310902;Piquet Carneiro - CE;2021;2021;525;Valor adicionado bruto a preços correntes da administração, defesa, educação e saúde públicas e seguridade social;Mil Reais;76893
N6;Município;2310951;Pires Ferreira - CE;2021;2021;525;Valor adicionado bruto a preços correntes da administração, defesa, educação e saúde públicas e seguridade social;Mil Reais;43382
N6;Município;2311009;Poranga - CE;2021;2021;525;Valor adicionado bruto a preços correntes da administração, defesa, educação e saúde públicas e seguridade social;Mil Reais;57397
N6;Município;2311108;Porteiras - CE;2021;2021;525;Valor adicionado bruto a preços correntes da administração, defesa, educação e saúde públicas e seguridade social;Mil Reais;74879
N6;Município;2311207;Potengi - CE;2021;2021;525;Valor adicionado bruto a preços correntes da administração, defesa, educação e saúde públicas e seguridade social;Mil Reais;49672
N6;Município;2311231;Potiretama - CE;2021;2021;525;Valor adicionado bruto a preços correntes da administração, defesa, educação e saúde públicas e seguridade social;Mil Reais;37897
N6;Município;2311264;Quiterianópolis - CE;2021;2021;525;Valor adicionado bruto a preços correntes da administração, defesa, educação e saúde públicas e seguridade social;Mil Reais;89826
N6;Município;2311306;Quixadá - CE;2021;2021;525;Valor adicionado bruto a preços correntes da administração, defesa, educação e saúde públicas e seguridade social;Mil Reais;361528
N6;Município;2311355;Quixelô - CE;2021;2021;525;Valor adicionado bruto a preços correntes da administração, defesa, educação e saúde públicas e seguridade social;Mil Reais;72389
N6;Município;2311405;Quixeramobim - CE;2021;2021;525;Valor adicionado bruto a preços correntes da administração, defesa, educação e saúde públicas e seguridade social;Mil Reais;320101
N6;Município;2311504;Quixeré - CE;2021;2021;525;Valor adicionado bruto a preços correntes da administração, defesa, educação e saúde públicas e seguridade social;Mil Reais;105545
N6;Município;2311603;Redenção - CE;2021;2021;525;Valor adicionado bruto a preços correntes da administração, defesa, educação e saúde públicas e seguridade social;Mil Reais;131891
N6;Município;2311702;Reriutaba - CE;2021;2021;525;Valor adicionado bruto a preços correntes da administração, defesa, educação e saúde públicas e seguridade social;Mil Reais;80539
N6;Município;2311801;Russas - CE;2021;2021;525;Valor adicionado bruto a preços correntes da administração, defesa, educação e saúde públicas e seguridade social;Mil Reais;332272
N6;Município;2311900;Saboeiro - CE;2021;2021;525;Valor adicionado bruto a preços correntes da administração, defesa, educação e saúde públicas e seguridade social;Mil Reais;72951
N6;Município;2311959;Salitre - CE;2021;2021;525;Valor adicionado bruto a preços correntes da administração, defesa, educação e saúde públicas e seguridade social;Mil Reais;87086
N6;Município;2312007;Santana do Acaraú - CE;2021;2021;525;Valor adicionado bruto a preços correntes da administração, defesa, educação e saúde públicas e seguridade social;Mil Reais;135882
N6;Município;2312106;Santana do Cariri - CE;2021;2021;525;Valor adicionado bruto a preços correntes da administração, defesa, educação e saúde públicas e seguridade social;Mil Reais;83710
N6;Município;2312205;Santa Quitéria - CE;2021;2021;525;Valor adicionado bruto a preços correntes da administração, defesa, educação e saúde públicas e seguridade social;Mil Reais;197237
N6;Município;2312304;São Benedito - CE;2021;2021;525;Valor adicionado bruto a preços correntes da administração, defesa, educação e saúde públicas e seguridade social;Mil Reais;195862
N6;Município;2312403;São Gonçalo do Amarante - CE;2021;2021;525;Valor adicionado bruto a preços correntes da administração, defesa, educação e saúde públicas e seguridade social;Mil Reais;312348
N6;Município;2312502;São João do Jaguaribe - CE;2021;2021;525;Valor adicionado bruto a preços correntes da administração, defesa, educação e saúde públicas e seguridade social;Mil Reais;35208
N6;Município;2312601;São Luís do Curu - CE;2021;2021;525;Valor adicionado bruto a preços correntes da administração, defesa, educação e saúde públicas e seguridade social;Mil Reais;57523
N6;Município;2312700;Senador Pompeu - CE;2021;2021;525;Valor adicionado bruto a preços correntes da administração, defesa, educação e saúde públicas e seguridade social;Mil Reais;106017
N6;Município;2312809;Senador Sá - CE;2021;2021;525;Valor adicionado bruto a preços correntes da administração, defesa, educação e saúde públicas e seguridade social;Mil Reais;34287
N6;Município;2312908;Sobral - CE;2021;2021;525;Valor adicionado bruto a preços correntes da administração, defesa, educação e saúde públicas e seguridade social;Mil Reais;965637
N6;Município;2313005;Solonópole - CE;2021;2021;525;Valor adicionado bruto a preços correntes da administração, defesa, educação e saúde públicas e seguridade social;Mil Reais;86356
N6;Município;2313104;Tabuleiro do Norte - CE;2021;2021;525;Valor adicionado bruto a preços correntes da administração, defesa, educação e saúde públicas e seguridade social;Mil Reais;126963
N6;Município;2313203;Tamboril - CE;2021;2021;525;Valor adicionado bruto a preços correntes da administração, defesa, educação e saúde públicas e seguridade social;Mil Reais;117292
N6;Município;2313252;Tarrafas - CE;2021;2021;525;Valor adicionado bruto a preços correntes da administração, defesa, educação e saúde públicas e seguridade social;Mil Reais;42203
N6;Município;2313302;Tauá - CE;2021;2021;525;Valor adicionado bruto a preços correntes da administração, defesa, educação e saúde públicas e seguridade social;Mil Reais;224021
N6;Município;2313351;Tejuçuoca - CE;2021;2021;525;Valor adicionado bruto a preços correntes da administração, defesa, educação e saúde públicas e seguridade social;Mil Reais;82178
N6;Município;2313401;Tianguá - CE;2021;2021;525;Valor adicionado bruto a preços correntes da administração, defesa, educação e saúde públicas e seguridade social;Mil Reais;326956
N6;Município;2313500;Trairi - CE;2021;2021;525;Valor adicionado bruto a preços correntes da administração, defesa, educação e saúde públicas e seguridade social;Mil Reais;250907
N6;Município;2313559;Tururu - CE;2021;2021;525;Valor adicionado bruto a preços correntes da administração, defesa, educação e saúde públicas e seguridade social;Mil Reais;76714
N6;Município;2313609;Ubajara - CE;2021;2021;525;Valor adicionado bruto a preços correntes da administração, defesa, educação e saúde públicas e seguridade social;Mil Reais;151549
N6;Município;2313708;Umari - CE;2021;2021;525;Valor adicionado bruto a preços correntes da administração, defesa, educação e saúde públicas e seguridade social;Mil Reais;35204
N6;Município;2313757;Umirim - CE;2021;2021;525;Valor adicionado bruto a preços correntes da administração, defesa, educação e saúde públicas e seguridade social;Mil Reais;81745
N6;Município;2313807;Uruburetama - CE;2021;2021;525;Valor adicionado bruto a preços correntes da administração, defesa, educação e saúde públicas e seguridade social;Mil Reais;100173
N6;Município;2313906;Uruoca - CE;2021;2021;525;Valor adicionado bruto a preços correntes da administração, defesa, educação e saúde públicas e seguridade social;Mil Reais;65409
N6;Município;2313955;Varjota - CE;2021;2021;525;Valor adicionado bruto a preços correntes da administração, defesa, educação e saúde públicas e seguridade social;Mil Reais;89137
N6;Município;2314003;Várzea Alegre - CE;2021;2021;525;Valor adicionado bruto a preços correntes da administração, defesa, educação e saúde públicas e seguridade social;Mil Reais;169262
N6;Município;2314102;Viçosa do Ceará - CE;2021;2021;525;Valor adicionado bruto a preços correntes da administração, defesa, educação e saúde públicas e seguridade social;Mil Reais;245596
N1;Brasil;1;Brasil;2021;2021;528;Participação do valor adicionado bruto a preços correntes da administração, defesa, educação e saúde públicas e seguridade social no valor adicionado bruto a preços correntes total;%;15.80
N3;Unidade da Federação;23;Ceará;2021;2021;528;Participação do valor adicionado bruto a preços correntes da administração, defesa, educação e saúde públicas e seguridade social no valor adicionado bruto a preços correntes total;%;23.00
N6;Município;2300101;Abaiara - CE;2021;2021;528;Participação do valor adicionado bruto a preços correntes da administração, defesa, educação e saúde públicas e seguridade social no valor adicionado bruto a preços correntes total;%;50.49
N6;Município;2300150;Acarape - CE;2021;2021;528;Participação do valor adicionado bruto a preços correntes da administração, defesa, educação e saúde públicas e seguridade social no valor adicionado bruto a preços correntes total;%;40.34
N6;Município;2300200;Acaraú - CE;2021;2021;528;Participação do valor adicionado bruto a preços correntes da administração, defesa, educação e saúde públicas e seguridade social no valor adicionado bruto a preços correntes total;%;27.86
N6;Município;2300309;Acopiara - CE;2021;2021;528;Participação do valor adicionado bruto a preços correntes da administração, defesa, educação e saúde públicas e seguridade social no valor adicionado bruto a preços correntes total;%;36.22
N6;Município;2300408;Aiuaba - CE;2021;2021;528;Participação do valor adicionado bruto a preços correntes da administração, defesa, educação e saúde públicas e seguridade social no valor adicionado bruto a preços correntes total;%;51.34
N6;Município;2300507;Alcântaras - CE;2021;2021;528;Participação do valor adicionado bruto a preços correntes da administração, defesa, educação e saúde públicas e seguridade social no valor adicionado bruto a preços correntes total;%;58.13
N6;Município;2300606;Altaneira - CE;2021;2021;528;Participação do valor adicionado bruto a preços correntes da administração, defesa, educação e saúde públicas e seguridade social no valor adicionado bruto a preços correntes total;%;56.54
N6;Município;2300705;Alto Santo - CE;2021;2021;528;Participação do valor adicionado bruto a preços correntes da administração, defesa, educação e saúde públicas e seguridade social no valor adicionado bruto a preços correntes total;%;36.75
N6;Município;2300754;Amontada - CE;2021;2021;528;Participação do valor adicionado bruto a preços correntes da administração, defesa, educação e saúde públicas e seguridade social no valor adicionado bruto a preços correntes total;%;31.81
N6;Município;2300804;Antonina do Norte - CE;2021;2021;528;Participação do valor adicionado bruto a preços correntes da administração, defesa, educação e saúde públicas e seguridade social no valor adicionado bruto a preços correntes total;%;53.87
N6;Município;2300903;Apuiarés - CE;2021;2021;528;Participação do valor adicionado bruto a preços correntes da administração, defesa, educação e saúde públicas e seguridade social no valor adicionado bruto a preços correntes total;%;53.95
N6;Município;2301000;Aquiraz - CE;2021;2021;528;Participação do valor adicionado bruto a preços correntes da administração, defesa, educação e saúde públicas e seguridade social no valor adicionado bruto a preços correntes total;%;15.24
N6;Município;2301109;Aracati - CE;2021;2021;528;Participação do valor adicionado bruto a preços correntes da administração, defesa, educação e saúde públicas e seguridade social no valor adicionado bruto a preços correntes total;%;19.12
N6;Município;2301208;Aracoiaba - CE;2021;2021;528;Participação do valor adicionado bruto a preços correntes da administração, defesa, educação e saúde públicas e seguridade social no valor adicionado bruto a preços correntes total;%;46.75
N6;Município;2301257;Ararendá - CE;2021;2021;528;Participação do valor adicionado bruto a preços correntes da administração, defesa, educação e saúde públicas e seguridade social no valor adicionado bruto a preços correntes total;%;54.17
N6;Município;2301307;Araripe - CE;2021;2021;528;Participação do valor adicionado bruto a preços correntes da administração, defesa, educação e saúde públicas e seguridade social no valor adicionado bruto a preços correntes total;%;53.61
N6;Município;2301406;Aratuba - CE;2021;2021;528;Participação do valor adicionado bruto a preços correntes da administração, defesa, educação e saúde públicas e seguridade social no valor adicionado bruto a preços correntes total;%;39.90
N6;Município;2301505;Arneiroz - CE;2021;2021;528;Participação do valor adicionado bruto a preços correntes da administração, defesa, educação e saúde públicas e seguridade social no valor adicionado bruto a preços correntes total;%;50.38
N6;Município;2301604;Assaré - CE;2021;2021;528;Participação do valor adicionado bruto a preços correntes da administração, defesa, educação e saúde públicas e seguridade social no valor adicionado bruto a preços correntes total;%;43.01
N6;Município;2301703;Aurora - CE;2021;2021;528;Participação do valor adicionado bruto a preços correntes da administração, defesa, educação e saúde públicas e seguridade social no valor adicionado bruto a preços correntes total;%;48.84
N6;Município;2301802;Baixio - CE;2021;2021;528;Participação do valor adicionado bruto a preços correntes da administração, defesa, educação e saúde públicas e seguridade social no valor adicionado bruto a preços correntes total;%;52.90
N6;Município;2301851;Banabuiú - CE;2021;2021;528;Participação do valor adicionado bruto a preços correntes da administração, defesa, educação e saúde públicas e seguridade social no valor adicionado bruto a preços correntes total;%;34.98
N6;Município;2301901;Barbalha - CE;2021;2021;528;Participação do valor adicionado bruto a preços correntes da administração, defesa, educação e saúde públicas e seguridade social no valor adicionado bruto a preços correntes total;%;23.81
N6;Município;2301950;Barreira - CE;2021;2021;528;Participação do valor adicionado bruto a preços correntes da administração, defesa, educação e saúde públicas e seguridade social no valor adicionado bruto a preços correntes total;%;46.82
N6;Município;2302008;Barro - CE;2021;2021;528;Participação do valor adicionado bruto a preços correntes da administração, defesa, educação e saúde públicas e seguridade social no valor adicionado bruto a preços correntes total;%;41.79
N6;Município;2302057;Barroquinha - CE;2021;2021;528;Participação do valor adicionado bruto a preços correntes da administração, defesa, educação e saúde públicas e seguridade social no valor adicionado bruto a preços correntes total;%;57.42
N6;Município;2302107;Baturité - CE;2021;2021;528;Participação do valor adicionado bruto a preços correntes da administração, defesa, educação e saúde públicas e seguridade social no valor adicionado bruto a preços correntes total;%;36.10
N6;Município;2302206;Beberibe - CE;2021;2021;528;Participação do valor adicionado bruto a preços correntes da administração, defesa, educação e saúde públicas e seguridade social no valor adicionado bruto a preços correntes total;%;22.55
N6;Município;2302305;Bela Cruz - CE;2021;2021;528;Participação do valor adicionado bruto a preços correntes da administração, defesa, educação e saúde públicas e seguridade social no valor adicionado bruto a preços correntes total;%;45.64
N6;Município;2302404;Boa Viagem - CE;2021;2021;528;Participação do valor adicionado bruto a preços correntes da administração, defesa, educação e saúde públicas e seguridade social no valor adicionado bruto a preços correntes total;%;42.67
N6;Município;2302503;Brejo Santo - CE;2021;2021;528;Participação do valor adicionado bruto a preços correntes da administração, defesa, educação e saúde públicas e seguridade social no valor adicionado bruto a preços correntes total;%;30.57
N6;Município;2302602;Camocim - CE;2021;2021;528;Participação do valor adicionado bruto a preços correntes da administração, defesa, educação e saúde públicas e seguridade social no valor adicionado bruto a preços correntes total;%;32.69
N6;Município;2302701;Campos Sales - CE;2021;2021;528;Participação do valor adicionado bruto a preços correntes da administração, defesa, educação e saúde públicas e seguridade social no valor adicionado bruto a preços correntes total;%;42.02
N6;Município;2302800;Canindé - CE;2021;2021;528;Participação do valor adicionado bruto a preços correntes da administração, defesa, educação e saúde públicas e seguridade social no valor adicionado bruto a preços correntes total;%;40.45
N6;Município;2302909;Capistrano - CE;2021;2021;528;Participação do valor adicionado bruto a preços correntes da administração, defesa, educação e saúde públicas e seguridade social no valor adicionado bruto a preços correntes total;%;49.95
N6;Município;2303006;Caridade - CE;2021;2021;528;Participação do valor adicionado bruto a preços correntes da administração, defesa, educação e saúde públicas e seguridade social no valor adicionado bruto a preços correntes total;%;51.42
N6;Município;2303105;Cariré - CE;2021;2021;528;Participação do valor adicionado bruto a preços correntes da administração, defesa, educação e saúde públicas e seguridade social no valor adicionado bruto a preços correntes total;%;43.26
N6;Município;2303204;Caririaçu - CE;2021;2021;528;Participação do valor adicionado bruto a preços correntes da administração, defesa, educação e saúde públicas e seguridade social no valor adicionado bruto a preços correntes total;%;50.62
N6;Município;2303303;Cariús - CE;2021;2021;528;Participação do valor adicionado bruto a preços correntes da administração, defesa, educação e saúde públicas e seguridade social no valor adicionado bruto a preços correntes total;%;43.16
N6;Município;2303402;Carnaubal - CE;2021;2021;528;Participação do valor adicionado bruto a preços correntes da administração, defesa, educação e saúde públicas e seguridade social no valor adicionado bruto a preços correntes total;%;53.76
N6;Município;2303501;Cascavel - CE;2021;2021;528;Participação do valor adicionado bruto a preços correntes da administração, defesa, educação e saúde públicas e seguridade social no valor adicionado bruto a preços correntes total;%;32.11
N6;Município;2303600;Catarina - CE;2021;2021;528;Participação do valor adicionado bruto a preços correntes da administração, defesa, educação e saúde públicas e seguridade social no valor adicionado bruto a preços correntes total;%;57.04
N6;Município;2303659;Catunda - CE;2021;2021;528;Participação do valor adicionado bruto a preços correntes da administração, defesa, educação e saúde públicas e seguridade social no valor adicionado bruto a preços correntes total;%;54.25
N6;Município;2303709;Caucaia - CE;2021;2021;528;Participação do valor adicionado bruto a preços correntes da administração, defesa, educação e saúde públicas e seguridade social no valor adicionado bruto a preços correntes total;%;16.11
N6;Município;2303808;Cedro - CE;2021;2021;528;Participação do valor adicionado bruto a preços correntes da administração, defesa, educação e saúde públicas e seguridade social no valor adicionado bruto a preços correntes total;%;44.96
N6;Município;2303907;Chaval - CE;2021;2021;528;Participação do valor adicionado bruto a preços correntes da administração, defesa, educação e saúde públicas e seguridade social no valor adicionado bruto a preços correntes total;%;57.47
N6;Município;2303931;Choró - CE;2021;2021;528;Participação do valor adicionado bruto a preços correntes da administração, defesa, educação e saúde públicas e seguridade social no valor adicionado bruto a preços correntes total;%;36.36
N6;Município;2303956;Chorozinho - CE;2021;2021;528;Participação do valor adicionado bruto a preços correntes da administração, defesa, educação e saúde públicas e seguridade social no valor adicionado bruto a preços correntes total;%;42.65
N6;Município;2304004;Coreaú - CE;2021;2021;528;Participação do valor adicionado bruto a preços correntes da administração, defesa, educação e saúde públicas e seguridade social no valor adicionado bruto a preços correntes total;%;50.19
N6;Município;2304103;Crateús - CE;2021;2021;528;Participação do valor adicionado bruto a preços correntes da administração, defesa, educação e saúde públicas e seguridade social no valor adicionado bruto a preços correntes total;%;34.65
N6;Município;2304202;Crato - CE;2021;2021;528;Participação do valor adicionado bruto a preços correntes da administração, defesa, educação e saúde públicas e seguridade social no valor adicionado bruto a preços correntes total;%;30.33
N6;Município;2304236;Croatá - CE;2021;2021;528;Participação do valor adicionado bruto a preços correntes da administração, defesa, educação e saúde públicas e seguridade social no valor adicionado bruto a preços correntes total;%;38.10
N6;Município;2304251;Cruz - CE;2021;2021;528;Participação do valor adicionado bruto a preços correntes da administração, defesa, educação e saúde públicas e seguridade social no valor adicionado bruto a preços correntes total;%;38.06
N6;Município;2304269;Deputado Irapuan Pinheiro - CE;2021;2021;528;Participação do valor adicionado bruto a preços correntes da administração, defesa, educação e saúde públicas e seguridade social no valor adicionado bruto a preços correntes total;%;46.23
N6;Município;2304277;Ereré - CE;2021;2021;528;Participação do valor adicionado bruto a preços correntes da administração, defesa, educação e saúde públicas e seguridade social no valor adicionado bruto a preços correntes total;%;47.32
N6;Município;2304285;Eusébio - CE;2021;2021;528;Participação do valor adicionado bruto a preços correntes da administração, defesa, educação e saúde públicas e seguridade social no valor adicionado bruto a preços correntes total;%;13.11
N6;Município;2304301;Farias Brito - CE;2021;2021;528;Participação do valor adicionado bruto a preços correntes da administração, defesa, educação e saúde públicas e seguridade social no valor adicionado bruto a preços correntes total;%;47.11
N6;Município;2304350;Forquilha - CE;2021;2021;528;Participação do valor adicionado bruto a preços correntes da administração, defesa, educação e saúde públicas e seguridade social no valor adicionado bruto a preços correntes total;%;37.07
N6;Município;2304400;Fortaleza - CE;2021;2021;528;Participação do valor adicionado bruto a preços correntes da administração, defesa, educação e saúde públicas e seguridade social no valor adicionado bruto a preços correntes total;%;16.83
N6;Município;2304459;Fortim - CE;2021;2021;528;Participação do valor adicionado bruto a preços correntes da administração, defesa, educação e saúde públicas e seguridade social no valor adicionado bruto a preços correntes total;%;24.85
N6;Município;2304509;Frecheirinha - CE;2021;2021;528;Participação do valor adicionado bruto a preços correntes da administração, defesa, educação e saúde públicas e seguridade social no valor adicionado bruto a preços correntes total;%;28.92
N6;Município;2304608;General Sampaio - CE;2021;2021;528;Participação do valor adicionado bruto a preços correntes da administração, defesa, educação e saúde públicas e seguridade social no valor adicionado bruto a preços correntes total;%;52.65
N6;Município;2304657;Graça - CE;2021;2021;528;Participação do valor adicionado bruto a preços correntes da administração, defesa, educação e saúde públicas e seguridade social no valor adicionado bruto a preços correntes total;%;59.35
N6;Município;2304707;Granja - CE;2021;2021;528;Participação do valor adicionado bruto a preços correntes da administração, defesa, educação e saúde públicas e seguridade social no valor adicionado bruto a preços correntes total;%;49.54
N6;Município;2304806;Granjeiro - CE;2021;2021;528;Participação do valor adicionado bruto a preços correntes da administração, defesa, educação e saúde públicas e seguridade social no valor adicionado bruto a preços correntes total;%;55.24
N6;Município;2304905;Groaíras - CE;2021;2021;528;Participação do valor adicionado bruto a preços correntes da administração, defesa, educação e saúde públicas e seguridade social no valor adicionado bruto a preços correntes total;%;51.90
N6;Município;2304954;Guaiúba - CE;2021;2021;528;Participação do valor adicionado bruto a preços correntes da administração, defesa, educação e saúde públicas e seguridade social no valor adicionado bruto a preços correntes total;%;52.85
N6;Município;2305001;Guaraciaba do Norte - CE;2021;2021;528;Participação do valor adicionado bruto a preços correntes da administração, defesa, educação e saúde públicas e seguridade social no valor adicionado bruto a preços correntes total;%;28.10
N6;Município;2305100;Guaramiranga - CE;2021;2021;528;Participação do valor adicionado bruto a preços correntes da administração, defesa, educação e saúde públicas e seguridade social no valor adicionado bruto a preços correntes total;%;40.04
N6;Município;2305209;Hidrolândia - CE;2021;2021;528;Participação do valor adicionado bruto a preços correntes da administração, defesa, educação e saúde públicas e seguridade social no valor adicionado bruto a preços correntes total;%;46.51
N6;Município;2305233;Horizonte - CE;2021;2021;528;Participação do valor adicionado bruto a preços correntes da administração, defesa, educação e saúde públicas e seguridade social no valor adicionado bruto a preços correntes total;%;17.60
N6;Município;2305266;Ibaretama - CE;2021;2021;528;Participação do valor adicionado bruto a preços correntes da administração, defesa, educação e saúde públicas e seguridade social no valor adicionado bruto a preços correntes total;%;52.30
N6;Município;2305308;Ibiapina - CE;2021;2021;528;Participação do valor adicionado bruto a preços correntes da administração, defesa, educação e saúde públicas e seguridade social no valor adicionado bruto a preços correntes total;%;34.85
N6;Município;2305332;Ibicuitinga - CE;2021;2021;528;Participação do valor adicionado bruto a preços correntes da administração, defesa, educação e saúde públicas e seguridade social no valor adicionado bruto a preços correntes total;%;53.41
N6;Município;2305357;Icapuí - CE;2021;2021;528;Participação do valor adicionado bruto a preços correntes da administração, defesa, educação e saúde públicas e seguridade social no valor adicionado bruto a preços correntes total;%;27.90
N6;Município;2305407;Icó - CE;2021;2021;528;Participação do valor adicionado bruto a preços correntes da administração, defesa, educação e saúde públicas e seguridade social no valor adicionado bruto a preços correntes total;%;40.00
N6;Município;2305506;Iguatu - CE;2021;2021;528;Participação do valor adicionado bruto a preços correntes da administração, defesa, educação e saúde públicas e seguridade social no valor adicionado bruto a preços correntes total;%;25.84
N6;Município;2305605;Independência - CE;2021;2021;528;Participação do valor adicionado bruto a preços correntes da administração, defesa, educação e saúde públicas e seguridade social no valor adicionado bruto a preços correntes total;%;33.88
N6;Município;2305654;Ipaporanga - CE;2021;2021;528;Participação do valor adicionado bruto a preços correntes da administração, defesa, educação e saúde públicas e seguridade social no valor adicionado bruto a preços correntes total;%;47.55
N6;Município;2305704;Ipaumirim - CE;2021;2021;528;Participação do valor adicionado bruto a preços correntes da administração, defesa, educação e saúde públicas e seguridade social no valor adicionado bruto a preços correntes total;%;41.45
N6;Município;2305803;Ipu - CE;2021;2021;528;Participação do valor adicionado bruto a preços correntes da administração, defesa, educação e saúde públicas e seguridade social no valor adicionado bruto a preços correntes total;%;36.06
N6;Município;2305902;Ipueiras - CE;2021;2021;528;Participação do valor adicionado bruto a preços correntes da administração, defesa, educação e saúde públicas e seguridade social no valor adicionado bruto a preços correntes total;%;53.55
N6;Município;2306009;Iracema - CE;2021;2021;528;Participação do valor adicionado bruto a preços correntes da administração, defesa, educação e saúde públicas e seguridade social no valor adicionado bruto a preços correntes total;%;41.14
N6;Município;2306108;Irauçuba - CE;2021;2021;528;Participação do valor adicionado bruto a preços correntes da administração, defesa, educação e saúde públicas e seguridade social no valor adicionado bruto a preços correntes total;%;51.25
N6;Município;2306207;Itaiçaba - CE;2021;2021;528;Participação do valor adicionado bruto a preços correntes da administração, defesa, educação e saúde públicas e seguridade social no valor adicionado bruto a preços correntes total;%;52.07
N6;Município;2306256;Itaitinga - CE;2021;2021;528;Participação do valor adicionado bruto a preços correntes da administração, defesa, educação e saúde públicas e seguridade social no valor adicionado bruto a preços correntes total;%;19.08
N6;Município;2306306;Itapajé - CE;2021;2021;528;Participação do valor adicionado bruto a preços correntes da administração, defesa, educação e saúde públicas e seguridade social no valor adicionado bruto a preços correntes total;%;37.77
N6;Município;2306405;Itapipoca - CE;2021;2021;528;Participação do valor adicionado bruto a preços correntes da administração, defesa, educação e saúde públicas e seguridade social no valor adicionado bruto a preços correntes total;%;32.59
N6;Município;2306504;Itapiúna - CE;2021;2021;528;Participação do valor adicionado bruto a preços correntes da administração, defesa, educação e saúde públicas e seguridade social no valor adicionado bruto a preços correntes total;%;56.95
N6;Município;2306553;Itarema - CE;2021;2021;528;Participação do valor adicionado bruto a preços correntes da administração, defesa, educação e saúde públicas e seguridade social no valor adicionado bruto a preços correntes total;%;25.28
N6;Município;2306603;Itatira - CE;2021;2021;528;Participação do valor adicionado bruto a preços correntes da administração, defesa, educação e saúde públicas e seguridade social no valor adicionado bruto a preços correntes total;%;58.04
N6;Município;2306702;Jaguaretama - CE;2021;2021;528;Participação do valor adicionado bruto a preços correntes da administração, defesa, educação e saúde públicas e seguridade social no valor adicionado bruto a preços correntes total;%;36.34
N6;Município;2306801;Jaguaribara - CE;2021;2021;528;Participação do valor adicionado bruto a preços correntes da administração, defesa, educação e saúde públicas e seguridade social no valor adicionado bruto a preços correntes total;%;43.00
N6;Município;2306900;Jaguaribe - CE;2021;2021;528;Participação do valor adicionado bruto a preços correntes da administração, defesa, educação e saúde públicas e seguridade social no valor adicionado bruto a preços correntes total;%;30.26
N6;Município;2307007;Jaguaruana - CE;2021;2021;528;Participação do valor adicionado bruto a preços correntes da administração, defesa, educação e saúde públicas e seguridade social no valor adicionado bruto a preços correntes total;%;30.28
N6;Município;2307106;Jardim - CE;2021;2021;528;Participação do valor adicionado bruto a preços correntes da administração, defesa, educação e saúde públicas e seguridade social no valor adicionado bruto a preços correntes total;%;45.78
N6;Município;2307205;Jati - CE;2021;2021;528;Participação do valor adicionado bruto a preços correntes da administração, defesa, educação e saúde públicas e seguridade social no valor adicionado bruto a preços correntes total;%;34.20
N6;Município;2307254;Jijoca de Jericoacoara - CE;2021;2021;528;Participação do valor adicionado bruto a preços correntes da administração, defesa, educação e saúde públicas e seguridade social no valor adicionado bruto a preços correntes total;%;23.95
N6;Município;2307304;Juazeiro do Norte - CE;2021;2021;528;Participação do valor adicionado bruto a preços correntes da administração, defesa, educação e saúde públicas e seguridade social no valor adicionado bruto a preços correntes total;%;23.35
N6;Município;2307403;Jucás - CE;2021;2021;528;Participação do valor adicionado bruto a preços correntes da administração, defesa, educação e saúde públicas e seguridade social no valor adicionado bruto a preços correntes total;%;38.35
N6;Município;2307502;Lavras da Mangabeira - CE;2021;2021;528;Participação do valor adicionado bruto a preços correntes da administração, defesa, educação e saúde públicas e seguridade social no valor adicionado bruto a preços correntes total;%;39.48
N6;Município;2307601;Limoeiro do Norte - CE;2021;2021;528;Participação do valor adicionado bruto a preços correntes da administração, defesa, educação e saúde públicas e seguridade social no valor adicionado bruto a preços correntes total;%;19.96
N6;Município;2307635;Madalena - CE;2021;2021;528;Participação do valor adicionado bruto a preços correntes da administração, defesa, educação e saúde públicas e seguridade social no valor adicionado bruto a preços correntes total;%;53.33
N6;Município;2307650;Maracanaú - CE;2021;2021;528;Participação do valor adicionado bruto a preços correntes da administração, defesa, educação e saúde públicas e seguridade social no valor adicionado bruto a preços correntes total;%;11.21
N6;Município;2307700;Maranguape - CE;2021;2021;528;Participação do valor adicionado bruto a preços correntes da administração, defesa, educação e saúde públicas e seguridade social no valor adicionado bruto a preços correntes total;%;34.03
N6;Município;2307809;Marco - CE;2021;2021;528;Participação do valor adicionado bruto a preços correntes da administração, defesa, educação e saúde públicas e seguridade social no valor adicionado bruto a preços correntes total;%;38.06
N6;Município;2307908;Martinópole - CE;2021;2021;528;Participação do valor adicionado bruto a preços correntes da administração, defesa, educação e saúde públicas e seguridade social no valor adicionado bruto a preços correntes total;%;58.44
N6;Município;2308005;Massapê - CE;2021;2021;528;Participação do valor adicionado bruto a preços correntes da administração, defesa, educação e saúde públicas e seguridade social no valor adicionado bruto a preços correntes total;%;45.02
N6;Município;2308104;Mauriti - CE;2021;2021;528;Participação do valor adicionado bruto a preços correntes da administração, defesa, educação e saúde públicas e seguridade social no valor adicionado bruto a preços correntes total;%;42.63
N6;Município;2308203;Meruoca - CE;2021;2021;528;Participação do valor adicionado bruto a preços correntes da administração, defesa, educação e saúde públicas e seguridade social no valor adicionado bruto a preços correntes total;%;58.49
N6;Município;2308302;Milagres - CE;2021;2021;528;Participação do valor adicionado bruto a preços correntes da administração, defesa, educação e saúde públicas e seguridade social no valor adicionado bruto a preços correntes total;%;42.71
N6;Município;2308351;Milhã - CE;2021;2021;528;Participação do valor adicionado bruto a preços correntes da administração, defesa, educação e saúde públicas e seguridade social no valor adicionado bruto a preços correntes total;%;32.19
N6;Município;2308377;Miraíma - CE;2021;2021;528;Participação do valor adicionado bruto a preços correntes da administração, defesa, educação e saúde públicas e seguridade social no valor adicionado bruto a preços correntes total;%;60.85
N6;Município;2308401;Missão Velha - CE;2021;2021;528;Participação do valor adicionado bruto a preços correntes da administração, defesa, educação e saúde públicas e seguridade social no valor adicionado bruto a preços correntes total;%;33.03
N6;Município;2308500;Mombaça - CE;2021;2021;528;Participação do valor adicionado bruto a preços correntes da administração, defesa, educação e saúde públicas e seguridade social no valor adicionado bruto a preços correntes total;%;41.95
N6;Município;2308609;Monsenhor Tabosa - CE;2021;2021;528;Participação do valor adicionado bruto a preços correntes da administração, defesa, educação e saúde públicas e seguridade social no valor adicionado bruto a preços correntes total;%;53.06
N6;Município;2308708;Morada Nova - CE;2021;2021;528;Participação do valor adicionado bruto a preços correntes da administração, defesa, educação e saúde públicas e seguridade social no valor adicionado bruto a preços correntes total;%;22.64
N6;Município;2308807;Moraújo - CE;2021;2021;528;Participação do valor adicionado bruto a preços correntes da administração, defesa, educação e saúde públicas e seguridade social no valor adicionado bruto a preços correntes total;%;53.08
N6;Município;2308906;Morrinhos - CE;2021;2021;528;Participação do valor adicionado bruto a preços correntes da administração, defesa, educação e saúde públicas e seguridade social no valor adicionado bruto a preços correntes total;%;52.02
N6;Município;2309003;Mucambo - CE;2021;2021;528;Participação do valor adicionado bruto a preços correntes da administração, defesa, educação e saúde públicas e seguridade social no valor adicionado bruto a preços correntes total;%;53.12
N6;Município;2309102;Mulungu - CE;2021;2021;528;Participação do valor adicionado bruto a preços correntes da administração, defesa, educação e saúde públicas e seguridade social no valor adicionado bruto a preços correntes total;%;45.81
N6;Município;2309201;Nova Olinda - CE;2021;2021;528;Participação do valor adicionado bruto a preços correntes da administração, defesa, educação e saúde públicas e seguridade social no valor adicionado bruto a preços correntes total;%;47.92
N6;Município;2309300;Nova Russas - CE;2021;2021;528;Participação do valor adicionado bruto a preços correntes da administração, defesa, educação e saúde públicas e seguridade social no valor adicionado bruto a preços correntes total;%;45.88
N6;Município;2309409;Novo Oriente - CE;2021;2021;528;Participação do valor adicionado bruto a preços correntes da administração, defesa, educação e saúde públicas e seguridade social no valor adicionado bruto a preços correntes total;%;46.41
N6;Município;2309458;Ocara - CE;2021;2021;528;Participação do valor adicionado bruto a preços correntes da administração, defesa, educação e saúde públicas e seguridade social no valor adicionado bruto a preços correntes total;%;41.53
N6;Município;2309508;Orós - CE;2021;2021;528;Participação do valor adicionado bruto a preços correntes da administração, defesa, educação e saúde públicas e seguridade social no valor adicionado bruto a preços correntes total;%;47.04
N6;Município;2309607;Pacajus - CE;2021;2021;528;Participação do valor adicionado bruto a preços correntes da administração, defesa, educação e saúde públicas e seguridade social no valor adicionado bruto a preços correntes total;%;23.35
N6;Município;2309706;Pacatuba - CE;2021;2021;528;Participação do valor adicionado bruto a preços correntes da administração, defesa, educação e saúde públicas e seguridade social no valor adicionado bruto a preços correntes total;%;28.21
N6;Município;2309805;Pacoti - CE;2021;2021;528;Participação do valor adicionado bruto a preços correntes da administração, defesa, educação e saúde públicas e seguridade social no valor adicionado bruto a preços correntes total;%;38.51
N6;Município;2309904;Pacujá - CE;2021;2021;528;Participação do valor adicionado bruto a preços correntes da administração, defesa, educação e saúde públicas e seguridade social no valor adicionado bruto a preços correntes total;%;56.77
N6;Município;2310001;Palhano - CE;2021;2021;528;Participação do valor adicionado bruto a preços correntes da administração, defesa, educação e saúde públicas e seguridade social no valor adicionado bruto a preços correntes total;%;47.26
N6;Município;2310100;Palmácia - CE;2021;2021;528;Participação do valor adicionado bruto a preços correntes da administração, defesa, educação e saúde públicas e seguridade social no valor adicionado bruto a preços correntes total;%;51.53
N6;Município;2310209;Paracuru - CE;2021;2021;528;Participação do valor adicionado bruto a preços correntes da administração, defesa, educação e saúde públicas e seguridade social no valor adicionado bruto a preços correntes total;%;32.73
N6;Município;2310258;Paraipaba - CE;2021;2021;528;Participação do valor adicionado bruto a preços correntes da administração, defesa, educação e saúde públicas e seguridade social no valor adicionado bruto a preços correntes total;%;29.01
N6;Município;2310308;Parambu - CE;2021;2021;528;Participação do valor adicionado bruto a preços correntes da administração, defesa, educação e saúde públicas e seguridade social no valor adicionado bruto a preços correntes total;%;47.21
N6;Município;2310407;Paramoti - CE;2021;2021;528;Participação do valor adicionado bruto a preços correntes da administração, defesa, educação e saúde públicas e seguridade social no valor adicionado bruto a preços correntes total;%;52.63
N6;Município;2310506;Pedra Branca - CE;2021;2021;528;Participação do valor adicionado bruto a preços correntes da administração, defesa, educação e saúde públicas e seguridade social no valor adicionado bruto a preços correntes total;%;52.85
N6;Município;2310605;Penaforte - CE;2021;2021;528;Participação do valor adicionado bruto a preços correntes da administração, defesa, educação e saúde públicas e seguridade social no valor adicionado bruto a preços correntes total;%;43.91
N6;Município;2310704;Pentecoste - CE;2021;2021;528;Participação do valor adicionado bruto a preços correntes da administração, defesa, educação e saúde públicas e seguridade social no valor adicionado bruto a preços correntes total;%;39.75
N6;Município;2310803;Pereiro - CE;2021;2021;528;Participação do valor adicionado bruto a preços correntes da administração, defesa, educação e saúde públicas e seguridade social no valor adicionado bruto a preços correntes total;%;15.51
N6;Município;2310852;Pindoretama - CE;2021;2021;528;Participação do valor adicionado bruto a preços correntes da administração, defesa, educação e saúde públicas e seguridade social no valor adicionado bruto a preços correntes total;%;42.50
N6;Município;2310902;Piquet Carneiro - CE;2021;2021;528;Participação do valor adicionado bruto a preços correntes da administração, defesa, educação e saúde públicas e seguridade social no valor adicionado bruto a preços correntes total;%;49.95
N6;Município;2310951;Pires Ferreira - CE;2021;2021;528;Participação do valor adicionado bruto a preços correntes da administração, defesa, educação e saúde públicas e seguridade social no valor adicionado bruto a preços correntes total;%;53.52
N6;Município;2311009;Poranga - CE;2021;2021;528;Participação do valor adicionado bruto a preços correntes da administração, defesa, educação e saúde públicas e seguridade social no valor adicionado bruto a preços correntes total;%;55.08
N6;Município;2311108;Porteiras - CE;2021;2021;528;Participação do valor adicionado bruto a preços correntes da administração, defesa, educação e saúde públicas e seguridade social no valor adicionado bruto a preços correntes total;%;42.09
N6;Município;2311207;Potengi - CE;2021;2021;528;Participação do valor adicionado bruto a preços correntes da administração, defesa, educação e saúde públicas e seguridade social no valor adicionado bruto a preços correntes total;%;46.78
N6;Município;2311231;Potiretama - CE;2021;2021;528;Participação do valor adicionado bruto a preços correntes da administração, defesa, educação e saúde públicas e seguridade social no valor adicionado bruto a preços correntes total;%;40.71
N6;Município;2311264;Quiterianópolis - CE;2021;2021;528;Participação do valor adicionado bruto a preços correntes da administração, defesa, educação e saúde públicas e seguridade social no valor adicionado bruto a preços correntes total;%;51.34
N6;Município;2311306;Quixadá - CE;2021;2021;528;Participação do valor adicionado bruto a preços correntes da administração, defesa, educação e saúde públicas e seguridade social no valor adicionado bruto a preços correntes total;%;35.37
N6;Município;2311355;Quixelô - CE;2021;2021;528;Participação do valor adicionado bruto a preços correntes da administração, defesa, educação e saúde públicas e seguridade social no valor adicionado bruto a preços correntes total;%;38.22
N6;Município;2311405;Quixeramobim - CE;2021;2021;528;Participação do valor adicionado bruto a preços correntes da administração, defesa, educação e saúde públicas e seguridade social no valor adicionado bruto a preços correntes total;%;25.00
N6;Município;2311504;Quixeré - CE;2021;2021;528;Participação do valor adicionado bruto a preços correntes da administração, defesa, educação e saúde públicas e seguridade social no valor adicionado bruto a preços correntes total;%;18.13
N6;Município;2311603;Redenção - CE;2021;2021;528;Participação do valor adicionado bruto a preços correntes da administração, defesa, educação e saúde públicas e seguridade social no valor adicionado bruto a preços correntes total;%;34.17
N6;Município;2311702;Reriutaba - CE;2021;2021;528;Participação do valor adicionado bruto a preços correntes da administração, defesa, educação e saúde públicas e seguridade social no valor adicionado bruto a preços correntes total;%;44.98
N6;Município;2311801;Russas - CE;2021;2021;528;Participação do valor adicionado bruto a preços correntes da administração, defesa, educação e saúde públicas e seguridade social no valor adicionado bruto a preços correntes total;%;32.03
N6;Município;2311900;Saboeiro - CE;2021;2021;528;Participação do valor adicionado bruto a preços correntes da administração, defesa, educação e saúde públicas e seguridade social no valor adicionado bruto a preços correntes total;%;44.37
N6;Município;2311959;Salitre - CE;2021;2021;528;Participação do valor adicionado bruto a preços correntes da administração, defesa, educação e saúde públicas e seguridade social no valor adicionado bruto a preços correntes total;%;56.61
N6;Município;2312007;Santana do Acaraú - CE;2021;2021;528;Participação do valor adicionado bruto a preços correntes da administração, defesa, educação e saúde públicas e seguridade social no valor adicionado bruto a preços correntes total;%;50.62
N6;Município;2312106;Santana do Cariri - CE;2021;2021;528;Participação do valor adicionado bruto a preços correntes da administração, defesa, educação e saúde públicas e seguridade social no valor adicionado bruto a preços correntes total;%;54.44
N6;Município;2312205;Santa Quitéria - CE;2021;2021;528;Participação do valor adicionado bruto a preços correntes da administração, defesa, educação e saúde públicas e seguridade social no valor adicionado bruto a preços correntes total;%;33.39
N6;Município;2312304;São Benedito - CE;2021;2021;528;Participação do valor adicionado bruto a preços correntes da administração, defesa, educação e saúde públicas e seguridade social no valor adicionado bruto a preços correntes total;%;33.32
N6;Município;2312403;São Gonçalo do Amarante - CE;2021;2021;528;Participação do valor adicionado bruto a preços correntes da administração, defesa, educação e saúde públicas e seguridade social no valor adicionado bruto a preços correntes total;%;4.43
N6;Município;2312502;São João do Jaguaribe - CE;2021;2021;528;Participação do valor adicionado bruto a preços correntes da administração, defesa, educação e saúde públicas e seguridade social no valor adicionado bruto a preços correntes total;%;33.83
N6;Município;2312601;São Luís do Curu - CE;2021;2021;528;Participação do valor adicionado bruto a preços correntes da administração, defesa, educação e saúde públicas e seguridade social no valor adicionado bruto a preços correntes total;%;46.56
N6;Município;2312700;Senador Pompeu - CE;2021;2021;528;Participação do valor adicionado bruto a preços correntes da administração, defesa, educação e saúde públicas e seguridade social no valor adicionado bruto a preços correntes total;%;32.59
N6;Município;2312809;Senador Sá - CE;2021;2021;528;Participação do valor adicionado bruto a preços correntes da administração, defesa, educação e saúde públicas e seguridade social no valor adicionado bruto a preços correntes total;%;56.65
N6;Município;2312908;Sobral - CE;2021;2021;528;Participação do valor adicionado bruto a preços correntes da administração, defesa, educação e saúde públicas e seguridade social no valor adicionado bruto a preços correntes total;%;19.94
N6;Município;2313005;Solonópole - CE;2021;2021;528;Participação do valor adicionado bruto a preços correntes da administração, defesa, educação e saúde públicas e seguridade social no valor adicionado bruto a preços correntes total;%;30.30
N6;Município;2313104;Tabuleiro do Norte - CE;2021;2021;528;Participação do valor adicionado bruto a preços correntes da administração, defesa, educação e saúde públicas e seguridade social no valor adicionado bruto a preços correntes total;%;30.80
N6;Município;2313203;Tamboril - CE;2021;2021;528;Participação do valor adicionado bruto a preços correntes da administração, defesa, educação e saúde públicas e seguridade social no valor adicionado bruto a preços correntes total;%;43.20
N6;Município;2313252;Tarrafas - CE;2021;2021;528;Participação do valor adicionado bruto a preços correntes da administração, defesa, educação e saúde públicas e seguridade social no valor adicionado bruto a preços correntes total;%;50.91
N6;Município;2313302;Tauá - CE;2021;2021;528;Participação do valor adicionado bruto a preços correntes da administração, defesa, educação e saúde públicas e seguridade social no valor adicionado bruto a preços correntes total;%;34.09
N6;Município;2313351;Tejuçuoca - CE;2021;2021;528;Participação do valor adicionado bruto a preços correntes da administração, defesa, educação e saúde públicas e seguridade social no valor adicionado bruto a preços correntes total;%;62.56
N6;Município;2313401;Tianguá - CE;2021;2021;528;Participação do valor adicionado bruto a preços correntes da administração, defesa, educação e saúde públicas e seguridade social no valor adicionado bruto a preços correntes total;%;21.42
N6;Município;2313500;Trairi - CE;2021;2021;528;Participação do valor adicionado bruto a preços correntes da administração, defesa, educação e saúde públicas e seguridade social no valor adicionado bruto a preços correntes total;%;24.15
N6;Município;2313559;Tururu - CE;2021;2021;528;Participação do valor adicionado bruto a preços correntes da administração, defesa, educação e saúde públicas e seguridade social no valor adicionado bruto a preços correntes total;%;57.62
N6;Município;2313609;Ubajara - CE;2021;2021;528;Participação do valor adicionado bruto a preços correntes da administração, defesa, educação e saúde públicas e seguridade social no valor adicionado bruto a preços correntes total;%;25.28
N6;Município;2313708;Umari - CE;2021;2021;528;Participação do valor adicionado bruto a preços correntes da administração, defesa, educação e saúde públicas e seguridade social no valor adicionado bruto a preços correntes total;%;52.33
N6;Município;2313757;Umirim - CE;2021;2021;528;Participação do valor adicionado bruto a preços correntes da administração, defesa, educação e saúde públicas e seguridade social no valor adicionado bruto a preços correntes total;%;50.81
N6;Município;2313807;Uruburetama - CE;2021;2021;528;Participação do valor adicionado bruto a preços correntes da administração, defesa, educação e saúde públicas e seguridade social no valor adicionado bruto a preços correntes total;%;35.26
N6;Município;2313906;Uruoca - CE;2021;2021;528;Participação do valor adicionado bruto a preços correntes da administração, defesa, educação e saúde públicas e seguridade social no valor adicionado bruto a preços correntes total;%;22.97
N6;Município;2313955;Varjota - CE;2021;2021;528;Participação do valor adicionado bruto a preços correntes da administração, defesa, educação e saúde públicas e seguridade social no valor adicionado bruto a preços correntes total;%;24.91
N6;Município;2314003;Várzea Alegre - CE;2021;2021;528;Participação do valor adicionado bruto a preços correntes da administração, defesa, educação e saúde públicas e seguridade social no valor adicionado bruto a preços correntes total;%;39.04
N6;Município;2314102;Viçosa do Ceará - CE;2021;2021;528;Participação do valor adicionado bruto a preços correntes da administração, defesa, educação e saúde públicas e seguridade social no valor adicionado bruto a preços correntes total;%;44.38
