nivel_territorial_codigo;nivel_territorial_nome;territorio_codigo;territorio_nome;ano_codigo;ano_nome;variavel_codigo;variavel_nome;unidade;valor
N1;Brasil;1;Brasil;2022;2022;706;Número de unidades locais;Unidades;10607102
N3;Unidade da Federação;23;Ceará;2022;2022;706;Número de unidades locais;Unidades;273117
N6;Município;2300101;Abaiara - CE;2022;2022;706;Número de unidades locais;Unidades;125
N6;Município;2300150;Acarape - CE;2022;2022;706;Número de unidades locais;Unidades;239
N6;Município;2300200;Acaraú - CE;2022;2022;706;Número de unidades locais;Unidades;1164
N6;Município;2300309;Acopiara - CE;2022;2022;706;Número de unidades locais;Unidades;939
N6;Município;2300408;Aiuaba - CE;2022;2022;706;Número de unidades locais;Unidades;221
N6;Município;2300507;Alcântaras - CE;2022;2022;706;Número de unidades locais;Unidades;192
N6;Município;2300606;Altaneira - CE;2022;2022;706;Número de unidades locais;Unidades;125
N6;Município;2300705;Alto Santo - CE;2022;2022;706;Número de unidades locais;Unidades;368
N6;Município;2300754;Amontada - CE;2022;2022;706;Número de unidades locais;Unidades;753
N6;Município;2300804;Antonina do Norte - CE;2022;2022;706;Número de unidades locais;Unidades;160
N6;Município;2300903;Apuiarés - CE;2022;2022;706;Número de unidades locais;Unidades;244
N6;Município;2301000;Aquiraz - CE;2022;2022;706;Número de unidades locais;Unidades;2427
N6;Município;2301109;Aracati - CE;2022;2022;706;Número de unidades locais;Unidades;2249
N6;Município;2301208;Aracoiaba - CE;2022;2022;706;Número de unidades locais;Unidades;464
N6;Município;2301257;Ararendá - CE;2022;2022;706;Número de unidades locais;Unidades;222
N6;Município;2301307;Araripe - CE;2022;2022;706;Número de unidades locais;Unidades;330
N6;Município;2301406;Aratuba - CE;2022;2022;706;Número de unidades locais;Unidades;187
N6;Município;2301505;Arneiroz - CE;2022;2022;706;Número de unidades locais;Unidades;133
N6;Município;2301604;Assaré - CE;2022;2022;706;Número de unidades locais;Unidades;388
N6;Município;2301703;Aurora - CE;2022;2022;706;Número de unidades locais;Unidades;401
N6;Município;2301802;Baixio - CE;2022;2022;706;Número de unidades locais;Unidades;115
N6;Município;2301851;Banabuiú - CE;2022;2022;706;Número de unidades locais;Unidades;304
N6;Município;2301901;Barbalha - CE;2022;2022;706;Número de unidades locais;Unidades;1652
N6;Município;2301950;Barreira - CE;2022;2022;706;Número de unidades locais;Unidades;436
N6;Município;2302008;Barro - CE;2022;2022;706;Número de unidades locais;Unidades;356
N6;Município;2302057;Barroquinha - CE;2022;2022;706;Número de unidades locais;Unidades;262
N6;Município;2302107;Baturité - CE;2022;2022;706;Número de unidades locais;Unidades;859
N6;Município;2302206;Beberibe - CE;2022;2022;706;Número de unidades locais;Unidades;1103
N6;Município;2302305;Bela Cruz - CE;2022;2022;706;Número de unidades locais;Unidades;519
N6;Município;2302404;Boa Viagem - CE;2022;2022;706;Número de unidades locais;Unidades;940
N6;Município;2302503;Brejo Santo - CE;2022;2022;706;Número de unidades locais;Unidades;1190
N6;Município;2302602;Camocim - CE;2022;2022;706;Número de unidades locais;Unidades;1357
N6;Município;2302701;Campos Sales - CE;2022;2022;706;Número de unidades locais;Unidades;551
N6;Município;2302800;Canindé - CE;2022;2022;706;Número de unidades locais;Unidades;1878
N6;Município;2302909;Capistrano - CE;2022;2022;706;Número de unidades locais;Unidades;265
N6;Município;2303006;Caridade - CE;2022;2022;706;Número de unidades locais;Unidades;305
N6;Município;2303105;Cariré - CE;2022;2022;706;Número de unidades locais;Unidades;303
N6;Município;2303204;Caririaçu - CE;2022;2022;706;Número de unidades locais;Unidades;319
N6;Município;2303303;Cariús - CE;2022;2022;706;Número de unidades locais;Unidades;328
N6;Município;2303402;Carnaubal - CE;2022;2022;706;Número de unidades locais;Unidades;276
N6;Município;2303501;Cascavel - CE;2022;2022;706;Número de unidades locais;Unidades;1726
N6;Município;2303600;Catarina - CE;2022;2022;706;Número de unidades locais;Unidades;189
N6;Município;2303659;Catunda - CE;2022;2022;706;Número de unidades locais;Unidades;232
N6;Município;2303709;Caucaia - CE;2022;2022;706;Número de unidades locais;Unidades;8108
N6;Município;2303808;Cedro - CE;2022;2022;706;Número de unidades locais;Unidades;445
N6;Município;2303907;Chaval - CE;2022;2022;706;Número de unidades locais;Unidades;199
N6;Município;2303931;Choró - CE;2022;2022;706;Número de unidades locais;Unidades;189
N6;Município;2303956;Chorozinho - CE;2022;2022;706;Número de unidades locais;Unidades;401
N6;Município;2304004;Coreaú - CE;2022;2022;706;Número de unidades locais;Unidades;337
N6;Município;2304103;Crateús - CE;2022;2022;706;Número de unidades locais;Unidades;1995
N6;Município;2304202;Crato - CE;2022;2022;706;Número de unidades locais;Unidades;3552
N6;Município;2304236;Croatá - CE;2022;2022;706;Número de unidades locais;Unidades;280
N6;Município;2304251;Cruz - CE;2022;2022;706;Número de unidades locais;Unidades;952
N6;Município;2304269;Deputado Irapuan Pinheiro - CE;2022;2022;706;Número de unidades locais;Unidades;177
N6;Município;2304277;Ereré - CE;2022;2022;706;Número de unidades locais;Unidades;101
N6;Município;2304285;Eusébio - CE;2022;2022;706;Número de unidades locais;Unidades;6112
N6;Município;2304301;Farias Brito - CE;2022;2022;706;Número de unidades locais;Unidades;334
N6;Município;2304350;Forquilha - CE;2022;2022;706;Número de unidades locais;Unidades;506
N6;Município;2304400;Fortaleza - CE;2022;2022;706;Número de unidades locais;Unidades;122522
N6;Município;2304459;Fortim - CE;2022;2022;706;Número de unidades locais;Unidades;520
N6;Município;2304509;Frecheirinha - CE;2022;2022;706;Número de unidades locais;Unidades;288
N6;Município;2304608;General Sampaio - CE;2022;2022;706;Número de unidades locais;Unidades;151
N6;Município;2304657;Graça - CE;2022;2022;706;Número de unidades locais;Unidades;192
N6;Município;2304707;Granja - CE;2022;2022;706;Número de unidades locais;Unidades;653
N6;Município;2304806;Granjeiro - CE;2022;2022;706;Número de unidades locais;Unidades;80
N6;Município;2304905;Groaíras - CE;2022;2022;706;Número de unidades locais;Unidades;313
N6;Município;2304954;Guaiúba - CE;2022;2022;706;Número de unidades locais;Unidades;369
N6;Município;2305001;Guaraciaba do Norte - CE;2022;2022;706;Número de unidades locais;Unidades;926
N6;Município;2305100;Guaramiranga - CE;2022;2022;706;Número de unidades locais;Unidades;249
N6;Município;2305209;Hidrolândia - CE;2022;2022;706;Número de unidades locais;Unidades;338
N6;Município;2305233;Horizonte - CE;2022;2022;706;Número de unidades locais;Unidades;1653
N6;Município;2305266;Ibaretama - CE;2022;2022;706;Número de unidades locais;Unidades;210
N6;Município;2305308;Ibiapina - CE;2022;2022;706;Número de unidades locais;Unidades;430
N6;Município;2305332;Ibicuitinga - CE;2022;2022;706;Número de unidades locais;Unidades;188
N6;Município;2305357;Icapuí - CE;2022;2022;706;Número de unidades locais;Unidades;670
N6;Município;2305407;Icó - CE;2022;2022;706;Número de unidades locais;Unidades;1191
N6;Município;2305506;Iguatu - CE;2022;2022;706;Número de unidades locais;Unidades;3526
N6;Município;2305605;Independência - CE;2022;2022;706;Número de unidades locais;Unidades;552
N6;Município;2305654;Ipaporanga - CE;2022;2022;706;Número de unidades locais;Unidades;163
N6;Município;2305704;Ipaumirim - CE;2022;2022;706;Número de unidades locais;Unidades;274
N6;Município;2305803;Ipu - CE;2022;2022;706;Número de unidades locais;Unidades;928
N6;Município;2305902;Ipueiras - CE;2022;2022;706;Número de unidades locais;Unidades;629
N6;Município;2306009;Iracema - CE;2022;2022;706;Número de unidades locais;Unidades;406
N6;Município;2306108;Irauçuba - CE;2022;2022;706;Número de unidades locais;Unidades;407
N6;Município;2306207;Itaiçaba - CE;2022;2022;706;Número de unidades locais;Unidades;168
N6;Município;2306256;Itaitinga - CE;2022;2022;706;Número de unidades locais;Unidades;1379
N6;Município;2306306;Itapajé - CE;2022;2022;706;Número de unidades locais;Unidades;910
N6;Município;2306405;Itapipoca - CE;2022;2022;706;Número de unidades locais;Unidades;2314
N6;Município;2306504;Itapiúna - CE;2022;2022;706;Número de unidades locais;Unidades;254
N6;Município;2306553;Itarema - CE;2022;2022;706;Número de unidades locais;Unidades;924
N6;Município;2306603;Itatira - CE;2022;2022;706;Número de unidades locais;Unidades;450
N6;Município;2306702;Jaguaretama - CE;2022;2022;706;Número de unidades locais;Unidades;388
N6;Município;2306801;Jaguaribara - CE;2022;2022;706;Número de unidades locais;Unidades;262
N6;Município;2306900;Jaguaribe - CE;2022;2022;706;Número de unidades locais;Unidades;1071
N6;Município;2307007;Jaguaruana - CE;2022;2022;706;Número de unidades locais;Unidades;963
N6;Município;2307106;Jardim - CE;2022;2022;706;Número de unidades locais;Unidades;544
N6;Município;2307205;Jati - CE;2022;2022;706;Número de unidades locais;Unidades;129
N6;Município;2307254;Jijoca de Jericoacoara - CE;2022;2022;706;Número de unidades locais;Unidades;1377
N6;Município;2307304;Juazeiro do Norte - CE;2022;2022;706;Número de unidades locais;Unidades;10042
N6;Município;2307403;Jucás - CE;2022;2022;706;Número de unidades locais;Unidades;446
N6;Município;2307502;Lavras da Mangabeira - CE;2022;2022;706;Número de unidades locais;Unidades;602
N6;Município;2307601;Limoeiro do Norte - CE;2022;2022;706;Número de unidades locais;Unidades;1977
N6;Município;2307635;Madalena - CE;2022;2022;706;Número de unidades locais;Unidades;357
N6;Município;2307650;Maracanaú - CE;2022;2022;706;Número de unidades locais;Unidades;7064
N6;Município;2307700;Maranguape - CE;2022;2022;706;Número de unidades locais;Unidades;2199
N6;Município;2307809;Marco - CE;2022;2022;706;Número de unidades locais;Unidades;685
N6;Município;2307908;Martinópole - CE;2022;2022;706;Número de unidades locais;Unidades;164
N6;Município;2308005;Massapê - CE;2022;2022;706;Número de unidades locais;Unidades;637
N6;Município;2308104;Mauriti - CE;2022;2022;706;Número de unidades locais;Unidades;803
N6;Município;2308203;Meruoca - CE;2022;2022;706;Número de unidades locais;Unidades;306
N6;Município;2308302;Milagres - CE;2022;2022;706;Número de unidades locais;Unidades;494
N6;Município;2308351;Milhã - CE;2022;2022;706;Número de unidades locais;Unidades;288
N6;Município;2308377;Miraíma - CE;2022;2022;706;Número de unidades locais;Unidades;152
N6;Município;2308401;Missão Velha - CE;2022;2022;706;Número de unidades locais;Unidades;593
N6;Município;2308500;Mombaça - CE;2022;2022;706;Número de unidades locais;Unidades;800
N6;Município;2308609;Monsenhor Tabosa - CE;2022;2022;706;Número de unidades locais;Unidades;307
N6;Município;2308708;Morada Nova - CE;2022;2022;706;Número de unidades locais;Unidades;1321
N6;Município;2308807;Moraújo - CE;2022;2022;706;Número de unidades locais;Unidades;111
N6;Município;2308906;Morrinhos - CE;2022;2022;706;Número de unidades locais;Unidades;404
N6;Município;2309003;Mucambo - CE;2022;2022;706;Número de unidades locais;Unidades;227
N6;Município;2309102;Mulungu - CE;2022;2022;706;Número de unidades locais;Unidades;188
N6;Município;2309201;Nova Olinda - CE;2022;2022;706;Número de unidades locais;Unidades;329
N6;Município;2309300;Nova Russas - CE;2022;2022;706;Número de unidades locais;Unidades;799
N6;Município;2309409;Novo Oriente - CE;2022;2022;706;Número de unidades locais;Unidades;535
N6;Município;2309458;Ocara - CE;2022;2022;706;Número de unidades locais;Unidades;430
N6;Município;2309508;Orós - CE;2022;2022;706;Número de unidades locais;Unidades;391
N6;Município;2309607;Pacajus - CE;2022;2022;706;Número de unidades locais;Unidades;1621
N6;Município;2309706;Pacatuba - CE;2022;2022;706;Número de unidades locais;Unidades;1335
N6;Município;2309805;Pacoti - CE;2022;2022;706;Número de unidades locais;Unidades;240
N6;Município;2309904;Pacujá - CE;2022;2022;706;Número de unidades locais;Unidades;140
N6;Município;2310001;Palhano - CE;2022;2022;706;Número de unidades locais;Unidades;179
N6;Município;2310100;Palmácia - CE;2022;2022;706;Número de unidades locais;Unidades;156
N6;Município;2310209;Paracuru - CE;2022;2022;706;Número de unidades locais;Unidades;938
N6;Município;2310258;Paraipaba - CE;2022;2022;706;Número de unidades locais;Unidades;810
N6;Município;2310308;Parambu - CE;2022;2022;706;Número de unidades locais;Unidades;548
N6;Município;2310407;Paramoti - CE;2022;2022;706;Número de unidades locais;Unidades;199
N6;Município;2310506;Pedra Branca - CE;2022;2022;706;Número de unidades locais;Unidades;737
N6;Município;2310605;Penaforte - CE;2022;2022;706;Número de unidades locais;Unidades;200
N6;Município;2310704;Pentecoste - CE;2022;2022;706;Número de unidades locais;Unidades;728
N6;Município;2310803;Pereiro - CE;2022;2022;706;Número de unidades locais;Unidades;255
N6;Município;2310852;Pindoretama - CE;2022;2022;706;Número de unidades locais;Unidades;555
N6;Município;2310902;Piquet Carneiro - CE;2022;2022;706;Número de unidades locais;Unidades;275
N6;Município;2310951;Pires Ferreira - CE;2022;2022;706;Número de unidades locais;Unidades;138
N6;Município;2311009;Poranga - CE;2022;2022;706;Número de unidades locais;Unidades;163
N6;Município;2311108;Porteiras - CE;2022;2022;706;Número de unidades locais;Unidades;249
N6;Município;2311207;Potengi - CE;2022;2022;706;Número de unidades locais;Unidades;179
N6;Município;2311231;Potiretama - CE;2022;2022;706;Número de unidades locais;Unidades;144
N6;Município;2311264;Quiterianópolis - CE;2022;2022;706;Número de unidades locais;Unidades;348
N6;Município;2311306;Quixadá - CE;2022;2022;706;Número de unidades locais;Unidades;1848
N6;Município;2311355;Quixelô - CE;2022;2022;706;Número de unidades locais;Unidades;289
N6;Município;2311405;Quixeramobim - CE;2022;2022;706;Número de unidades locais;Unidades;1593
N6;Município;2311504;Quixeré - CE;2022;2022;706;Número de unidades locais;Unidades;507
N6;Município;2311603;Redenção - CE;2022;2022;706;Número de unidades locais;Unidades;489
N6;Município;2311702;Reriutaba - CE;2022;2022;706;Número de unidades locais;Unidades;482
N6;Município;2311801;Russas - CE;2022;2022;706;Número de unidades locais;Unidades;2016
N6;Município;2311900;Saboeiro - CE;2022;2022;706;Número de unidades locais;Unidades;237
N6;Município;2311959;Salitre - CE;2022;2022;706;Número de unidades locais;Unidades;260
N6;Município;2312007;Santana do Acaraú - CE;2022;2022;706;Número de unidades locais;Unidades;530
N6;Município;2312106;Santana do Cariri - CE;2022;2022;706;Número de unidades locais;Unidades;205
N6;Município;2312205;Santa Quitéria - CE;2022;2022;706;Número de unidades locais;Unidades;1195
N6;Município;2312304;São Benedito - CE;2022;2022;706;Número de unidades locais;Unidades;1152
N6;Município;2312403;São Gonçalo do Amarante - CE;2022;2022;706;Número de unidades locais;Unidades;1524
N6;Município;2312502;São João do Jaguaribe - CE;2022;2022;706;Número de unidades locais;Unidades;119
N6;Município;2312601;São Luís do Curu - CE;2022;2022;706;Número de unidades locais;Unidades;199
N6;Município;2312700;Senador Pompeu - CE;2022;2022;706;Número de unidades locais;Unidades;599
N6;Município;2312809;Senador Sá - CE;2022;2022;706;Número de unidades locais;Unidades;142
N6;Município;2312908;Sobral - CE;2022;2022;706;Número de unidades locais;Unidades;5996
N6;Município;2313005;Solonópole - CE;2022;2022;706;Número de unidades locais;Unidades;398
N6;Município;2313104;Tabuleiro do Norte - CE;2022;2022;706;Número de unidades locais;Unidades;850
N6;Município;2313203;Tamboril - CE;2022;2022;706;Número de unidades locais;Unidades;426
N6;Município;2313252;Tarrafas - CE;2022;2022;706;Número de unidades locais;Unidades;131
N6;Município;2313302;Tauá - CE;2022;2022;706;Número de unidades locais;Unidades;1414
N6;Município;2313351;Tejuçuoca - CE;2022;2022;706;Número de unidades locais;Unidades;228
N6;Município;2313401;Tianguá - CE;2022;2022;706;Número de unidades locais;Unidades;2590
N6;Município;2313500;Trairi - CE;2022;2022;706;Número de unidades locais;Unidades;1256
N6;Município;2313559;Tururu - CE;2022;2022;706;Número de unidades locais;Unidades;176
N6;Município;2313609;Ubajara - CE;2022;2022;706;Número de unidades locais;Unidades;773
N6;Município;2313708;Umari - CE;2022;2022;706;Número de unidades locais;Unidades;102
N6;Município;2313757;Umirim - CE;2022;2022;706;Número de unidades locais;Unidades;203
N6;Município;2313807;Uruburetama - CE;2022;2022;706;Número de unidades locais;Unidades;298
N6;Município;2313906;Uruoca - CE;2022;2022;706;Número de unidades locais;Unidades;216
N6;Município;2313955;Varjota - CE;2022;2022;706;Número de unidades locais;Unidades;550
N6;Município;2314003;Várzea Alegre - CE;2022;2022;706;Número de unidades locais;Unidades;842
N6;Município;2314102;Viçosa do Ceará - CE;2022;2022;706;Número de unidades locais;Unidades;1049
N1;Brasil;1;Brasil;2022;2022;367;Número de empresas e outras organizações atuantes;Unidades;10001520
N3;Unidade da Federação;23;Ceará;2022;2022;367;Número de empresas e outras organizações atuantes;Unidades;257122
N6;Município;2300101;Abaiara - CE;2022;2022;367;Número de empresas e outras organizações atuantes;Unidades;122
N6;Município;2300150;Acarape - CE;2022;2022;367;Número de empresas e outras organizações atuantes;Unidades;232
N6;Município;2300200;Acaraú - CE;2022;2022;367;Número de empresas e outras organizações atuantes;Unidades;1116
N6;Município;2300309;Acopiara - CE;2022;2022;367;Número de empresas e outras organizações atuantes;Unidades;904
N6;Município;2300408;Aiuaba - CE;2022;2022;367;Número de empresas e outras organizações atuantes;Unidades;218
N6;Município;2300507;Alcântaras - CE;2022;2022;367;Número de empresas e outras organizações atuantes;Unidades;191
N6;Município;2300606;Altaneira - CE;2022;2022;367;Número de empresas e outras organizações atuantes;Unidades;125
N6;Município;2300705;Alto Santo - CE;2022;2022;367;Número de empresas e outras organizações atuantes;Unidades;357
N6;Município;2300754;Amontada - CE;2022;2022;367;Número de empresas e outras organizações atuantes;Unidades;737
N6;Município;2300804;Antonina do Norte - CE;2022;2022;367;Número de empresas e outras organizações atuantes;Unidades;156
N6;Município;2300903;Apuiarés - CE;2022;2022;367;Número de empresas e outras organizações atuantes;Unidades;242
N6;Município;2301000;Aquiraz - CE;2022;2022;367;Número de empresas e outras organizações atuantes;Unidades;2313
N6;Município;2301109;Aracati - CE;2022;2022;367;Número de empresas e outras organizações atuantes;Unidades;2136
N6;Município;2301208;Aracoiaba - CE;2022;2022;367;Número de empresas e outras organizações atuantes;Unidades;451
N6;Município;2301257;Ararendá - CE;2022;2022;367;Número de empresas e outras organizações atuantes;Unidades;218
N6;Município;2301307;Araripe - CE;2022;2022;367;Número de empresas e outras organizações atuantes;Unidades;322
N6;Município;2301406;Aratuba - CE;2022;2022;367;Número de empresas e outras organizações atuantes;Unidades;184
N6;Município;2301505;Arneiroz - CE;2022;2022;367;Número de empresas e outras organizações atuantes;Unidades;131
N6;Município;2301604;Assaré - CE;2022;2022;367;Número de empresas e outras organizações atuantes;Unidades;375
N6;Município;2301703;Aurora - CE;2022;2022;367;Número de empresas e outras organizações atuantes;Unidades;377
N6;Município;2301802;Baixio - CE;2022;2022;367;Número de empresas e outras organizações atuantes;Unidades;113
N6;Município;2301851;Banabuiú - CE;2022;2022;367;Número de empresas e outras organizações atuantes;Unidades;299
N6;Município;2301901;Barbalha - CE;2022;2022;367;Número de empresas e outras organizações atuantes;Unidades;1597
N6;Município;2301950;Barreira - CE;2022;2022;367;Número de empresas e outras organizações atuantes;Unidades;430
N6;Município;2302008;Barro - CE;2022;2022;367;Número de empresas e outras organizações atuantes;Unidades;337
N6;Município;2302057;Barroquinha - CE;2022;2022;367;Número de empresas e outras organizações atuantes;Unidades;252
N6;Município;2302107;Baturité - CE;2022;2022;367;Número de empresas e outras organizações atuantes;Unidades;832
N6;Município;2302206;Beberibe - CE;2022;2022;367;Número de empresas e outras organizações atuantes;Unidades;1056
N6;Município;2302305;Bela Cruz - CE;2022;2022;367;Número de empresas e outras organizações atuantes;Unidades;500
N6;Município;2302404;Boa Viagem - CE;2022;2022;367;Número de empresas e outras organizações atuantes;Unidades;910
N6;Município;2302503;Brejo Santo - CE;2022;2022;367;Número de empresas e outras organizações atuantes;Unidades;1134
N6;Município;2302602;Camocim - CE;2022;2022;367;Número de empresas e outras organizações atuantes;Unidades;1306
N6;Município;2302701;Campos Sales - CE;2022;2022;367;Número de empresas e outras organizações atuantes;Unidades;535
N6;Município;2302800;Canindé - CE;2022;2022;367;Número de empresas e outras organizações atuantes;Unidades;1797
N6;Município;2302909;Capistrano - CE;2022;2022;367;Número de empresas e outras organizações atuantes;Unidades;262
N6;Município;2303006;Caridade - CE;2022;2022;367;Número de empresas e outras organizações atuantes;Unidades;295
N6;Município;2303105;Cariré - CE;2022;2022;367;Número de empresas e outras organizações atuantes;Unidades;300
N6;Município;2303204;Caririaçu - CE;2022;2022;367;Número de empresas e outras organizações atuantes;Unidades;317
N6;Município;2303303;Cariús - CE;2022;2022;367;Número de empresas e outras organizações atuantes;Unidades;317
N6;Município;2303402;Carnaubal - CE;2022;2022;367;Número de empresas e outras organizações atuantes;Unidades;270
N6;Município;2303501;Cascavel - CE;2022;2022;367;Número de empresas e outras organizações atuantes;Unidades;1639
N6;Município;2303600;Catarina - CE;2022;2022;367;Número de empresas e outras organizações atuantes;Unidades;184
N6;Município;2303659;Catunda - CE;2022;2022;367;Número de empresas e outras organizações atuantes;Unidades;223
N6;Município;2303709;Caucaia - CE;2022;2022;367;Número de empresas e outras organizações atuantes;Unidades;7678
N6;Município;2303808;Cedro - CE;2022;2022;367;Número de empresas e outras organizações atuantes;Unidades;428
N6;Município;2303907;Chaval - CE;2022;2022;367;Número de empresas e outras organizações atuantes;Unidades;194
N6;Município;2303931;Choró - CE;2022;2022;367;Número de empresas e outras organizações atuantes;Unidades;187
N6;Município;2303956;Chorozinho - CE;2022;2022;367;Número de empresas e outras organizações atuantes;Unidades;399
N6;Município;2304004;Coreaú - CE;2022;2022;367;Número de empresas e outras organizações atuantes;Unidades;325
N6;Município;2304103;Crateús - CE;2022;2022;367;Número de empresas e outras organizações atuantes;Unidades;1895
N6;Município;2304202;Crato - CE;2022;2022;367;Número de empresas e outras organizações atuantes;Unidades;3372
N6;Município;2304236;Croatá - CE;2022;2022;367;Número de empresas e outras organizações atuantes;Unidades;269
N6;Município;2304251;Cruz - CE;2022;2022;367;Número de empresas e outras organizações atuantes;Unidades;915
N6;Município;2304269;Deputado Irapuan Pinheiro - CE;2022;2022;367;Número de empresas e outras organizações atuantes;Unidades;172
N6;Município;2304277;Ereré - CE;2022;2022;367;Número de empresas e outras organizações atuantes;Unidades;100
N6;Município;2304285;Eusébio - CE;2022;2022;367;Número de empresas e outras organizações atuantes;Unidades;5983
N6;Município;2304301;Farias Brito - CE;2022;2022;367;Número de empresas e outras organizações atuantes;Unidades;326
N6;Município;2304350;Forquilha - CE;2022;2022;367;Número de empresas e outras organizações atuantes;Unidades;500
N6;Município;2304400;Fortaleza - CE;2022;2022;367;Número de empresas e outras organizações atuantes;Unidades;112708
N6;Município;2304459;Fortim - CE;2022;2022;367;Número de empresas e outras organizações atuantes;Unidades;512
N6;Município;2304509;Frecheirinha - CE;2022;2022;367;Número de empresas e outras organizações atuantes;Unidades;273
N6;Município;2304608;General Sampaio - CE;2022;2022;367;Número de empresas e outras organizações atuantes;Unidades;150
N6;Município;2304657;Graça - CE;2022;2022;367;Número de empresas e outras organizações atuantes;Unidades;186
N6;Município;2304707;Granja - CE;2022;2022;367;Número de empresas e outras organizações atuantes;Unidades;624
N6;Município;2304806;Granjeiro - CE;2022;2022;367;Número de empresas e outras organizações atuantes;Unidades;79
N6;Município;2304905;Groaíras - CE;2022;2022;367;Número de empresas e outras organizações atuantes;Unidades;310
N6;Município;2304954;Guaiúba - CE;2022;2022;367;Número de empresas e outras organizações atuantes;Unidades;364
N6;Município;2305001;Guaraciaba do Norte - CE;2022;2022;367;Número de empresas e outras organizações atuantes;Unidades;894
N6;Município;2305100;Guaramiranga - CE;2022;2022;367;Número de empresas e outras organizações atuantes;Unidades;242
N6;Município;2305209;Hidrolândia - CE;2022;2022;367;Número de empresas e outras organizações atuantes;Unidades;336
N6;Município;2305233;Horizonte - CE;2022;2022;367;Número de empresas e outras organizações atuantes;Unidades;1508
N6;Município;2305266;Ibaretama - CE;2022;2022;367;Número de empresas e outras organizações atuantes;Unidades;208
N6;Município;2305308;Ibiapina - CE;2022;2022;367;Número de empresas e outras organizações atuantes;Unidades;414
N6;Município;2305332;Ibicuitinga - CE;2022;2022;367;Número de empresas e outras organizações atuantes;Unidades;185
N6;Município;2305357;Icapuí - CE;2022;2022;367;Número de empresas e outras organizações atuantes;Unidades;658
N6;Município;2305407;Icó - CE;2022;2022;367;Número de empresas e outras organizações atuantes;Unidades;1147
N6;Município;2305506;Iguatu - CE;2022;2022;367;Número de empresas e outras organizações atuantes;Unidades;3346
N6;Município;2305605;Independência - CE;2022;2022;367;Número de empresas e outras organizações atuantes;Unidades;536
N6;Município;2305654;Ipaporanga - CE;2022;2022;367;Número de empresas e outras organizações atuantes;Unidades;160
N6;Município;2305704;Ipaumirim - CE;2022;2022;367;Número de empresas e outras organizações atuantes;Unidades;254
N6;Município;2305803;Ipu - CE;2022;2022;367;Número de empresas e outras organizações atuantes;Unidades;899
N6;Município;2305902;Ipueiras - CE;2022;2022;367;Número de empresas e outras organizações atuantes;Unidades;623
N6;Município;2306009;Iracema - CE;2022;2022;367;Número de empresas e outras organizações atuantes;Unidades;389
N6;Município;2306108;Irauçuba - CE;2022;2022;367;Número de empresas e outras organizações atuantes;Unidades;400
N6;Município;2306207;Itaiçaba - CE;2022;2022;367;Número de empresas e outras organizações atuantes;Unidades;164
N6;Município;2306256;Itaitinga - CE;2022;2022;367;Número de empresas e outras organizações atuantes;Unidades;1332
N6;Município;2306306;Itapajé - CE;2022;2022;367;Número de empresas e outras organizações atuantes;Unidades;883
N6;Município;2306405;Itapipoca - CE;2022;2022;367;Número de empresas e outras organizações atuantes;Unidades;2206
N6;Município;2306504;Itapiúna - CE;2022;2022;367;Número de empresas e outras organizações atuantes;Unidades;249
N6;Município;2306553;Itarema - CE;2022;2022;367;Número de empresas e outras organizações atuantes;Unidades;890
N6;Município;2306603;Itatira - CE;2022;2022;367;Número de empresas e outras organizações atuantes;Unidades;437
N6;Município;2306702;Jaguaretama - CE;2022;2022;367;Número de empresas e outras organizações atuantes;Unidades;382
N6;Município;2306801;Jaguaribara - CE;2022;2022;367;Número de empresas e outras organizações atuantes;Unidades;255
N6;Município;2306900;Jaguaribe - CE;2022;2022;367;Número de empresas e outras organizações atuantes;Unidades;1023
N6;Município;2307007;Jaguaruana - CE;2022;2022;367;Número de empresas e outras organizações atuantes;Unidades;928
N6;Município;2307106;Jardim - CE;2022;2022;367;Número de empresas e outras organizações atuantes;Unidades;535
N6;Município;2307205;Jati - CE;2022;2022;367;Número de empresas e outras organizações atuantes;Unidades;128
N6;Município;2307254;Jijoca de Jericoacoara - CE;2022;2022;367;Número de empresas e outras organizações atuantes;Unidades;1287
N6;Município;2307304;Juazeiro do Norte - CE;2022;2022;367;Número de empresas e outras organizações atuantes;Unidades;9419
N6;Município;2307403;Jucás - CE;2022;2022;367;Número de empresas e outras organizações atuantes;Unidades;433
N6;Município;2307502;Lavras da Mangabeira - CE;2022;2022;367;Número de empresas e outras organizações atuantes;Unidades;582
N6;Município;2307601;Limoeiro do Norte - CE;2022;2022;367;Número de empresas e outras organizações atuantes;Unidades;1892
N6;Município;2307635;Madalena - CE;2022;2022;367;Número de empresas e outras organizações atuantes;Unidades;351
N6;Município;2307650;Maracanaú - CE;2022;2022;367;Número de empresas e outras organizações atuantes;Unidades;6650
N6;Município;2307700;Maranguape - CE;2022;2022;367;Número de empresas e outras organizações atuantes;Unidades;2039
N6;Município;2307809;Marco - CE;2022;2022;367;Número de empresas e outras organizações atuantes;Unidades;641
N6;Município;2307908;Martinópole - CE;2022;2022;367;Número de empresas e outras organizações atuantes;Unidades;158
N6;Município;2308005;Massapê - CE;2022;2022;367;Número de empresas e outras organizações atuantes;Unidades;621
N6;Município;2308104;Mauriti - CE;2022;2022;367;Número de empresas e outras organizações atuantes;Unidades;775
N6;Município;2308203;Meruoca - CE;2022;2022;367;Número de empresas e outras organizações atuantes;Unidades;306
N6;Município;2308302;Milagres - CE;2022;2022;367;Número de empresas e outras organizações atuantes;Unidades;486
N6;Município;2308351;Milhã - CE;2022;2022;367;Número de empresas e outras organizações atuantes;Unidades;282
N6;Município;2308377;Miraíma - CE;2022;2022;367;Número de empresas e outras organizações atuantes;Unidades;152
N6;Município;2308401;Missão Velha - CE;2022;2022;367;Número de empresas e outras organizações atuantes;Unidades;573
N6;Município;2308500;Mombaça - CE;2022;2022;367;Número de empresas e outras organizações atuantes;Unidades;775
N6;Município;2308609;Monsenhor Tabosa - CE;2022;2022;367;Número de empresas e outras organizações atuantes;Unidades;291
N6;Município;2308708;Morada Nova - CE;2022;2022;367;Número de empresas e outras organizações atuantes;Unidades;1266
N6;Município;2308807;Moraújo - CE;2022;2022;367;Número de empresas e outras organizações atuantes;Unidades;108
N6;Município;2308906;Morrinhos - CE;2022;2022;367;Número de empresas e outras organizações atuantes;Unidades;395
N6;Município;2309003;Mucambo - CE;2022;2022;367;Número de empresas e outras organizações atuantes;Unidades;221
N6;Município;2309102;Mulungu - CE;2022;2022;367;Número de empresas e outras organizações atuantes;Unidades;187
N6;Município;2309201;Nova Olinda - CE;2022;2022;367;Número de empresas e outras organizações atuantes;Unidades;318
N6;Município;2309300;Nova Russas - CE;2022;2022;367;Número de empresas e outras organizações atuantes;Unidades;764
N6;Município;2309409;Novo Oriente - CE;2022;2022;367;Número de empresas e outras organizações atuantes;Unidades;525
N6;Município;2309458;Ocara - CE;2022;2022;367;Número de empresas e outras organizações atuantes;Unidades;423
N6;Município;2309508;Orós - CE;2022;2022;367;Número de empresas e outras organizações atuantes;Unidades;373
N6;Município;2309607;Pacajus - CE;2022;2022;367;Número de empresas e outras organizações atuantes;Unidades;1551
N6;Município;2309706;Pacatuba - CE;2022;2022;367;Número de empresas e outras organizações atuantes;Unidades;1249
N6;Município;2309805;Pacoti - CE;2022;2022;367;Número de empresas e outras organizações atuantes;Unidades;236
N6;Município;2309904;Pacujá - CE;2022;2022;367;Número de empresas e outras organizações atuantes;Unidades;139
N6;Município;2310001;Palhano - CE;2022;2022;367;Número de empresas e outras organizações atuantes;Unidades;176
N6;Município;2310100;Palmácia - CE;2022;2022;367;Número de empresas e outras organizações atuantes;Unidades;151
N6;Município;2310209;Paracuru - CE;2022;2022;367;Número de empresas e outras organizações atuantes;Unidades;905
N6;Município;2310258;Paraipaba - CE;2022;2022;367;Número de empresas e outras organizações atuantes;Unidades;788
N6;Município;2310308;Parambu - CE;2022;2022;367;Número de empresas e outras organizações atuantes;Unidades;537
N6;Município;2310407;Paramoti - CE;2022;2022;367;Número de empresas e outras organizações atuantes;Unidades;197
N6;Município;2310506;Pedra Branca - CE;2022;2022;367;Número de empresas e outras organizações atuantes;Unidades;714
N6;Município;2310605;Penaforte - CE;2022;2022;367;Número de empresas e outras organizações atuantes;Unidades;196
N6;Município;2310704;Pentecoste - CE;2022;2022;367;Número de empresas e outras organizações atuantes;Unidades;712
N6;Município;2310803;Pereiro - CE;2022;2022;367;Número de empresas e outras organizações atuantes;Unidades;247
N6;Município;2310852;Pindoretama - CE;2022;2022;367;Número de empresas e outras organizações atuantes;Unidades;540
N6;Município;2310902;Piquet Carneiro - CE;2022;2022;367;Número de empresas e outras organizações atuantes;Unidades;271
N6;Município;2310951;Pires Ferreira - CE;2022;2022;367;Número de empresas e outras organizações atuantes;Unidades;138
N6;Município;2311009;Poranga - CE;2022;2022;367;Número de empresas e outras organizações atuantes;Unidades;160
N6;Município;2311108;Porteiras - CE;2022;2022;367;Número de empresas e outras organizações atuantes;Unidades;246
N6;Município;2311207;Potengi - CE;2022;2022;367;Número de empresas e outras organizações atuantes;Unidades;177
N6;Município;2311231;Potiretama - CE;2022;2022;367;Número de empresas e outras organizações atuantes;Unidades;141
N6;Município;2311264;Quiterianópolis - CE;2022;2022;367;Número de empresas e outras organizações atuantes;Unidades;343
N6;Município;2311306;Quixadá - CE;2022;2022;367;Número de empresas e outras organizações atuantes;Unidades;1740
N6;Município;2311355;Quixelô - CE;2022;2022;367;Número de empresas e outras organizações atuantes;Unidades;277
N6;Município;2311405;Quixeramobim - CE;2022;2022;367;Número de empresas e outras organizações atuantes;Unidades;1528
N6;Município;2311504;Quixeré - CE;2022;2022;367;Número de empresas e outras organizações atuantes;Unidades;486
N6;Município;2311603;Redenção - CE;2022;2022;367;Número de empresas e outras organizações atuantes;Unidades;458
N6;Município;2311702;Reriutaba - CE;2022;2022;367;Número de empresas e outras organizações atuantes;Unidades;476
N6;Município;2311801;Russas - CE;2022;2022;367;Número de empresas e outras organizações atuantes;Unidades;1939
N6;Município;2311900;Saboeiro - CE;2022;2022;367;Número de empresas e outras organizações atuantes;Unidades;236
N6;Município;2311959;Salitre - CE;2022;2022;367;Número de empresas e outras organizações atuantes;Unidades;254
N6;Município;2312007;Santana do Acaraú - CE;2022;2022;367;Número de empresas e outras organizações atuantes;Unidades;526
N6;Município;2312106;Santana do Cariri - CE;2022;2022;367;Número de empresas e outras organizações atuantes;Unidades;198
N6;Município;2312205;Santa Quitéria - CE;2022;2022;367;Número de empresas e outras organizações atuantes;Unidades;1156
N6;Município;2312304;São Benedito - CE;2022;2022;367;Número de empresas e outras organizações atuantes;Unidades;1111
N6;Município;2312403;São Gonçalo do Amarante - CE;2022;2022;367;Número de empresas e outras organizações atuantes;Unidades;1468
N6;Município;2312502;São João do Jaguaribe - CE;2022;2022;367;Número de empresas e outras organizações atuantes;Unidades;115
N6;Município;2312601;São Luís do Curu - CE;2022;2022;367;Número de empresas e outras organizações atuantes;Unidades;194
N6;Município;2312700;Senador Pompeu - CE;2022;2022;367;Número de empresas e outras organizações atuantes;Unidades;582
N6;Município;2312809;Senador Sá - CE;2022;2022;367;Número de empresas e outras organizações atuantes;Unidades;139
N6;Município;2312908;Sobral - CE;2022;2022;367;Número de empresas e outras organizações atuantes;Unidades;5659
N6;Município;2313005;Solonópole - CE;2022;2022;367;Número de empresas e outras organizações atuantes;Unidades;383
N6;Município;2313104;Tabuleiro do Norte - CE;2022;2022;367;Número de empresas e outras organizações atuantes;Unidades;836
N6;Município;2313203;Tamboril - CE;2022;2022;367;Número de empresas e outras organizações atuantes;Unidades;414
N6;Município;2313252;Tarrafas - CE;2022;2022;367;Número de empresas e outras organizações atuantes;Unidades;126
N6;Município;2313302;Tauá - CE;2022;2022;367;Número de empresas e outras organizações atuantes;Unidades;1356
N6;Município;2313351;Tejuçuoca - CE;2022;2022;367;Número de empresas e outras organizações atuantes;Unidades;228
N6;Município;2313401;Tianguá - CE;2022;2022;367;Número de empresas e outras organizações atuantes;Unidades;2464
N6;Município;2313500;Trairi - CE;2022;2022;367;Número de empresas e outras organizações atuantes;Unidades;1211
N6;Município;2313559;Tururu - CE;2022;2022;367;Número de empresas e outras organizações atuantes;Unidades;175
N6;Município;2313609;Ubajara - CE;2022;2022;367;Número de empresas e outras organizações atuantes;Unidades;742
N6;Município;2313708;Umari - CE;2022;2022;367;Número de empresas e outras organizações atuantes;Unidades;100
N6;Município;2313757;Umirim - CE;2022;2022;367;Número de empresas e outras organizações atuantes;Unidades;199
N6;Município;2313807;Uruburetama - CE;2022;2022;367;Número de empresas e outras organizações atuantes;Unidades;292
N6;Município;2313906;Uruoca - CE;2022;2022;367;Número de empresas e outras organizações atuantes;Unidades;215
N6;Município;2313955;Varjota - CE;2022;2022;367;Número de empresas e outras organizações atuantes;Unidades;539
N6;Município;2314003;Várzea Alegre - CE;2022;2022;367;Número de empresas e outras organizações atuantes;Unidades;811
N6;Município;2314102;Viçosa do Ceará - CE;2022;2022;367;Número de empresas e outras organizações atuantes;Unidades;1010
N1;Brasil;1;Brasil;2022;2022;707;Pessoal ocupado total;Pessoas;62746860
N3;Unidade da Federação;23;Ceará;2022;2022;707;Pessoal ocupado total;Pessoas;1916471
N6;Município;2300101;Abaiara - CE;2022;2022;707;Pessoal ocupado total;Pessoas;1184
N6;Município;2300150;Acarape - CE;2022;2022;707;Pessoal ocupado total;Pessoas;1936
N6;Município;2300200;Acaraú - CE;2022;2022;707;Pessoal ocupado total;Pessoas;6296
N6;Município;2300309;Acopiara - CE;2022;2022;707;Pessoal ocupado total;Pessoas;3840
N6;Município;2300408;Aiuaba - CE;2022;2022;707;Pessoal ocupado total;Pessoas;1457
N6;Município;2300507;Alcântaras - CE;2022;2022;707;Pessoal ocupado total;Pessoas;977
N6;Município;2300606;Altaneira - CE;2022;2022;707;Pessoal ocupado total;Pessoas;663
N6;Município;2300705;Alto Santo - CE;2022;2022;707;Pessoal ocupado total;Pessoas;1890
N6;Município;2300754;Amontada - CE;2022;2022;707;Pessoal ocupado total;Pessoas;4193
N6;Município;2300804;Antonina do Norte - CE;2022;2022;707;Pessoal ocupado total;Pessoas;751
N6;Município;2300903;Apuiarés - CE;2022;2022;707;Pessoal ocupado total;Pessoas;1216
N6;Município;2301000;Aquiraz - CE;2022;2022;707;Pessoal ocupado total;Pessoas;22598
N6;Município;2301109;Aracati - CE;2022;2022;707;Pessoal ocupado total;Pessoas;13078
N6;Município;2301208;Aracoiaba - CE;2022;2022;707;Pessoal ocupado total;Pessoas;3085
N6;Município;2301257;Ararendá - CE;2022;2022;707;Pessoal ocupado total;Pessoas;1229
N6;Município;2301307;Araripe - CE;2022;2022;707;Pessoal ocupado total;Pessoas;1440
N6;Município;2301406;Aratuba - CE;2022;2022;707;Pessoal ocupado total;Pessoas;1119
N6;Município;2301505;Arneiroz - CE;2022;2022;707;Pessoal ocupado total;Pessoas;684
N6;Município;2301604;Assaré - CE;2022;2022;707;Pessoal ocupado total;Pessoas;1897
N6;Município;2301703;Aurora - CE;2022;2022;707;Pessoal ocupado total;Pessoas;1744
N6;Município;2301802;Baixio - CE;2022;2022;707;Pessoal ocupado total;Pessoas;717
N6;Município;2301851;Banabuiú - CE;2022;2022;707;Pessoal ocupado total;Pessoas;1920
N6;Município;2301901;Barbalha - CE;2022;2022;707;Pessoal ocupado total;Pessoas;13522
N6;Município;2301950;Barreira - CE;2022;2022;707;Pessoal ocupado total;Pessoas;1663
N6;Município;2302008;Barro - CE;2022;2022;707;Pessoal ocupado total;Pessoas;1539
N6;Município;2302057;Barroquinha - CE;2022;2022;707;Pessoal ocupado total;Pessoas;1442
N6;Município;2302107;Baturité - CE;2022;2022;707;Pessoal ocupado total;Pessoas;4243
N6;Município;2302206;Beberibe - CE;2022;2022;707;Pessoal ocupado total;Pessoas;6060
N6;Município;2302305;Bela Cruz - CE;2022;2022;707;Pessoal ocupado total;Pessoas;2335
N6;Município;2302404;Boa Viagem - CE;2022;2022;707;Pessoal ocupado total;Pessoas;4334
N6;Município;2302503;Brejo Santo - CE;2022;2022;707;Pessoal ocupado total;Pessoas;10811
N6;Município;2302602;Camocim - CE;2022;2022;707;Pessoal ocupado total;Pessoas;7046
N6;Município;2302701;Campos Sales - CE;2022;2022;707;Pessoal ocupado total;Pessoas;2474
N6;Município;2302800;Canindé - CE;2022;2022;707;Pessoal ocupado total;Pessoas;10991
N6;Município;2302909;Capistrano - CE;2022;2022;707;Pessoal ocupado total;Pessoas;1216
N6;Município;2303006;Caridade - CE;2022;2022;707;Pessoal ocupado total;Pessoas;1665
N6;Município;2303105;Cariré - CE;2022;2022;707;Pessoal ocupado total;Pessoas;1568
N6;Município;2303204;Caririaçu - CE;2022;2022;707;Pessoal ocupado total;Pessoas;2080
N6;Município;2303303;Cariús - CE;2022;2022;707;Pessoal ocupado total;Pessoas;1188
N6;Município;2303402;Carnaubal - CE;2022;2022;707;Pessoal ocupado total;Pessoas;1591
N6;Município;2303501;Cascavel - CE;2022;2022;707;Pessoal ocupado total;Pessoas;11677
N6;Município;2303600;Catarina - CE;2022;2022;707;Pessoal ocupado total;Pessoas;1010
N6;Município;2303659;Catunda - CE;2022;2022;707;Pessoal ocupado total;Pessoas;1002
N6;Município;2303709;Caucaia - CE;2022;2022;707;Pessoal ocupado total;Pessoas;53554
N6;Município;2303808;Cedro - CE;2022;2022;707;Pessoal ocupado total;Pessoas;1863
N6;Município;2303907;Chaval - CE;2022;2022;707;Pessoal ocupado total;Pessoas;1757
N6;Município;2303931;Choró - CE;2022;2022;707;Pessoal ocupado total;Pessoas;650
N6;Município;2303956;Chorozinho - CE;2022;2022;707;Pessoal ocupado total;Pessoas;2333
N6;Município;2304004;Coreaú - CE;2022;2022;707;Pessoal ocupado total;Pessoas;1569
N6;Município;2304103;Crateús - CE;2022;2022;707;Pessoal ocupado total;Pessoas;8749
N6;Município;2304202;Crato - CE;2022;2022;707;Pessoal ocupado total;Pessoas;21989
N6;Município;2304236;Croatá - CE;2022;2022;707;Pessoal ocupado total;Pessoas;1080
N6;Município;2304251;Cruz - CE;2022;2022;707;Pessoal ocupado total;Pessoas;3590
N6;Município;2304269;Deputado Irapuan Pinheiro - CE;2022;2022;707;Pessoal ocupado total;Pessoas;810
N6;Município;2304277;Ereré - CE;2022;2022;707;Pessoal ocupado total;Pessoas;715
N6;Município;2304285;Eusébio - CE;2022;2022;707;Pessoal ocupado total;Pessoas;51973
N6;Município;2304301;Farias Brito - CE;2022;2022;707;Pessoal ocupado total;Pessoas;1505
N6;Município;2304350;Forquilha - CE;2022;2022;707;Pessoal ocupado total;Pessoas;2763
N6;Município;2304400;Fortaleza - CE;2022;2022;707;Pessoal ocupado total;Pessoas;951646
N6;Município;2304459;Fortim - CE;2022;2022;707;Pessoal ocupado total;Pessoas;2470
N6;Município;2304509;Frecheirinha - CE;2022;2022;707;Pessoal ocupado total;Pessoas;4369
N6;Município;2304608;General Sampaio - CE;2022;2022;707;Pessoal ocupado total;Pessoas;756
N6;Município;2304657;Graça - CE;2022;2022;707;Pessoal ocupado total;Pessoas;1005
N6;Município;2304707;Granja - CE;2022;2022;707;Pessoal ocupado total;Pessoas;3981
N6;Município;2304806;Granjeiro - CE;2022;2022;707;Pessoal ocupado total;Pessoas;556
N6;Município;2304905;Groaíras - CE;2022;2022;707;Pessoal ocupado total;Pessoas;1247
N6;Município;2304954;Guaiúba - CE;2022;2022;707;Pessoal ocupado total;Pessoas;2378
N6;Município;2305001;Guaraciaba do Norte - CE;2022;2022;707;Pessoal ocupado total;Pessoas;3899
N6;Município;2305100;Guaramiranga - CE;2022;2022;707;Pessoal ocupado total;Pessoas;1208
N6;Município;2305209;Hidrolândia - CE;2022;2022;707;Pessoal ocupado total;Pessoas;1560
N6;Município;2305233;Horizonte - CE;2022;2022;707;Pessoal ocupado total;Pessoas;22530
N6;Município;2305266;Ibaretama - CE;2022;2022;707;Pessoal ocupado total;Pessoas;1078
N6;Município;2305308;Ibiapina - CE;2022;2022;707;Pessoal ocupado total;Pessoas;1983
N6;Município;2305332;Ibicuitinga - CE;2022;2022;707;Pessoal ocupado total;Pessoas;1153
N6;Município;2305357;Icapuí - CE;2022;2022;707;Pessoal ocupado total;Pessoas;4464
N6;Município;2305407;Icó - CE;2022;2022;707;Pessoal ocupado total;Pessoas;6520
N6;Município;2305506;Iguatu - CE;2022;2022;707;Pessoal ocupado total;Pessoas;18052
N6;Município;2305605;Independência - CE;2022;2022;707;Pessoal ocupado total;Pessoas;1877
N6;Município;2305654;Ipaporanga - CE;2022;2022;707;Pessoal ocupado total;Pessoas;877
N6;Município;2305704;Ipaumirim - CE;2022;2022;707;Pessoal ocupado total;Pessoas;1243
N6;Município;2305803;Ipu - CE;2022;2022;707;Pessoal ocupado total;Pessoas;4453
N6;Município;2305902;Ipueiras - CE;2022;2022;707;Pessoal ocupado total;Pessoas;2417
N6;Município;2306009;Iracema - CE;2022;2022;707;Pessoal ocupado total;Pessoas;1303
N6;Município;2306108;Irauçuba - CE;2022;2022;707;Pessoal ocupado total;Pessoas;2177
N6;Município;2306207;Itaiçaba - CE;2022;2022;707;Pessoal ocupado total;Pessoas;911
N6;Município;2306256;Itaitinga - CE;2022;2022;707;Pessoal ocupado total;Pessoas;11353
N6;Município;2306306;Itapajé - CE;2022;2022;707;Pessoal ocupado total;Pessoas;6043
N6;Município;2306405;Itapipoca - CE;2022;2022;707;Pessoal ocupado total;Pessoas;17887
N6;Município;2306504;Itapiúna - CE;2022;2022;707;Pessoal ocupado total;Pessoas;1341
N6;Município;2306553;Itarema - CE;2022;2022;707;Pessoal ocupado total;Pessoas;3941
N6;Município;2306603;Itatira - CE;2022;2022;707;Pessoal ocupado total;Pessoas;1311
N6;Município;2306702;Jaguaretama - CE;2022;2022;707;Pessoal ocupado total;Pessoas;1522
N6;Município;2306801;Jaguaribara - CE;2022;2022;707;Pessoal ocupado total;Pessoas;1169
N6;Município;2306900;Jaguaribe - CE;2022;2022;707;Pessoal ocupado total;Pessoas;4110
N6;Município;2307007;Jaguaruana - CE;2022;2022;707;Pessoal ocupado total;Pessoas;4959
N6;Município;2307106;Jardim - CE;2022;2022;707;Pessoal ocupado total;Pessoas;2251
N6;Município;2307205;Jati - CE;2022;2022;707;Pessoal ocupado total;Pessoas;816
N6;Município;2307254;Jijoca de Jericoacoara - CE;2022;2022;707;Pessoal ocupado total;Pessoas;6923
N6;Município;2307304;Juazeiro do Norte - CE;2022;2022;707;Pessoal ocupado total;Pessoas;62913
N6;Município;2307403;Jucás - CE;2022;2022;707;Pessoal ocupado total;Pessoas;2001
N6;Município;2307502;Lavras da Mangabeira - CE;2022;2022;707;Pessoal ocupado total;Pessoas;2296
N6;Município;2307601;Limoeiro do Norte - CE;2022;2022;707;Pessoal ocupado total;Pessoas;11059
N6;Município;2307635;Madalena - CE;2022;2022;707;Pessoal ocupado total;Pessoas;1607
N6;Município;2307650;Maracanaú - CE;2022;2022;707;Pessoal ocupado total;Pessoas;70298
N6;Município;2307700;Maranguape - CE;2022;2022;707;Pessoal ocupado total;Pessoas;16945
N6;Município;2307809;Marco - CE;2022;2022;707;Pessoal ocupado total;Pessoas;3906
N6;Município;2307908;Martinópole - CE;2022;2022;707;Pessoal ocupado total;Pessoas;984
N6;Município;2308005;Massapê - CE;2022;2022;707;Pessoal ocupado total;Pessoas;3493
N6;Município;2308104;Mauriti - CE;2022;2022;707;Pessoal ocupado total;Pessoas;3876
N6;Município;2308203;Meruoca - CE;2022;2022;707;Pessoal ocupado total;Pessoas;1457
N6;Município;2308302;Milagres - CE;2022;2022;707;Pessoal ocupado total;Pessoas;2649
N6;Município;2308351;Milhã - CE;2022;2022;707;Pessoal ocupado total;Pessoas;1071
N6;Município;2308377;Miraíma - CE;2022;2022;707;Pessoal ocupado total;Pessoas;221
N6;Município;2308401;Missão Velha - CE;2022;2022;707;Pessoal ocupado total;Pessoas;3472
N6;Município;2308500;Mombaça - CE;2022;2022;707;Pessoal ocupado total;Pessoas;3440
N6;Município;2308609;Monsenhor Tabosa - CE;2022;2022;707;Pessoal ocupado total;Pessoas;1471
N6;Município;2308708;Morada Nova - CE;2022;2022;707;Pessoal ocupado total;Pessoas;11073
N6;Município;2308807;Moraújo - CE;2022;2022;707;Pessoal ocupado total;Pessoas;892
N6;Município;2308906;Morrinhos - CE;2022;2022;707;Pessoal ocupado total;Pessoas;1797
N6;Município;2309003;Mucambo - CE;2022;2022;707;Pessoal ocupado total;Pessoas;1404
N6;Município;2309102;Mulungu - CE;2022;2022;707;Pessoal ocupado total;Pessoas;1049
N6;Município;2309201;Nova Olinda - CE;2022;2022;707;Pessoal ocupado total;Pessoas;1822
N6;Município;2309300;Nova Russas - CE;2022;2022;707;Pessoal ocupado total;Pessoas;3541
N6;Município;2309409;Novo Oriente - CE;2022;2022;707;Pessoal ocupado total;Pessoas;2238
N6;Município;2309458;Ocara - CE;2022;2022;707;Pessoal ocupado total;Pessoas;1359
N6;Município;2309508;Orós - CE;2022;2022;707;Pessoal ocupado total;Pessoas;1606
N6;Município;2309607;Pacajus - CE;2022;2022;707;Pessoal ocupado total;Pessoas;10338
N6;Município;2309706;Pacatuba - CE;2022;2022;707;Pessoal ocupado total;Pessoas;8185
N6;Município;2309805;Pacoti - CE;2022;2022;707;Pessoal ocupado total;Pessoas;1245
N6;Município;2309904;Pacujá - CE;2022;2022;707;Pessoal ocupado total;Pessoas;733
N6;Município;2310001;Palhano - CE;2022;2022;707;Pessoal ocupado total;Pessoas;1127
N6;Município;2310100;Palmácia - CE;2022;2022;707;Pessoal ocupado total;Pessoas;903
N6;Município;2310209;Paracuru - CE;2022;2022;707;Pessoal ocupado total;Pessoas;4480
N6;Município;2310258;Paraipaba - CE;2022;2022;707;Pessoal ocupado total;Pessoas;4828
N6;Município;2310308;Parambu - CE;2022;2022;707;Pessoal ocupado total;Pessoas;2681
N6;Município;2310407;Paramoti - CE;2022;2022;707;Pessoal ocupado total;Pessoas;889
N6;Município;2310506;Pedra Branca - CE;2022;2022;707;Pessoal ocupado total;Pessoas;4355
N6;Município;2310605;Penaforte - CE;2022;2022;707;Pessoal ocupado total;Pessoas;983
N6;Município;2310704;Pentecoste - CE;2022;2022;707;Pessoal ocupado total;Pessoas;5144
N6;Município;2310803;Pereiro - CE;2022;2022;707;Pessoal ocupado total;Pessoas;4748
N6;Município;2310852;Pindoretama - CE;2022;2022;707;Pessoal ocupado total;Pessoas;3074
N6;Município;2310902;Piquet Carneiro - CE;2022;2022;707;Pessoal ocupado total;Pessoas;1269
N6;Município;2310951;Pires Ferreira - CE;2022;2022;707;Pessoal ocupado total;Pessoas;906
N6;Município;2311009;Poranga - CE;2022;2022;707;Pessoal ocupado total;Pessoas;871
N6;Município;2311108;Porteiras - CE;2022;2022;707;Pessoal ocupado total;Pessoas;1489
N6;Município;2311207;Potengi - CE;2022;2022;707;Pessoal ocupado total;Pessoas;902
N6;Município;2311231;Potiretama - CE;2022;2022;707;Pessoal ocupado total;Pessoas;725
N6;Município;2311264;Quiterianópolis - CE;2022;2022;707;Pessoal ocupado total;Pessoas;1533
N6;Município;2311306;Quixadá - CE;2022;2022;707;Pessoal ocupado total;Pessoas;11265
N6;Município;2311355;Quixelô - CE;2022;2022;707;Pessoal ocupado total;Pessoas;1226
N6;Município;2311405;Quixeramobim - CE;2022;2022;707;Pessoal ocupado total;Pessoas;14156
N6;Município;2311504;Quixeré - CE;2022;2022;707;Pessoal ocupado total;Pessoas;4174
N6;Município;2311603;Redenção - CE;2022;2022;707;Pessoal ocupado total;Pessoas;3733
N6;Município;2311702;Reriutaba - CE;2022;2022;707;Pessoal ocupado total;Pessoas;2038
N6;Município;2311801;Russas - CE;2022;2022;707;Pessoal ocupado total;Pessoas;13778
N6;Município;2311900;Saboeiro - CE;2022;2022;707;Pessoal ocupado total;Pessoas;985
N6;Município;2311959;Salitre - CE;2022;2022;707;Pessoal ocupado total;Pessoas;1942
N6;Município;2312007;Santana do Acaraú - CE;2022;2022;707;Pessoal ocupado total;Pessoas;2298
N6;Município;2312106;Santana do Cariri - CE;2022;2022;707;Pessoal ocupado total;Pessoas;1338
N6;Município;2312205;Santa Quitéria - CE;2022;2022;707;Pessoal ocupado total;Pessoas;6340
N6;Município;2312304;São Benedito - CE;2022;2022;707;Pessoal ocupado total;Pessoas;5393
N6;Município;2312403;São Gonçalo do Amarante - CE;2022;2022;707;Pessoal ocupado total;Pessoas;16076
N6;Município;2312502;São João do Jaguaribe - CE;2022;2022;707;Pessoal ocupado total;Pessoas;642
N6;Município;2312601;São Luís do Curu - CE;2022;2022;707;Pessoal ocupado total;Pessoas;908
N6;Município;2312700;Senador Pompeu - CE;2022;2022;707;Pessoal ocupado total;Pessoas;4181
N6;Município;2312809;Senador Sá - CE;2022;2022;707;Pessoal ocupado total;Pessoas;628
N6;Município;2312908;Sobral - CE;2022;2022;707;Pessoal ocupado total;Pessoas;58392
N6;Município;2313005;Solonópole - CE;2022;2022;707;Pessoal ocupado total;Pessoas;2625
N6;Município;2313104;Tabuleiro do Norte - CE;2022;2022;707;Pessoal ocupado total;Pessoas;3333
N6;Município;2313203;Tamboril - CE;2022;2022;707;Pessoal ocupado total;Pessoas;1658
N6;Município;2313252;Tarrafas - CE;2022;2022;707;Pessoal ocupado total;Pessoas;703
N6;Município;2313302;Tauá - CE;2022;2022;707;Pessoal ocupado total;Pessoas;6999
N6;Município;2313351;Tejuçuoca - CE;2022;2022;707;Pessoal ocupado total;Pessoas;1716
N6;Município;2313401;Tianguá - CE;2022;2022;707;Pessoal ocupado total;Pessoas;12042
N6;Município;2313500;Trairi - CE;2022;2022;707;Pessoal ocupado total;Pessoas;5254
N6;Município;2313559;Tururu - CE;2022;2022;707;Pessoal ocupado total;Pessoas;1499
N6;Município;2313609;Ubajara - CE;2022;2022;707;Pessoal ocupado total;Pessoas;3906
N6;Município;2313708;Umari - CE;2022;2022;707;Pessoal ocupado total;Pessoas;571
N6;Município;2313757;Umirim - CE;2022;2022;707;Pessoal ocupado total;Pessoas;1395
N6;Município;2313807;Uruburetama - CE;2022;2022;707;Pessoal ocupado total;Pessoas;2933
N6;Município;2313906;Uruoca - CE;2022;2022;707;Pessoal ocupado total;Pessoas;1728
N6;Município;2313955;Varjota - CE;2022;2022;707;Pessoal ocupado total;Pessoas;2952
N6;Município;2314003;Várzea Alegre - CE;2022;2022;707;Pessoal ocupado total;Pessoas;4049
N6;Município;2314102;Viçosa do Ceará - CE;2022;2022;707;Pessoal ocupado total;Pessoas;4257
N1;Brasil;1;Brasil;2022;2022;708;Pessoal ocupado assalariado;Pessoas;50223399
N3;Unidade da Federação;23;Ceará;2022;2022;708;Pessoal ocupado assalariado;Pessoas;1611038
N6;Município;2300101;Abaiara - CE;2022;2022;708;Pessoal ocupado assalariado;Pessoas;1080
N6;Município;2300150;Acarape - CE;2022;2022;708;Pessoal ocupado assalariado;Pessoas;1708
N6;Município;2300200;Acaraú - CE;2022;2022;708;Pessoal ocupado assalariado;Pessoas;4961
N6;Município;2300309;Acopiara - CE;2022;2022;708;Pessoal ocupado assalariado;Pessoas;2937
N6;Município;2300408;Aiuaba - CE;2022;2022;708;Pessoal ocupado assalariado;Pessoas;1259
N6;Município;2300507;Alcântaras - CE;2022;2022;708;Pessoal ocupado assalariado;Pessoas;802
N6;Município;2300606;Altaneira - CE;2022;2022;708;Pessoal ocupado assalariado;Pessoas;567
N6;Município;2300705;Alto Santo - CE;2022;2022;708;Pessoal ocupado assalariado;Pessoas;1471
N6;Município;2300754;Amontada - CE;2022;2022;708;Pessoal ocupado assalariado;Pessoas;3389
N6;Município;2300804;Antonina do Norte - CE;2022;2022;708;Pessoal ocupado assalariado;Pessoas;629
N6;Município;2300903;Apuiarés - CE;2022;2022;708;Pessoal ocupado assalariado;Pessoas;987
N6;Município;2301000;Aquiraz - CE;2022;2022;708;Pessoal ocupado assalariado;Pessoas;19882
N6;Município;2301109;Aracati - CE;2022;2022;708;Pessoal ocupado assalariado;Pessoas;10729
N6;Município;2301208;Aracoiaba - CE;2022;2022;708;Pessoal ocupado assalariado;Pessoas;2669
N6;Município;2301257;Ararendá - CE;2022;2022;708;Pessoal ocupado assalariado;Pessoas;1020
N6;Município;2301307;Araripe - CE;2022;2022;708;Pessoal ocupado assalariado;Pessoas;1147
N6;Município;2301406;Aratuba - CE;2022;2022;708;Pessoal ocupado assalariado;Pessoas;966
N6;Município;2301505;Arneiroz - CE;2022;2022;708;Pessoal ocupado assalariado;Pessoas;563
N6;Município;2301604;Assaré - CE;2022;2022;708;Pessoal ocupado assalariado;Pessoas;1550
N6;Município;2301703;Aurora - CE;2022;2022;708;Pessoal ocupado assalariado;Pessoas;1345
N6;Município;2301802;Baixio - CE;2022;2022;708;Pessoal ocupado assalariado;Pessoas;619
N6;Município;2301851;Banabuiú - CE;2022;2022;708;Pessoal ocupado assalariado;Pessoas;1653
N6;Município;2301901;Barbalha - CE;2022;2022;708;Pessoal ocupado assalariado;Pessoas;11654
N6;Município;2301950;Barreira - CE;2022;2022;708;Pessoal ocupado assalariado;Pessoas;1239
N6;Município;2302008;Barro - CE;2022;2022;708;Pessoal ocupado assalariado;Pessoas;1218
N6;Município;2302057;Barroquinha - CE;2022;2022;708;Pessoal ocupado assalariado;Pessoas;1202
N6;Município;2302107;Baturité - CE;2022;2022;708;Pessoal ocupado assalariado;Pessoas;3388
N6;Município;2302206;Beberibe - CE;2022;2022;708;Pessoal ocupado assalariado;Pessoas;4858
N6;Município;2302305;Bela Cruz - CE;2022;2022;708;Pessoal ocupado assalariado;Pessoas;1830
N6;Município;2302404;Boa Viagem - CE;2022;2022;708;Pessoal ocupado assalariado;Pessoas;3449
N6;Município;2302503;Brejo Santo - CE;2022;2022;708;Pessoal ocupado assalariado;Pessoas;9369
N6;Município;2302602;Camocim - CE;2022;2022;708;Pessoal ocupado assalariado;Pessoas;5699
N6;Município;2302701;Campos Sales - CE;2022;2022;708;Pessoal ocupado assalariado;Pessoas;1973
N6;Município;2302800;Canindé - CE;2022;2022;708;Pessoal ocupado assalariado;Pessoas;9122
N6;Município;2302909;Capistrano - CE;2022;2022;708;Pessoal ocupado assalariado;Pessoas;978
N6;Município;2303006;Caridade - CE;2022;2022;708;Pessoal ocupado assalariado;Pessoas;1362
N6;Município;2303105;Cariré - CE;2022;2022;708;Pessoal ocupado assalariado;Pessoas;1246
N6;Município;2303204;Caririaçu - CE;2022;2022;708;Pessoal ocupado assalariado;Pessoas;1789
N6;Município;2303303;Cariús - CE;2022;2022;708;Pessoal ocupado assalariado;Pessoas;906
N6;Município;2303402;Carnaubal - CE;2022;2022;708;Pessoal ocupado assalariado;Pessoas;1342
N6;Município;2303501;Cascavel - CE;2022;2022;708;Pessoal ocupado assalariado;Pessoas;9897
N6;Município;2303600;Catarina - CE;2022;2022;708;Pessoal ocupado assalariado;Pessoas;842
N6;Município;2303659;Catunda - CE;2022;2022;708;Pessoal ocupado assalariado;Pessoas;804
N6;Município;2303709;Caucaia - CE;2022;2022;708;Pessoal ocupado assalariado;Pessoas;45512
N6;Município;2303808;Cedro - CE;2022;2022;708;Pessoal ocupado assalariado;Pessoas;1431
N6;Município;2303907;Chaval - CE;2022;2022;708;Pessoal ocupado assalariado;Pessoas;1588
N6;Município;2303931;Choró - CE;2022;2022;708;Pessoal ocupado assalariado;Pessoas;481
N6;Município;2303956;Chorozinho - CE;2022;2022;708;Pessoal ocupado assalariado;Pessoas;1911
N6;Município;2304004;Coreaú - CE;2022;2022;708;Pessoal ocupado assalariado;Pessoas;1242
N6;Município;2304103;Crateús - CE;2022;2022;708;Pessoal ocupado assalariado;Pessoas;6640
N6;Município;2304202;Crato - CE;2022;2022;708;Pessoal ocupado assalariado;Pessoas;18149
N6;Município;2304236;Croatá - CE;2022;2022;708;Pessoal ocupado assalariado;Pessoas;823
N6;Município;2304251;Cruz - CE;2022;2022;708;Pessoal ocupado assalariado;Pessoas;2560
N6;Município;2304269;Deputado Irapuan Pinheiro - CE;2022;2022;708;Pessoal ocupado assalariado;Pessoas;651
N6;Município;2304277;Ereré - CE;2022;2022;708;Pessoal ocupado assalariado;Pessoas;627
N6;Município;2304285;Eusébio - CE;2022;2022;708;Pessoal ocupado assalariado;Pessoas;43459
N6;Município;2304301;Farias Brito - CE;2022;2022;708;Pessoal ocupado assalariado;Pessoas;1197
N6;Município;2304350;Forquilha - CE;2022;2022;708;Pessoal ocupado assalariado;Pessoas;2266
N6;Município;2304400;Fortaleza - CE;2022;2022;708;Pessoal ocupado assalariado;Pessoas;802592
N6;Município;2304459;Fortim - CE;2022;2022;708;Pessoal ocupado assalariado;Pessoas;1824
N6;Município;2304509;Frecheirinha - CE;2022;2022;708;Pessoal ocupado assalariado;Pessoas;4125
N6;Município;2304608;General Sampaio - CE;2022;2022;708;Pessoal ocupado assalariado;Pessoas;594
N6;Município;2304657;Graça - CE;2022;2022;708;Pessoal ocupado assalariado;Pessoas;837
N6;Município;2304707;Granja - CE;2022;2022;708;Pessoal ocupado assalariado;Pessoas;3423
N6;Município;2304806;Granjeiro - CE;2022;2022;708;Pessoal ocupado assalariado;Pessoas;499
N6;Município;2304905;Groaíras - CE;2022;2022;708;Pessoal ocupado assalariado;Pessoas;956
N6;Município;2304954;Guaiúba - CE;2022;2022;708;Pessoal ocupado assalariado;Pessoas;1944
N6;Município;2305001;Guaraciaba do Norte - CE;2022;2022;708;Pessoal ocupado assalariado;Pessoas;2985
N6;Município;2305100;Guaramiranga - CE;2022;2022;708;Pessoal ocupado assalariado;Pessoas;952
N6;Município;2305209;Hidrolândia - CE;2022;2022;708;Pessoal ocupado assalariado;Pessoas;1246
N6;Município;2305233;Horizonte - CE;2022;2022;708;Pessoal ocupado assalariado;Pessoas;20922
N6;Município;2305266;Ibaretama - CE;2022;2022;708;Pessoal ocupado assalariado;Pessoas;915
N6;Município;2305308;Ibiapina - CE;2022;2022;708;Pessoal ocupado assalariado;Pessoas;1566
N6;Município;2305332;Ibicuitinga - CE;2022;2022;708;Pessoal ocupado assalariado;Pessoas;991
N6;Município;2305357;Icapuí - CE;2022;2022;708;Pessoal ocupado assalariado;Pessoas;3792
N6;Município;2305407;Icó - CE;2022;2022;708;Pessoal ocupado assalariado;Pessoas;5275
N6;Município;2305506;Iguatu - CE;2022;2022;708;Pessoal ocupado assalariado;Pessoas;14299
N6;Município;2305605;Independência - CE;2022;2022;708;Pessoal ocupado assalariado;Pessoas;1340
N6;Município;2305654;Ipaporanga - CE;2022;2022;708;Pessoal ocupado assalariado;Pessoas;732
N6;Município;2305704;Ipaumirim - CE;2022;2022;708;Pessoal ocupado assalariado;Pessoas;1008
N6;Município;2305803;Ipu - CE;2022;2022;708;Pessoal ocupado assalariado;Pessoas;3542
N6;Município;2305902;Ipueiras - CE;2022;2022;708;Pessoal ocupado assalariado;Pessoas;1808
N6;Município;2306009;Iracema - CE;2022;2022;708;Pessoal ocupado assalariado;Pessoas;944
N6;Município;2306108;Irauçuba - CE;2022;2022;708;Pessoal ocupado assalariado;Pessoas;1837
N6;Município;2306207;Itaiçaba - CE;2022;2022;708;Pessoal ocupado assalariado;Pessoas;771
N6;Município;2306256;Itaitinga - CE;2022;2022;708;Pessoal ocupado assalariado;Pessoas;9875
N6;Município;2306306;Itapajé - CE;2022;2022;708;Pessoal ocupado assalariado;Pessoas;5150
N6;Município;2306405;Itapipoca - CE;2022;2022;708;Pessoal ocupado assalariado;Pessoas;15391
N6;Município;2306504;Itapiúna - CE;2022;2022;708;Pessoal ocupado assalariado;Pessoas;1120
N6;Município;2306553;Itarema - CE;2022;2022;708;Pessoal ocupado assalariado;Pessoas;2981
N6;Município;2306603;Itatira - CE;2022;2022;708;Pessoal ocupado assalariado;Pessoas;903
N6;Município;2306702;Jaguaretama - CE;2022;2022;708;Pessoal ocupado assalariado;Pessoas;1171
N6;Município;2306801;Jaguaribara - CE;2022;2022;708;Pessoal ocupado assalariado;Pessoas;924
N6;Município;2306900;Jaguaribe - CE;2022;2022;708;Pessoal ocupado assalariado;Pessoas;3010
N6;Município;2307007;Jaguaruana - CE;2022;2022;708;Pessoal ocupado assalariado;Pessoas;3945
N6;Município;2307106;Jardim - CE;2022;2022;708;Pessoal ocupado assalariado;Pessoas;1710
N6;Município;2307205;Jati - CE;2022;2022;708;Pessoal ocupado assalariado;Pessoas;719
N6;Município;2307254;Jijoca de Jericoacoara - CE;2022;2022;708;Pessoal ocupado assalariado;Pessoas;5432
N6;Município;2307304;Juazeiro do Norte - CE;2022;2022;708;Pessoal ocupado assalariado;Pessoas;51668
N6;Município;2307403;Jucás - CE;2022;2022;708;Pessoal ocupado assalariado;Pessoas;1580
N6;Município;2307502;Lavras da Mangabeira - CE;2022;2022;708;Pessoal ocupado assalariado;Pessoas;1700
N6;Município;2307601;Limoeiro do Norte - CE;2022;2022;708;Pessoal ocupado assalariado;Pessoas;9011
N6;Município;2307635;Madalena - CE;2022;2022;708;Pessoal ocupado assalariado;Pessoas;1264
N6;Município;2307650;Maracanaú - CE;2022;2022;708;Pessoal ocupado assalariado;Pessoas;62628
N6;Município;2307700;Maranguape - CE;2022;2022;708;Pessoal ocupado assalariado;Pessoas;14723
N6;Município;2307809;Marco - CE;2022;2022;708;Pessoal ocupado assalariado;Pessoas;3050
N6;Município;2307908;Martinópole - CE;2022;2022;708;Pessoal ocupado assalariado;Pessoas;847
N6;Município;2308005;Massapê - CE;2022;2022;708;Pessoal ocupado assalariado;Pessoas;2909
N6;Município;2308104;Mauriti - CE;2022;2022;708;Pessoal ocupado assalariado;Pessoas;3042
N6;Município;2308203;Meruoca - CE;2022;2022;708;Pessoal ocupado assalariado;Pessoas;1134
N6;Município;2308302;Milagres - CE;2022;2022;708;Pessoal ocupado assalariado;Pessoas;2140
N6;Município;2308351;Milhã - CE;2022;2022;708;Pessoal ocupado assalariado;Pessoas;800
N6;Município;2308377;Miraíma - CE;2022;2022;708;Pessoal ocupado assalariado;Pessoas;87
N6;Município;2308401;Missão Velha - CE;2022;2022;708;Pessoal ocupado assalariado;Pessoas;2873
N6;Município;2308500;Mombaça - CE;2022;2022;708;Pessoal ocupado assalariado;Pessoas;2714
N6;Município;2308609;Monsenhor Tabosa - CE;2022;2022;708;Pessoal ocupado assalariado;Pessoas;1184
N6;Município;2308708;Morada Nova - CE;2022;2022;708;Pessoal ocupado assalariado;Pessoas;9805
N6;Município;2308807;Moraújo - CE;2022;2022;708;Pessoal ocupado assalariado;Pessoas;672
N6;Município;2308906;Morrinhos - CE;2022;2022;708;Pessoal ocupado assalariado;Pessoas;1411
N6;Município;2309003;Mucambo - CE;2022;2022;708;Pessoal ocupado assalariado;Pessoas;1191
N6;Município;2309102;Mulungu - CE;2022;2022;708;Pessoal ocupado assalariado;Pessoas;883
N6;Município;2309201;Nova Olinda - CE;2022;2022;708;Pessoal ocupado assalariado;Pessoas;1529
N6;Município;2309300;Nova Russas - CE;2022;2022;708;Pessoal ocupado assalariado;Pessoas;2721
N6;Município;2309409;Novo Oriente - CE;2022;2022;708;Pessoal ocupado assalariado;Pessoas;1743
N6;Município;2309458;Ocara - CE;2022;2022;708;Pessoal ocupado assalariado;Pessoas;939
N6;Município;2309508;Orós - CE;2022;2022;708;Pessoal ocupado assalariado;Pessoas;1261
N6;Município;2309607;Pacajus - CE;2022;2022;708;Pessoal ocupado assalariado;Pessoas;8635
N6;Município;2309706;Pacatuba - CE;2022;2022;708;Pessoal ocupado assalariado;Pessoas;6855
N6;Município;2309805;Pacoti - CE;2022;2022;708;Pessoal ocupado assalariado;Pessoas;1015
N6;Município;2309904;Pacujá - CE;2022;2022;708;Pessoal ocupado assalariado;Pessoas;619
N6;Município;2310001;Palhano - CE;2022;2022;708;Pessoal ocupado assalariado;Pessoas;925
N6;Município;2310100;Palmácia - CE;2022;2022;708;Pessoal ocupado assalariado;Pessoas;780
N6;Município;2310209;Paracuru - CE;2022;2022;708;Pessoal ocupado assalariado;Pessoas;3527
N6;Município;2310258;Paraipaba - CE;2022;2022;708;Pessoal ocupado assalariado;Pessoas;3964
N6;Município;2310308;Parambu - CE;2022;2022;708;Pessoal ocupado assalariado;Pessoas;2151
N6;Município;2310407;Paramoti - CE;2022;2022;708;Pessoal ocupado assalariado;Pessoas;721
N6;Município;2310506;Pedra Branca - CE;2022;2022;708;Pessoal ocupado assalariado;Pessoas;3634
N6;Município;2310605;Penaforte - CE;2022;2022;708;Pessoal ocupado assalariado;Pessoas;802
N6;Município;2310704;Pentecoste - CE;2022;2022;708;Pessoal ocupado assalariado;Pessoas;4430
N6;Município;2310803;Pereiro - CE;2022;2022;708;Pessoal ocupado assalariado;Pessoas;4503
N6;Município;2310852;Pindoretama - CE;2022;2022;708;Pessoal ocupado assalariado;Pessoas;2476
N6;Município;2310902;Piquet Carneiro - CE;2022;2022;708;Pessoal ocupado assalariado;Pessoas;1014
N6;Município;2310951;Pires Ferreira - CE;2022;2022;708;Pessoal ocupado assalariado;Pessoas;797
N6;Município;2311009;Poranga - CE;2022;2022;708;Pessoal ocupado assalariado;Pessoas;725
N6;Município;2311108;Porteiras - CE;2022;2022;708;Pessoal ocupado assalariado;Pessoas;1263
N6;Município;2311207;Potengi - CE;2022;2022;708;Pessoal ocupado assalariado;Pessoas;755
N6;Município;2311231;Potiretama - CE;2022;2022;708;Pessoal ocupado assalariado;Pessoas;603
N6;Município;2311264;Quiterianópolis - CE;2022;2022;708;Pessoal ocupado assalariado;Pessoas;1214
N6;Município;2311306;Quixadá - CE;2022;2022;708;Pessoal ocupado assalariado;Pessoas;9388
N6;Município;2311355;Quixelô - CE;2022;2022;708;Pessoal ocupado assalariado;Pessoas;968
N6;Município;2311405;Quixeramobim - CE;2022;2022;708;Pessoal ocupado assalariado;Pessoas;12527
N6;Município;2311504;Quixeré - CE;2022;2022;708;Pessoal ocupado assalariado;Pessoas;3686
N6;Município;2311603;Redenção - CE;2022;2022;708;Pessoal ocupado assalariado;Pessoas;3318
N6;Município;2311702;Reriutaba - CE;2022;2022;708;Pessoal ocupado assalariado;Pessoas;1545
N6;Município;2311801;Russas - CE;2022;2022;708;Pessoal ocupado assalariado;Pessoas;11726
N6;Município;2311900;Saboeiro - CE;2022;2022;708;Pessoal ocupado assalariado;Pessoas;774
N6;Município;2311959;Salitre - CE;2022;2022;708;Pessoal ocupado assalariado;Pessoas;1736
N6;Município;2312007;Santana do Acaraú - CE;2022;2022;708;Pessoal ocupado assalariado;Pessoas;1723
N6;Município;2312106;Santana do Cariri - CE;2022;2022;708;Pessoal ocupado assalariado;Pessoas;1166
N6;Município;2312205;Santa Quitéria - CE;2022;2022;708;Pessoal ocupado assalariado;Pessoas;5205
N6;Município;2312304;São Benedito - CE;2022;2022;708;Pessoal ocupado assalariado;Pessoas;4228
N6;Município;2312403;São Gonçalo do Amarante - CE;2022;2022;708;Pessoal ocupado assalariado;Pessoas;14530
N6;Município;2312502;São João do Jaguaribe - CE;2022;2022;708;Pessoal ocupado assalariado;Pessoas;542
N6;Município;2312601;São Luís do Curu - CE;2022;2022;708;Pessoal ocupado assalariado;Pessoas;725
N6;Município;2312700;Senador Pompeu - CE;2022;2022;708;Pessoal ocupado assalariado;Pessoas;3581
N6;Município;2312809;Senador Sá - CE;2022;2022;708;Pessoal ocupado assalariado;Pessoas;511
N6;Município;2312908;Sobral - CE;2022;2022;708;Pessoal ocupado assalariado;Pessoas;51719
N6;Município;2313005;Solonópole - CE;2022;2022;708;Pessoal ocupado assalariado;Pessoas;2240
N6;Município;2313104;Tabuleiro do Norte - CE;2022;2022;708;Pessoal ocupado assalariado;Pessoas;2452
N6;Município;2313203;Tamboril - CE;2022;2022;708;Pessoal ocupado assalariado;Pessoas;1267
N6;Município;2313252;Tarrafas - CE;2022;2022;708;Pessoal ocupado assalariado;Pessoas;600
N6;Município;2313302;Tauá - CE;2022;2022;708;Pessoal ocupado assalariado;Pessoas;5557
N6;Município;2313351;Tejuçuoca - CE;2022;2022;708;Pessoal ocupado assalariado;Pessoas;1512
N6;Município;2313401;Tianguá - CE;2022;2022;708;Pessoal ocupado assalariado;Pessoas;9224
N6;Município;2313500;Trairi - CE;2022;2022;708;Pessoal ocupado assalariado;Pessoas;3847
N6;Município;2313559;Tururu - CE;2022;2022;708;Pessoal ocupado assalariado;Pessoas;1350
N6;Município;2313609;Ubajara - CE;2022;2022;708;Pessoal ocupado assalariado;Pessoas;3095
N6;Município;2313708;Umari - CE;2022;2022;708;Pessoal ocupado assalariado;Pessoas;491
N6;Município;2313757;Umirim - CE;2022;2022;708;Pessoal ocupado assalariado;Pessoas;1230
N6;Município;2313807;Uruburetama - CE;2022;2022;708;Pessoal ocupado assalariado;Pessoas;2643
N6;Município;2313906;Uruoca - CE;2022;2022;708;Pessoal ocupado assalariado;Pessoas;1530
N6;Município;2313955;Varjota - CE;2022;2022;708;Pessoal ocupado assalariado;Pessoas;2397
N6;Município;2314003;Várzea Alegre - CE;2022;2022;708;Pessoal ocupado assalariado;Pessoas;3219
N6;Município;2314102;Viçosa do Ceará - CE;2022;2022;708;Pessoal ocupado assalariado;Pessoas;3182
N1;Brasil;1;Brasil;2022;2022;662;Salários e outras remunerações;Mil Reais;2293500597
N3;Unidade da Federação;23;Ceará;2022;2022;662;Salários e outras remunerações;Mil Reais;57711215
N6;Município;2300101;Abaiara - CE;2022;2022;662;Salários e outras remunerações;Mil Reais;25670
N6;Município;2300150;Acarape - CE;2022;2022;662;Salários e outras remunerações;Mil Reais;38919
N6;Município;2300200;Acaraú - CE;2022;2022;662;Salários e outras remunerações;Mil Reais;164309
N6;Município;2300309;Acopiara - CE;2022;2022;662;Salários e outras remunerações;Mil Reais;76738
N6;Município;2300408;Aiuaba - CE;2022;2022;662;Salários e outras remunerações;Mil Reais;24337
N6;Município;2300507;Alcântaras - CE;2022;2022;662;Salários e outras remunerações;Mil Reais;20117
N6;Município;2300606;Altaneira - CE;2022;2022;662;Salários e outras remunerações;Mil Reais;17607
N6;Município;2300705;Alto Santo - CE;2022;2022;662;Salários e outras remunerações;Mil Reais;35695
N6;Município;2300754;Amontada - CE;2022;2022;662;Salários e outras remunerações;Mil Reais;105421
N6;Município;2300804;Antonina do Norte - CE;2022;2022;662;Salários e outras remunerações;Mil Reais;16917
N6;Município;2300903;Apuiarés - CE;2022;2022;662;Salários e outras remunerações;Mil Reais;27344
N6;Município;2301000;Aquiraz - CE;2022;2022;662;Salários e outras remunerações;Mil Reais;628398
N6;Município;2301109;Aracati - CE;2022;2022;662;Salários e outras remunerações;Mil Reais;268988
N6;Município;2301208;Aracoiaba - CE;2022;2022;662;Salários e outras remunerações;Mil Reais;57979
N6;Município;2301257;Ararendá - CE;2022;2022;662;Salários e outras remunerações;Mil Reais;22720
N6;Município;2301307;Araripe - CE;2022;2022;662;Salários e outras remunerações;Mil Reais;42236
N6;Município;2301406;Aratuba - CE;2022;2022;662;Salários e outras remunerações;Mil Reais;27369
N6;Município;2301505;Arneiroz - CE;2022;2022;662;Salários e outras remunerações;Mil Reais;12835
N6;Município;2301604;Assaré - CE;2022;2022;662;Salários e outras remunerações;Mil Reais;38673
N6;Município;2301703;Aurora - CE;2022;2022;662;Salários e outras remunerações;Mil Reais;37631
N6;Município;2301802;Baixio - CE;2022;2022;662;Salários e outras remunerações;Mil Reais;13800
N6;Município;2301851;Banabuiú - CE;2022;2022;662;Salários e outras remunerações;Mil Reais;44800
N6;Município;2301901;Barbalha - CE;2022;2022;662;Salários e outras remunerações;Mil Reais;322364
N6;Município;2301950;Barreira - CE;2022;2022;662;Salários e outras remunerações;Mil Reais;39194
N6;Município;2302008;Barro - CE;2022;2022;662;Salários e outras remunerações;Mil Reais;35785
N6;Município;2302057;Barroquinha - CE;2022;2022;662;Salários e outras remunerações;Mil Reais;30175
N6;Município;2302107;Baturité - CE;2022;2022;662;Salários e outras remunerações;Mil Reais;102963
N6;Município;2302206;Beberibe - CE;2022;2022;662;Salários e outras remunerações;Mil Reais;127185
N6;Município;2302305;Bela Cruz - CE;2022;2022;662;Salários e outras remunerações;Mil Reais;62469
N6;Município;2302404;Boa Viagem - CE;2022;2022;662;Salários e outras remunerações;Mil Reais;92603
N6;Município;2302503;Brejo Santo - CE;2022;2022;662;Salários e outras remunerações;Mil Reais;228626
N6;Município;2302602;Camocim - CE;2022;2022;662;Salários e outras remunerações;Mil Reais;153021
N6;Município;2302701;Campos Sales - CE;2022;2022;662;Salários e outras remunerações;Mil Reais;43760
N6;Município;2302800;Canindé - CE;2022;2022;662;Salários e outras remunerações;Mil Reais;259278
N6;Município;2302909;Capistrano - CE;2022;2022;662;Salários e outras remunerações;Mil Reais;33564
N6;Município;2303006;Caridade - CE;2022;2022;662;Salários e outras remunerações;Mil Reais;36205
N6;Município;2303105;Cariré - CE;2022;2022;662;Salários e outras remunerações;Mil Reais;32427
N6;Município;2303204;Caririaçu - CE;2022;2022;662;Salários e outras remunerações;Mil Reais;48548
N6;Município;2303303;Cariús - CE;2022;2022;662;Salários e outras remunerações;Mil Reais;24102
N6;Município;2303402;Carnaubal - CE;2022;2022;662;Salários e outras remunerações;Mil Reais;34455
N6;Município;2303501;Cascavel - CE;2022;2022;662;Salários e outras remunerações;Mil Reais;237325
N6;Município;2303600;Catarina - CE;2022;2022;662;Salários e outras remunerações;Mil Reais;27630
N6;Município;2303659;Catunda - CE;2022;2022;662;Salários e outras remunerações;Mil Reais;28517
N6;Município;2303709;Caucaia - CE;2022;2022;662;Salários e outras remunerações;Mil Reais;1421985
N6;Município;2303808;Cedro - CE;2022;2022;662;Salários e outras remunerações;Mil Reais;40772
N6;Município;2303907;Chaval - CE;2022;2022;662;Salários e outras remunerações;Mil Reais;26622
N6;Município;2303931;Choró - CE;2022;2022;662;Salários e outras remunerações;Mil Reais;22031
N6;Município;2303956;Chorozinho - CE;2022;2022;662;Salários e outras remunerações;Mil Reais;47378
N6;Município;2304004;Coreaú - CE;2022;2022;662;Salários e outras remunerações;Mil Reais;35714
N6;Município;2304103;Crateús - CE;2022;2022;662;Salários e outras remunerações;Mil Reais;198790
N6;Município;2304202;Crato - CE;2022;2022;662;Salários e outras remunerações;Mil Reais;546004
N6;Município;2304236;Croatá - CE;2022;2022;662;Salários e outras remunerações;Mil Reais;29722
N6;Município;2304251;Cruz - CE;2022;2022;662;Salários e outras remunerações;Mil Reais;78210
N6;Município;2304269;Deputado Irapuan Pinheiro - CE;2022;2022;662;Salários e outras remunerações;Mil Reais;18622
N6;Município;2304277;Ereré - CE;2022;2022;662;Salários e outras remunerações;Mil Reais;16549
N6;Município;2304285;Eusébio - CE;2022;2022;662;Salários e outras remunerações;Mil Reais;1444263
N6;Município;2304301;Farias Brito - CE;2022;2022;662;Salários e outras remunerações;Mil Reais;38562
N6;Município;2304350;Forquilha - CE;2022;2022;662;Salários e outras remunerações;Mil Reais;60515
N6;Município;2304400;Fortaleza - CE;2022;2022;662;Salários e outras remunerações;Mil Reais;34250818
N6;Município;2304459;Fortim - CE;2022;2022;662;Salários e outras remunerações;Mil Reais;54242
N6;Município;2304509;Frecheirinha - CE;2022;2022;662;Salários e outras remunerações;Mil Reais;82859
N6;Município;2304608;General Sampaio - CE;2022;2022;662;Salários e outras remunerações;Mil Reais;17322
N6;Município;2304657;Graça - CE;2022;2022;662;Salários e outras remunerações;Mil Reais;29058
N6;Município;2304707;Granja - CE;2022;2022;662;Salários e outras remunerações;Mil Reais;96062
N6;Município;2304806;Granjeiro - CE;2022;2022;662;Salários e outras remunerações;Mil Reais;11701
N6;Município;2304905;Groaíras - CE;2022;2022;662;Salários e outras remunerações;Mil Reais;25133
N6;Município;2304954;Guaiúba - CE;2022;2022;662;Salários e outras remunerações;Mil Reais;48983
N6;Município;2305001;Guaraciaba do Norte - CE;2022;2022;662;Salários e outras remunerações;Mil Reais;80255
N6;Município;2305100;Guaramiranga - CE;2022;2022;662;Salários e outras remunerações;Mil Reais;21126
N6;Município;2305209;Hidrolândia - CE;2022;2022;662;Salários e outras remunerações;Mil Reais;31182
N6;Município;2305233;Horizonte - CE;2022;2022;662;Salários e outras remunerações;Mil Reais;497819
N6;Município;2305266;Ibaretama - CE;2022;2022;662;Salários e outras remunerações;Mil Reais;24966
N6;Município;2305308;Ibiapina - CE;2022;2022;662;Salários e outras remunerações;Mil Reais;44243
N6;Município;2305332;Ibicuitinga - CE;2022;2022;662;Salários e outras remunerações;Mil Reais;23934
N6;Município;2305357;Icapuí - CE;2022;2022;662;Salários e outras remunerações;Mil Reais;99269
N6;Município;2305407;Icó - CE;2022;2022;662;Salários e outras remunerações;Mil Reais;120751
N6;Município;2305506;Iguatu - CE;2022;2022;662;Salários e outras remunerações;Mil Reais;358299
N6;Município;2305605;Independência - CE;2022;2022;662;Salários e outras remunerações;Mil Reais;37853
N6;Município;2305654;Ipaporanga - CE;2022;2022;662;Salários e outras remunerações;Mil Reais;22386
N6;Município;2305704;Ipaumirim - CE;2022;2022;662;Salários e outras remunerações;Mil Reais;24275
N6;Município;2305803;Ipu - CE;2022;2022;662;Salários e outras remunerações;Mil Reais;89278
N6;Município;2305902;Ipueiras - CE;2022;2022;662;Salários e outras remunerações;Mil Reais;67330
N6;Município;2306009;Iracema - CE;2022;2022;662;Salários e outras remunerações;Mil Reais;32278
N6;Município;2306108;Irauçuba - CE;2022;2022;662;Salários e outras remunerações;Mil Reais;53110
N6;Município;2306207;Itaiçaba - CE;2022;2022;662;Salários e outras remunerações;Mil Reais;17024
N6;Município;2306256;Itaitinga - CE;2022;2022;662;Salários e outras remunerações;Mil Reais;328994
N6;Município;2306306;Itapajé - CE;2022;2022;662;Salários e outras remunerações;Mil Reais;137368
N6;Município;2306405;Itapipoca - CE;2022;2022;662;Salários e outras remunerações;Mil Reais;438445
N6;Município;2306504;Itapiúna - CE;2022;2022;662;Salários e outras remunerações;Mil Reais;30132
N6;Município;2306553;Itarema - CE;2022;2022;662;Salários e outras remunerações;Mil Reais;102891
N6;Município;2306603;Itatira - CE;2022;2022;662;Salários e outras remunerações;Mil Reais;40226
N6;Município;2306702;Jaguaretama - CE;2022;2022;662;Salários e outras remunerações;Mil Reais;31224
N6;Município;2306801;Jaguaribara - CE;2022;2022;662;Salários e outras remunerações;Mil Reais;29882
N6;Município;2306900;Jaguaribe - CE;2022;2022;662;Salários e outras remunerações;Mil Reais;117750
N6;Município;2307007;Jaguaruana - CE;2022;2022;662;Salários e outras remunerações;Mil Reais;89014
N6;Município;2307106;Jardim - CE;2022;2022;662;Salários e outras remunerações;Mil Reais;51069
N6;Município;2307205;Jati - CE;2022;2022;662;Salários e outras remunerações;Mil Reais;17707
N6;Município;2307254;Jijoca de Jericoacoara - CE;2022;2022;662;Salários e outras remunerações;Mil Reais;126415
N6;Município;2307304;Juazeiro do Norte - CE;2022;2022;662;Salários e outras remunerações;Mil Reais;1472252
N6;Município;2307403;Jucás - CE;2022;2022;662;Salários e outras remunerações;Mil Reais;55615
N6;Município;2307502;Lavras da Mangabeira - CE;2022;2022;662;Salários e outras remunerações;Mil Reais;53638
N6;Município;2307601;Limoeiro do Norte - CE;2022;2022;662;Salários e outras remunerações;Mil Reais;236621
N6;Município;2307635;Madalena - CE;2022;2022;662;Salários e outras remunerações;Mil Reais;36663
N6;Município;2307650;Maracanaú - CE;2022;2022;662;Salários e outras remunerações;Mil Reais;2118821
N6;Município;2307700;Maranguape - CE;2022;2022;662;Salários e outras remunerações;Mil Reais;391355
N6;Município;2307809;Marco - CE;2022;2022;662;Salários e outras remunerações;Mil Reais;81227
N6;Município;2307908;Martinópole - CE;2022;2022;662;Salários e outras remunerações;Mil Reais;20884
N6;Município;2308005;Massapê - CE;2022;2022;662;Salários e outras remunerações;Mil Reais;67248
N6;Município;2308104;Mauriti - CE;2022;2022;662;Salários e outras remunerações;Mil Reais;83987
N6;Município;2308203;Meruoca - CE;2022;2022;662;Salários e outras remunerações;Mil Reais;30640
N6;Município;2308302;Milagres - CE;2022;2022;662;Salários e outras remunerações;Mil Reais;66867
N6;Município;2308351;Milhã - CE;2022;2022;662;Salários e outras remunerações;Mil Reais;26514
N6;Município;2308377;Miraíma - CE;2022;2022;662;Salários e outras remunerações;Mil Reais;1253
N6;Município;2308401;Missão Velha - CE;2022;2022;662;Salários e outras remunerações;Mil Reais;83003
N6;Município;2308500;Mombaça - CE;2022;2022;662;Salários e outras remunerações;Mil Reais;71324
N6;Município;2308609;Monsenhor Tabosa - CE;2022;2022;662;Salários e outras remunerações;Mil Reais;32620
N6;Município;2308708;Morada Nova - CE;2022;2022;662;Salários e outras remunerações;Mil Reais;249966
N6;Município;2308807;Moraújo - CE;2022;2022;662;Salários e outras remunerações;Mil Reais;14632
N6;Município;2308906;Morrinhos - CE;2022;2022;662;Salários e outras remunerações;Mil Reais;34476
N6;Município;2309003;Mucambo - CE;2022;2022;662;Salários e outras remunerações;Mil Reais;27082
N6;Município;2309102;Mulungu - CE;2022;2022;662;Salários e outras remunerações;Mil Reais;24384
N6;Município;2309201;Nova Olinda - CE;2022;2022;662;Salários e outras remunerações;Mil Reais;37753
N6;Município;2309300;Nova Russas - CE;2022;2022;662;Salários e outras remunerações;Mil Reais;69113
N6;Município;2309409;Novo Oriente - CE;2022;2022;662;Salários e outras remunerações;Mil Reais;48034
N6;Município;2309458;Ocara - CE;2022;2022;662;Salários e outras remunerações;Mil Reais;43180
N6;Município;2309508;Orós - CE;2022;2022;662;Salários e outras remunerações;Mil Reais;37778
N6;Município;2309607;Pacajus - CE;2022;2022;662;Salários e outras remunerações;Mil Reais;252909
N6;Município;2309706;Pacatuba - CE;2022;2022;662;Salários e outras remunerações;Mil Reais;211200
N6;Município;2309805;Pacoti - CE;2022;2022;662;Salários e outras remunerações;Mil Reais;24425
N6;Município;2309904;Pacujá - CE;2022;2022;662;Salários e outras remunerações;Mil Reais;14372
N6;Município;2310001;Palhano - CE;2022;2022;662;Salários e outras remunerações;Mil Reais;23229
N6;Município;2310100;Palmácia - CE;2022;2022;662;Salários e outras remunerações;Mil Reais;20510
N6;Município;2310209;Paracuru - CE;2022;2022;662;Salários e outras remunerações;Mil Reais;100560
N6;Município;2310258;Paraipaba - CE;2022;2022;662;Salários e outras remunerações;Mil Reais;108835
N6;Município;2310308;Parambu - CE;2022;2022;662;Salários e outras remunerações;Mil Reais;36661
N6;Município;2310407;Paramoti - CE;2022;2022;662;Salários e outras remunerações;Mil Reais;19165
N6;Município;2310506;Pedra Branca - CE;2022;2022;662;Salários e outras remunerações;Mil Reais;76241
N6;Município;2310605;Penaforte - CE;2022;2022;662;Salários e outras remunerações;Mil Reais;21999
N6;Município;2310704;Pentecoste - CE;2022;2022;662;Salários e outras remunerações;Mil Reais;116818
N6;Município;2310803;Pereiro - CE;2022;2022;662;Salários e outras remunerações;Mil Reais;110436
N6;Município;2310852;Pindoretama - CE;2022;2022;662;Salários e outras remunerações;Mil Reais;57854
N6;Município;2310902;Piquet Carneiro - CE;2022;2022;662;Salários e outras remunerações;Mil Reais;27317
N6;Município;2310951;Pires Ferreira - CE;2022;2022;662;Salários e outras remunerações;Mil Reais;15104
N6;Município;2311009;Poranga - CE;2022;2022;662;Salários e outras remunerações;Mil Reais;24980
N6;Município;2311108;Porteiras - CE;2022;2022;662;Salários e outras remunerações;Mil Reais;32415
N6;Município;2311207;Potengi - CE;2022;2022;662;Salários e outras remunerações;Mil Reais;20685
N6;Município;2311231;Potiretama - CE;2022;2022;662;Salários e outras remunerações;Mil Reais;17189
N6;Município;2311264;Quiterianópolis - CE;2022;2022;662;Salários e outras remunerações;Mil Reais;28782
N6;Município;2311306;Quixadá - CE;2022;2022;662;Salários e outras remunerações;Mil Reais;248074
N6;Município;2311355;Quixelô - CE;2022;2022;662;Salários e outras remunerações;Mil Reais;29748
N6;Município;2311405;Quixeramobim - CE;2022;2022;662;Salários e outras remunerações;Mil Reais;316526
N6;Município;2311504;Quixeré - CE;2022;2022;662;Salários e outras remunerações;Mil Reais;120084
N6;Município;2311603;Redenção - CE;2022;2022;662;Salários e outras remunerações;Mil Reais;163331
N6;Município;2311702;Reriutaba - CE;2022;2022;662;Salários e outras remunerações;Mil Reais;37516
N6;Município;2311801;Russas - CE;2022;2022;662;Salários e outras remunerações;Mil Reais;281354
N6;Município;2311900;Saboeiro - CE;2022;2022;662;Salários e outras remunerações;Mil Reais;29695
N6;Município;2311959;Salitre - CE;2022;2022;662;Salários e outras remunerações;Mil Reais;34344
N6;Município;2312007;Santana do Acaraú - CE;2022;2022;662;Salários e outras remunerações;Mil Reais;45344
N6;Município;2312106;Santana do Cariri - CE;2022;2022;662;Salários e outras remunerações;Mil Reais;32322
N6;Município;2312205;Santa Quitéria - CE;2022;2022;662;Salários e outras remunerações;Mil Reais;123644
N6;Município;2312304;São Benedito - CE;2022;2022;662;Salários e outras remunerações;Mil Reais;112348
N6;Município;2312403;São Gonçalo do Amarante - CE;2022;2022;662;Salários e outras remunerações;Mil Reais;775087
N6;Município;2312502;São João do Jaguaribe - CE;2022;2022;662;Salários e outras remunerações;Mil Reais;13567
N6;Município;2312601;São Luís do Curu - CE;2022;2022;662;Salários e outras remunerações;Mil Reais;22822
N6;Município;2312700;Senador Pompeu - CE;2022;2022;662;Salários e outras remunerações;Mil Reais;82277
N6;Município;2312809;Senador Sá - CE;2022;2022;662;Salários e outras remunerações;Mil Reais;14660
N6;Município;2312908;Sobral - CE;2022;2022;662;Salários e outras remunerações;Mil Reais;1533122
N6;Município;2313005;Solonópole - CE;2022;2022;662;Salários e outras remunerações;Mil Reais;43191
N6;Município;2313104;Tabuleiro do Norte - CE;2022;2022;662;Salários e outras remunerações;Mil Reais;67736
N6;Município;2313203;Tamboril - CE;2022;2022;662;Salários e outras remunerações;Mil Reais;47372
N6;Município;2313252;Tarrafas - CE;2022;2022;662;Salários e outras remunerações;Mil Reais;16208
N6;Município;2313302;Tauá - CE;2022;2022;662;Salários e outras remunerações;Mil Reais;143392
N6;Município;2313351;Tejuçuoca - CE;2022;2022;662;Salários e outras remunerações;Mil Reais;38127
N6;Município;2313401;Tianguá - CE;2022;2022;662;Salários e outras remunerações;Mil Reais;250783
N6;Município;2313500;Trairi - CE;2022;2022;662;Salários e outras remunerações;Mil Reais;120459
N6;Município;2313559;Tururu - CE;2022;2022;662;Salários e outras remunerações;Mil Reais;33601
N6;Município;2313609;Ubajara - CE;2022;2022;662;Salários e outras remunerações;Mil Reais;92978
N6;Município;2313708;Umari - CE;2022;2022;662;Salários e outras remunerações;Mil Reais;15597
N6;Município;2313757;Umirim - CE;2022;2022;662;Salários e outras remunerações;Mil Reais;36330
N6;Município;2313807;Uruburetama - CE;2022;2022;662;Salários e outras remunerações;Mil Reais;68662
N6;Município;2313906;Uruoca - CE;2022;2022;662;Salários e outras remunerações;Mil Reais;45556
N6;Município;2313955;Varjota - CE;2022;2022;662;Salários e outras remunerações;Mil Reais;50260
N6;Município;2314003;Várzea Alegre - CE;2022;2022;662;Salários e outras remunerações;Mil Reais;83788
N6;Município;2314102;Viçosa do Ceará - CE;2022;2022;662;Salários e outras remunerações;Mil Reais;85583
N1;Brasil;1;Brasil;2022;2022;10143;Salário médio mensal em reais;Reais;3542.19
N3;Unidade da Federação;23;Ceará;2022;2022;10143;Salário médio mensal em reais;Reais;2798.50
N6;Município;2300101;Abaiara - CE;2022;2022;10143;Salário médio mensal em reais;Reais;2283.58
N6;Município;2300150;Acarape - CE;2022;2022;10143;Salário médio mensal em reais;Reais;1794.11
N6;Município;2300200;Acaraú - CE;2022;2022;10143;Salário médio mensal em reais;Reais;2273.63
N6;Município;2300309;Acopiara - CE;2022;2022;10143;Salário médio mensal em reais;Reais;2022.61
N6;Município;2300408;Aiuaba - CE;2022;2022;10143;Salário médio mensal em reais;Reais;1455.29
N6;Município;2300507;Alcântaras - CE;2022;2022;10143;Salário médio mensal em reais;Reais;1799.64
N6;Município;2300606;Altaneira - CE;2022;2022;10143;Salário médio mensal em reais;Reais;1858.19
N6;Município;2300705;Alto Santo - CE;2022;2022;10143;Salário médio mensal em reais;Reais;1837.88
N6;Município;2300754;Amontada - CE;2022;2022;10143;Salário médio mensal em reais;Reais;2214.68
N6;Município;2300804;Antonina do Norte - CE;2022;2022;10143;Salário médio mensal em reais;Reais;2087.79
N6;Município;2300903;Apuiarés - CE;2022;2022;10143;Salário médio mensal em reais;Reais;2084.28
N6;Município;2301000;Aquiraz - CE;2022;2022;10143;Salário médio mensal em reais;Reais;2455.59
N6;Município;2301109;Aracati - CE;2022;2022;10143;Salário médio mensal em reais;Reais;1950.45
N6;Município;2301208;Aracoiaba - CE;2022;2022;10143;Salário médio mensal em reais;Reais;1777.94
N6;Município;2301257;Ararendá - CE;2022;2022;10143;Salário médio mensal em reais;Reais;1749.17
N6;Município;2301307;Araripe - CE;2022;2022;10143;Salário médio mensal em reais;Reais;2546.50
N6;Município;2301406;Aratuba - CE;2022;2022;10143;Salário médio mensal em reais;Reais;2025.72
N6;Município;2301505;Arneiroz - CE;2022;2022;10143;Salário médio mensal em reais;Reais;1762.52
N6;Município;2301604;Assaré - CE;2022;2022;10143;Salário médio mensal em reais;Reais;1993.00
N6;Município;2301703;Aurora - CE;2022;2022;10143;Salário médio mensal em reais;Reais;1995.15
N6;Município;2301802;Baixio - CE;2022;2022;10143;Salário médio mensal em reais;Reais;1849.93
N6;Município;2301851;Banabuiú - CE;2022;2022;10143;Salário médio mensal em reais;Reais;2089.06
N6;Município;2301901;Barbalha - CE;2022;2022;10143;Salário médio mensal em reais;Reais;2140.70
N6;Município;2301950;Barreira - CE;2022;2022;10143;Salário médio mensal em reais;Reais;2390.79
N6;Município;2302008;Barro - CE;2022;2022;10143;Salário médio mensal em reais;Reais;1929.20
N6;Município;2302057;Barroquinha - CE;2022;2022;10143;Salário médio mensal em reais;Reais;2142.05
N6;Município;2302107;Baturité - CE;2022;2022;10143;Salário médio mensal em reais;Reais;2133.38
N6;Município;2302206;Beberibe - CE;2022;2022;10143;Salário médio mensal em reais;Reais;2097.75
N6;Município;2302305;Bela Cruz - CE;2022;2022;10143;Salário médio mensal em reais;Reais;2457.06
N6;Município;2302404;Boa Viagem - CE;2022;2022;10143;Salário médio mensal em reais;Reais;2043.90
N6;Município;2302503;Brejo Santo - CE;2022;2022;10143;Salário médio mensal em reais;Reais;1953.49
N6;Município;2302602;Camocim - CE;2022;2022;10143;Salário médio mensal em reais;Reais;1685.49
N6;Município;2302701;Campos Sales - CE;2022;2022;10143;Salário médio mensal em reais;Reais;1752.61
N6;Município;2302800;Canindé - CE;2022;2022;10143;Salário médio mensal em reais;Reais;2320.99
N6;Município;2302909;Capistrano - CE;2022;2022;10143;Salário médio mensal em reais;Reais;2213.67
N6;Município;2303006;Caridade - CE;2022;2022;10143;Salário médio mensal em reais;Reais;2199.04
N6;Município;2303105;Cariré - CE;2022;2022;10143;Salário médio mensal em reais;Reais;1576.68
N6;Município;2303204;Caririaçu - CE;2022;2022;10143;Salário médio mensal em reais;Reais;2082.83
N6;Município;2303303;Cariús - CE;2022;2022;10143;Salário médio mensal em reais;Reais;2098.06
N6;Município;2303402;Carnaubal - CE;2022;2022;10143;Salário médio mensal em reais;Reais;1952.95
N6;Município;2303501;Cascavel - CE;2022;2022;10143;Salário médio mensal em reais;Reais;1934.71
N6;Município;2303600;Catarina - CE;2022;2022;10143;Salário médio mensal em reais;Reais;2128.25
N6;Município;2303659;Catunda - CE;2022;2022;10143;Salário médio mensal em reais;Reais;2640.80
N6;Município;2303709;Caucaia - CE;2022;2022;10143;Salário médio mensal em reais;Reais;2395.77
N6;Município;2303808;Cedro - CE;2022;2022;10143;Salário médio mensal em reais;Reais;2210.09
N6;Município;2303907;Chaval - CE;2022;2022;10143;Salário médio mensal em reais;Reais;1286.29
N6;Município;2303931;Choró - CE;2022;2022;10143;Salário médio mensal em reais;Reais;2341.26
N6;Município;2303956;Chorozinho - CE;2022;2022;10143;Salário médio mensal em reais;Reais;1891.06
N6;Município;2304004;Coreaú - CE;2022;2022;10143;Salário médio mensal em reais;Reais;1910.68
N6;Município;2304103;Crateús - CE;2022;2022;10143;Salário médio mensal em reais;Reais;2097.21
N6;Município;2304202;Crato - CE;2022;2022;10143;Salário médio mensal em reais;Reais;2354.18
N6;Município;2304236;Croatá - CE;2022;2022;10143;Salário médio mensal em reais;Reais;2254.56
N6;Município;2304251;Cruz - CE;2022;2022;10143;Salário médio mensal em reais;Reais;1951.52
N6;Município;2304269;Deputado Irapuan Pinheiro - CE;2022;2022;10143;Salário médio mensal em reais;Reais;2055.06
N6;Município;2304277;Ereré - CE;2022;2022;10143;Salário médio mensal em reais;Reais;2050.18
N6;Município;2304285;Eusébio - CE;2022;2022;10143;Salário médio mensal em reais;Reais;2682.26
N6;Município;2304301;Farias Brito - CE;2022;2022;10143;Salário médio mensal em reais;Reais;2272.55
N6;Município;2304350;Forquilha - CE;2022;2022;10143;Salário médio mensal em reais;Reais;1822.06
N6;Município;2304400;Fortaleza - CE;2022;2022;10143;Salário médio mensal em reais;Reais;3398.34
N6;Município;2304459;Fortim - CE;2022;2022;10143;Salário médio mensal em reais;Reais;1967.74
N6;Município;2304509;Frecheirinha - CE;2022;2022;10143;Salário médio mensal em reais;Reais;1649.55
N6;Município;2304608;General Sampaio - CE;2022;2022;10143;Salário médio mensal em reais;Reais;2053.76
N6;Município;2304657;Graça - CE;2022;2022;10143;Salário médio mensal em reais;Reais;2661.39
N6;Município;2304707;Granja - CE;2022;2022;10143;Salário médio mensal em reais;Reais;2025.10
N6;Município;2304806;Granjeiro - CE;2022;2022;10143;Salário médio mensal em reais;Reais;1702.83
N6;Município;2304905;Groaíras - CE;2022;2022;10143;Salário médio mensal em reais;Reais;1824.91
N6;Município;2304954;Guaiúba - CE;2022;2022;10143;Salário médio mensal em reais;Reais;1944.78
N6;Município;2305001;Guaraciaba do Norte - CE;2022;2022;10143;Salário médio mensal em reais;Reais;2159.72
N6;Município;2305100;Guaramiranga - CE;2022;2022;10143;Salário médio mensal em reais;Reais;1736.05
N6;Município;2305209;Hidrolândia - CE;2022;2022;10143;Salário médio mensal em reais;Reais;1921.85
N6;Município;2305233;Horizonte - CE;2022;2022;10143;Salário médio mensal em reais;Reais;1875.79
N6;Município;2305266;Ibaretama - CE;2022;2022;10143;Salário médio mensal em reais;Reais;2229.77
N6;Município;2305308;Ibiapina - CE;2022;2022;10143;Salário médio mensal em reais;Reais;2207.16
N6;Município;2305332;Ibicuitinga - CE;2022;2022;10143;Salário médio mensal em reais;Reais;1990.84
N6;Município;2305357;Icapuí - CE;2022;2022;10143;Salário médio mensal em reais;Reais;2227.64
N6;Município;2305407;Icó - CE;2022;2022;10143;Salário médio mensal em reais;Reais;1893.53
N6;Município;2305506;Iguatu - CE;2022;2022;10143;Salário médio mensal em reais;Reais;1927.93
N6;Município;2305605;Independência - CE;2022;2022;10143;Salário médio mensal em reais;Reais;2157.38
N6;Município;2305654;Ipaporanga - CE;2022;2022;10143;Salário médio mensal em reais;Reais;1532.72
N6;Município;2305704;Ipaumirim - CE;2022;2022;10143;Salário médio mensal em reais;Reais;1858.98
N6;Município;2305803;Ipu - CE;2022;2022;10143;Salário médio mensal em reais;Reais;1889.52
N6;Município;2305902;Ipueiras - CE;2022;2022;10143;Salário médio mensal em reais;Reais;2137.20
N6;Município;2306009;Iracema - CE;2022;2022;10143;Salário médio mensal em reais;Reais;2695.70
N6;Município;2306108;Irauçuba - CE;2022;2022;10143;Salário médio mensal em reais;Reais;2058.87
N6;Município;2306207;Itaiçaba - CE;2022;2022;10143;Salário médio mensal em reais;Reais;1785.31
N6;Município;2306256;Itaitinga - CE;2022;2022;10143;Salário médio mensal em reais;Reais;2649.97
N6;Município;2306306;Itapajé - CE;2022;2022;10143;Salário médio mensal em reais;Reais;1856.63
N6;Município;2306405;Itapipoca - CE;2022;2022;10143;Salário médio mensal em reais;Reais;2085.93
N6;Município;2306504;Itapiúna - CE;2022;2022;10143;Salário médio mensal em reais;Reais;2191.67
N6;Município;2306553;Itarema - CE;2022;2022;10143;Salário médio mensal em reais;Reais;2613.04
N6;Município;2306603;Itatira - CE;2022;2022;10143;Salário médio mensal em reais;Reais;1683.00
N6;Município;2306702;Jaguaretama - CE;2022;2022;10143;Salário médio mensal em reais;Reais;2094.96
N6;Município;2306801;Jaguaribara - CE;2022;2022;10143;Salário médio mensal em reais;Reais;2171.54
N6;Município;2306900;Jaguaribe - CE;2022;2022;10143;Salário médio mensal em reais;Reais;2473.71
N6;Município;2307007;Jaguaruana - CE;2022;2022;10143;Salário médio mensal em reais;Reais;1767.73
N6;Município;2307106;Jardim - CE;2022;2022;10143;Salário médio mensal em reais;Reais;2369.30
N6;Município;2307205;Jati - CE;2022;2022;10143;Salário médio mensal em reais;Reais;1958.13
N6;Município;2307254;Jijoca de Jericoacoara - CE;2022;2022;10143;Salário médio mensal em reais;Reais;1795.17
N6;Município;2307304;Juazeiro do Norte - CE;2022;2022;10143;Salário médio mensal em reais;Reais;2196.61
N6;Município;2307403;Jucás - CE;2022;2022;10143;Salário médio mensal em reais;Reais;2414.96
N6;Município;2307502;Lavras da Mangabeira - CE;2022;2022;10143;Salário médio mensal em reais;Reais;2279.65
N6;Município;2307601;Limoeiro do Norte - CE;2022;2022;10143;Salário médio mensal em reais;Reais;2111.93
N6;Município;2307635;Madalena - CE;2022;2022;10143;Salário médio mensal em reais;Reais;2183.44
N6;Município;2307650;Maracanaú - CE;2022;2022;10143;Salário médio mensal em reais;Reais;2651.87
N6;Município;2307700;Maranguape - CE;2022;2022;10143;Salário médio mensal em reais;Reais;2039.06
N6;Município;2307809;Marco - CE;2022;2022;10143;Salário médio mensal em reais;Reais;2043.93
N6;Município;2307908;Martinópole - CE;2022;2022;10143;Salário médio mensal em reais;Reais;1727.46
N6;Município;2308005;Massapê - CE;2022;2022;10143;Salário médio mensal em reais;Reais;1788.05
N6;Município;2308104;Mauriti - CE;2022;2022;10143;Salário médio mensal em reais;Reais;2119.44
N6;Município;2308203;Meruoca - CE;2022;2022;10143;Salário médio mensal em reais;Reais;2172.99
N6;Município;2308302;Milagres - CE;2022;2022;10143;Salário médio mensal em reais;Reais;2218.25
N6;Município;2308351;Milhã - CE;2022;2022;10143;Salário médio mensal em reais;Reais;2448.05
N6;Município;2308377;Miraíma - CE;2022;2022;10143;Salário médio mensal em reais;Reais;1200.74
N6;Município;2308401;Missão Velha - CE;2022;2022;10143;Salário médio mensal em reais;Reais;2152.27
N6;Município;2308500;Mombaça - CE;2022;2022;10143;Salário médio mensal em reais;Reais;2014.03
N6;Município;2308609;Monsenhor Tabosa - CE;2022;2022;10143;Salário médio mensal em reais;Reais;2138.07
N6;Município;2308708;Morada Nova - CE;2022;2022;10143;Salário médio mensal em reais;Reais;2002.44
N6;Município;2308807;Moraújo - CE;2022;2022;10143;Salário médio mensal em reais;Reais;1687.18
N6;Município;2308906;Morrinhos - CE;2022;2022;10143;Salário médio mensal em reais;Reais;1943.63
N6;Município;2309003;Mucambo - CE;2022;2022;10143;Salário médio mensal em reais;Reais;1448.11
N6;Município;2309102;Mulungu - CE;2022;2022;10143;Salário médio mensal em reais;Reais;1936.44
N6;Município;2309201;Nova Olinda - CE;2022;2022;10143;Salário médio mensal em reais;Reais;1921.58
N6;Município;2309300;Nova Russas - CE;2022;2022;10143;Salário médio mensal em reais;Reais;1945.92
N6;Município;2309409;Novo Oriente - CE;2022;2022;10143;Salário médio mensal em reais;Reais;2151.63
N6;Município;2309458;Ocara - CE;2022;2022;10143;Salário médio mensal em reais;Reais;2217.35
N6;Município;2309508;Orós - CE;2022;2022;10143;Salário médio mensal em reais;Reais;2231.29
N6;Município;2309607;Pacajus - CE;2022;2022;10143;Salário médio mensal em reais;Reais;2167.78
N6;Município;2309706;Pacatuba - CE;2022;2022;10143;Salário médio mensal em reais;Reais;2120.53
N6;Município;2309805;Pacoti - CE;2022;2022;10143;Salário médio mensal em reais;Reais;1995.56
N6;Município;2309904;Pacujá - CE;2022;2022;10143;Salário médio mensal em reais;Reais;1793.03
N6;Município;2310001;Palhano - CE;2022;2022;10143;Salário médio mensal em reais;Reais;2018.14
N6;Município;2310100;Palmácia - CE;2022;2022;10143;Salário médio mensal em reais;Reais;2080.41
N6;Município;2310209;Paracuru - CE;2022;2022;10143;Salário médio mensal em reais;Reais;2308.43
N6;Município;2310258;Paraipaba - CE;2022;2022;10143;Salário médio mensal em reais;Reais;2149.41
N6;Município;2310308;Parambu - CE;2022;2022;10143;Salário médio mensal em reais;Reais;1318.49
N6;Município;2310407;Paramoti - CE;2022;2022;10143;Salário médio mensal em reais;Reais;2047.52
N6;Município;2310506;Pedra Branca - CE;2022;2022;10143;Salário médio mensal em reais;Reais;1640.47
N6;Município;2310605;Penaforte - CE;2022;2022;10143;Salário médio mensal em reais;Reais;1926.09
N6;Município;2310704;Pentecoste - CE;2022;2022;10143;Salário médio mensal em reais;Reais;1940.47
N6;Município;2310803;Pereiro - CE;2022;2022;10143;Salário médio mensal em reais;Reais;1892.74
N6;Município;2310852;Pindoretama - CE;2022;2022;10143;Salário médio mensal em reais;Reais;1900.21
N6;Município;2310902;Piquet Carneiro - CE;2022;2022;10143;Salário médio mensal em reais;Reais;2113.32
N6;Município;2310951;Pires Ferreira - CE;2022;2022;10143;Salário médio mensal em reais;Reais;1490.19
N6;Município;2311009;Poranga - CE;2022;2022;10143;Salário médio mensal em reais;Reais;2378.20
N6;Município;2311108;Porteiras - CE;2022;2022;10143;Salário médio mensal em reais;Reais;2131.59
N6;Município;2311207;Potengi - CE;2022;2022;10143;Salário médio mensal em reais;Reais;2130.08
N6;Município;2311231;Potiretama - CE;2022;2022;10143;Salário médio mensal em reais;Reais;1796.37
N6;Município;2311264;Quiterianópolis - CE;2022;2022;10143;Salário médio mensal em reais;Reais;1821.19
N6;Município;2311306;Quixadá - CE;2022;2022;10143;Salário médio mensal em reais;Reais;2184.36
N6;Município;2311355;Quixelô - CE;2022;2022;10143;Salário médio mensal em reais;Reais;2085.18
N6;Município;2311405;Quixeramobim - CE;2022;2022;10143;Salário médio mensal em reais;Reais;1973.75
N6;Município;2311504;Quixeré - CE;2022;2022;10143;Salário médio mensal em reais;Reais;2580.79
N6;Município;2311603;Redenção - CE;2022;2022;10143;Salário médio mensal em reais;Reais;3866.41
N6;Município;2311702;Reriutaba - CE;2022;2022;10143;Salário médio mensal em reais;Reais;1872.60
N6;Município;2311801;Russas - CE;2022;2022;10143;Salário médio mensal em reais;Reais;1873.45
N6;Município;2311900;Saboeiro - CE;2022;2022;10143;Salário médio mensal em reais;Reais;1920.81
N6;Município;2311959;Salitre - CE;2022;2022;10143;Salário médio mensal em reais;Reais;1587.26
N6;Município;2312007;Santana do Acaraú - CE;2022;2022;10143;Salário médio mensal em reais;Reais;1973.84
N6;Município;2312106;Santana do Cariri - CE;2022;2022;10143;Salário médio mensal em reais;Reais;2208.87
N6;Município;2312205;Santa Quitéria - CE;2022;2022;10143;Salário médio mensal em reais;Reais;1918.52
N6;Município;2312304;São Benedito - CE;2022;2022;10143;Salário médio mensal em reais;Reais;2001.60
N6;Município;2312403;São Gonçalo do Amarante - CE;2022;2022;10143;Salário médio mensal em reais;Reais;4161.44
N6;Município;2312502;São João do Jaguaribe - CE;2022;2022;10143;Salário médio mensal em reais;Reais;1923.68
N6;Município;2312601;São Luís do Curu - CE;2022;2022;10143;Salário médio mensal em reais;Reais;2209.79
N6;Município;2312700;Senador Pompeu - CE;2022;2022;10143;Salário médio mensal em reais;Reais;1730.28
N6;Município;2312809;Senador Sá - CE;2022;2022;10143;Salário médio mensal em reais;Reais;1828.75
N6;Município;2312908;Sobral - CE;2022;2022;10143;Salário médio mensal em reais;Reais;2364.37
N6;Município;2313005;Solonópole - CE;2022;2022;10143;Salário médio mensal em reais;Reais;1522.12
N6;Município;2313104;Tabuleiro do Norte - CE;2022;2022;10143;Salário médio mensal em reais;Reais;1976.77
N6;Município;2313203;Tamboril - CE;2022;2022;10143;Salário médio mensal em reais;Reais;2593.89
N6;Município;2313252;Tarrafas - CE;2022;2022;10143;Salário médio mensal em reais;Reais;2100.42
N6;Município;2313302;Tauá - CE;2022;2022;10143;Salário médio mensal em reais;Reais;1996.05
N6;Município;2313351;Tejuçuoca - CE;2022;2022;10143;Salário médio mensal em reais;Reais;2006.04
N6;Município;2313401;Tianguá - CE;2022;2022;10143;Salário médio mensal em reais;Reais;2117.08
N6;Município;2313500;Trairi - CE;2022;2022;10143;Salário médio mensal em reais;Reais;2349.91
N6;Município;2313559;Tururu - CE;2022;2022;10143;Salário médio mensal em reais;Reais;2005.10
N6;Município;2313609;Ubajara - CE;2022;2022;10143;Salário médio mensal em reais;Reais;2357.92
N6;Município;2313708;Umari - CE;2022;2022;10143;Salário médio mensal em reais;Reais;1858.58
N6;Município;2313757;Umirim - CE;2022;2022;10143;Salário médio mensal em reais;Reais;2119.53
N6;Município;2313807;Uruburetama - CE;2022;2022;10143;Salário médio mensal em reais;Reais;1733.05
N6;Município;2313906;Uruoca - CE;2022;2022;10143;Salário médio mensal em reais;Reais;2252.89
N6;Município;2313955;Varjota - CE;2022;2022;10143;Salário médio mensal em reais;Reais;1670.14
N6;Município;2314003;Várzea Alegre - CE;2022;2022;10143;Salário médio mensal em reais;Reais;1990.99
N6;Município;2314102;Viçosa do Ceará - CE;2022;2022;10143;Salário médio mensal em reais;Reais;2092.28
